event.deviceEventClassId,regex.event.message,set.event.deviceEventClassId
CisACS_13_AdminAudit,Administration session started,Administration session started
CisACS_13_AdminAudit,Administration session finished,Administration session finished
CisACS_13_AdminAudit,Administrator .*? login failed.,Administrator login failed
CisACS_13_AdminAudit,Unknown Administrator .*? login failed.,Unknown Administrator login failed
CisACS_13_AdminAudit,.?User Setup.*,User Setup
CisACS_13_AdminAudit,Viewed .*,Viewed Configuration
CisACS_13_AdminAudit,Added.*,Added Configuration
CisACS_13_AdminAudit,Edited .*,Edited Configuration
CisACS_13_AdminAudit,Updated .*,Updated Configuration
