event.deviceFacility,set.event.deviceEventCategory
SYSM,System manage
DIAG,Diagnosis
DFWD,Driver forwarding
PORT,Port
DEVD,Device driver
DFBR,Device fabric
SMODE,System mode
DSTM,Driver stack topology management
DRIVER,Driver
LIF,Layer 2 interface
POS,POS
FDB,Forwarding database
VLAN,VLAN
L3,Layer 3
VLL,VLL
PBB,Provider backbone bridge
VPLS,VPLS
ADDR,IPv4 address management
ADDR6,IPv6 address management
ACL,Access Control List
ACFPC,Application Control Forwarding Protocol Client
ARP,Address Resolution Protocol
ASPF,Application Specific Packet Filter
BFD,Bidirectional Forwarding Detection
BGP,Border Gateway Protocol
BLS,Blacklist
CFD,Connectivity Fault Detection
CFGMAN,Configuration Management
CFM,Configuration File Management
CLST,Cluster
CLKM,Clock Management
CMD,Command
CSPF,Constraint Shortest Path First
DAR,Deeper Application Recognition
DEVM,Device Management
DHBK,Double Hot Backup
DHCPC,Dynamic Host Configuration Protocol Client
DHCPR,Dynamic Host Configuration Protocol Relay
DHCPRULE,Dynamic Host Configuration Protocol Rule
DHCPS,Dynamic Host Configuration Protocol Server
DHCPSP6,DHCPv6 Snooping
DLDP,Device Link Detection Protocol
DOT1X,DOT1X
DPATTACK,Data Plane Attack defense
DPBRIDGE,Data Plane Bridge
DPCNNLMT,Data Plane Connection limit
DPPBR,Data Plane Policy Based Route
DPPBR6,Data Plane Policy Based Route IPv6
DPURPF,Data Plane Unicast Reverse Path Forwarding
DPVFR,Data Plane Virtual Fragment Reassembly
ETHOAM,Ethernet Operation-Administration and Maintenance
FLT6,Filter of IPv6
FILTER,Filter of IPv4
FTP,Daemon  File Transfer Protocol Daemon
HA,High Availability
HOSTTRAF,Host traffic
IC,Information Center
IFNET,Interface Net Management
IKE,Internet Key Exchange
IPCIM,IP Client Information Management
IPSEC,IP Security
IPV6PP,Internet Protocol Version 6 Packet Process Management
ISIS,Intermediate System-to-Intermediate System
L2V,Layer 2 Virtual Private Network
L3VPN,Layer 3 Virtual Private Network
LAGG,Link Aggregation
LDP,Label Distribution Protocol
LICS,License
LLDP,Link Layer Discovery Protocol
LPDETECT,Loop Detect
LPDT,Loopback Detection
LS,Local Server
LSPM,LSP Management
LSPV,LSP Verification
LWPC,Light Weight Access Point Protocol client
LWPS,Light Weight Access Point Protocol server
MAC,Media Access Control
MAD,Multi-Active Detection
MD,Multicast domain
MEM,Memory Management
MFF,MAC-Forced Forwarding
MFW,MPLS Forwarding
MPLS,OAM  MPLS Operation Administration and Maintenance
MSDP,Multicast Source Discovery Protocol
MSTP,Multiple Spanning Tree Protocol
MTLK,Monitor Link
NAT,Network Address Translation
ND,Neighbor Discovery
NTP,Network Time Protocol
OPTMOD,Optical Module
OSPF,Open Shortest Path First
OSPFv3,Open Shortest Path First Version 3
PBR,Policy Based Route
PBR6,Policy Based Route IPv6
PIM,Protocol Independent Multicast
PKEY,Public Key
PKI,Public Key Infrastructure
PORTAL,PORTAL
PORTSEC,PORTSEC
PPPOEC,Point to Point Protocol Over Ethernet Client
PS,Protection Switch
QINQ,802.1Q IN 802.1Q
QOS,Quality of Service
RDS,RADIUS
RIP,Routing Information Protocol
RIPNG,Routing Information Protocol Next Generation
RM,Routing Management
RMON,Remote Monitor
RPR,Resilient Packet Ring
RRPP,Rapid Ring Protect Protocol
RSVP,Resource Reservation Protocol
SC,Service Control
SHELL,Shell
SLBG,Service Loopback Group
SMLK,Smart Link
SNMP,Simple Network Management Protocol
SOCKET,SOCKET
SSH,Secure Shell
STM,Stack Topology Management
SVPN,Virtual Private Network based on Security Socket Layer
TNLM,Tunnel Management
URPF,Unicast Reverse Path Forwarding
USERLOG,User Log
UTM,Unified Threat Management
VFR,Virtual Fragment Reassembly
VFS,Virtual File System
VRRP,Virtual Router Redundancy Protocol
WIDS,WLAN Intrusion Detection system
WMAC,WLAN MAC
WMESH,WLAN Mesh
WROAM,WLAN Roaming
WEBOPT,Web Operation
DHCPSNOOP,DHCP Snooping
FIBV4,IPv4 Forward Information Base
GARP,Generic Attribute Registration Protocol
HABP,HW Authentication Bypass Protocol
HTTPD,Hypertext Transfer Protocol
HTTPS,Secure HTTP
HWCM,H3C-CONFIG-MAN-MIB
IGMP,Internet Group Management Protocol
IPDBG,IP Debug
IPV6FIBC,IPv6 Forward Information Base Cache
L2TP,Layer 2 Tunnel Protocol
MCS,Multicast Snooping
MFIB,Multicast Forwarding Information Base
MLD,Multicast Listener Discovery Protocol
MRM,Multicast Routing Management
NATPT,Network Address Translation-Protocol Translation
NDP,Neighbor Discovery Protocol
NTDP,Neighbor Topology Discover Protocol
RMX,IPX Routing Management
TFTPC,Trivial File Transfer Protocol Client
TUNNEL,TUNNEL
UDPH,UDP Helper
VMIB,Voice MIB
VOS,Virtual Operation System
VRFFIB,Virtual Routing and Forwarding
Q921,Q921
8021X,8021X