event.deviceEventClassId,set.event.message
00,The log was started.
01,The log was stopped.
02,The log was temporarily paused due to low disk space.
10,A new IP address was leased to a client.
11,A lease was renewed by a client.
12,A lease was released by a client.
13,An IP address was found to be in use on the network.
14,A lease request could not be satisfied because the scope's address pool was exhausted.
15,A lease was denied.
16,A lease was deleted.
17,A lease was expired.
18,A lease was expired and DNS records were deleted.
20,A BOOTP address was leased to a client.
21,A dynamic BOOTP address was leased to a client.
22,A BOOTP request could not be satisfied because the scope's address pool for BOOTP was exhausted.
23,A BOOTP IP address was deleted after checking to see it was not in use.
24,IP address cleanup operation has began.
25,IP address cleanup statistics.
30,DNS update request to the named DNS server.
31,DNS update failed.
32,DNS update successful.
33,Packet dropped due to NAP policy.
34,DNS update request failed.as the DNS update request queue limit exceeded.
35,DNS update request failed.
36,Packet dropped because the server is in failover standby role or the hash of the client ID does not match.
50,Unreachable domain
51,Authorization succeeded
52,Upgraded to a Windows Server 2008 operating system
53,Cached Authorization
54,Authorization failed. When this event occurs it is likely followed by the server being stopped.
55,Authorization (servicing)
56,Authorization failure. Stopped servicing. You must first authorize the server in the directory before starting it again.
57,Server found in domain. Another DHCP server exists and is authorized for service in the same domain.
58,Server could not find domain
59,Network failure. A network-related failure prevented the server from determining if it is authorized.
60,No DC is DS Enabled
61,Server found that belongs to DS domain. Another DHCP server was found on the network that belongs to the Active Directory domain.
62,Another server found. Another DHCP server was found on the network.
63,Restarting rogue detection
64,No DHCP enabled interfaces
1103,Authorized(servicing)
11000,Solicit.
11001,Advertise.
11002,Request.
11003,Confirm.
11004,Renew.
11005,Rebind.
11006,Decline.
11007,Release.
11008,Information Request.
11009,Scope Full.
11010,Started.
11011,Stopped.
11012,Audit log paused.
11013,DHCP Log File.
11014,Bad Address.
11015,Address is already in use.
11016,Client deleted.
11017,DNS record not deleted.
11018,Expired.
11019,Expired and Deleted count.
11020,Database cleanup begin.
11021,Database cleanup end.
11022,DNS IPv6 Update Request.
11023,Service not authorized in AD.
11024,Service authorized in AD.
11025,Service has not determined if it authorized in AD.
11028,DNS IPv6 update request failed as the DNS update request queue limit exceeded.
11029,DNS IPv6 update request failed.
11030,DHCPv6 stateless client records purged.
11031,DHCPv6 stateless client record is purged as the purge interval has expired for this client record.
11032,DHCPV6 Information Request from IPV6 Stateless Client.
