event.deviceSeverity,set.event.message,set.event.name
0,The request completed successfully.,No error
1,The name server was unable to interpret the query.,Format error
2,The name server was unable to process this query due to a problem with the name server.,Server failure
3,"Meaningful only for responses from an authoritative name server, this code signifies that the domain name referenced in the query does not exist.",Name Error
4,The name server does not support the requested kind of query.,Not Implemented
5,"The name server refuses to perform the specified operation for policy reasons. For example, a name server may not wish to provide the information to the particular requester, or a name server may not wish to perform a particular operation (e.g., zone transfer) for particular data.",Refused
6,Name Exists when it should not.,YXDomain
7,RR Set Exists when it should not.,YXRRSet
8,RR Set that should exist does not.,NXRRSet
9,Server Not Authoritative for zone.,NotAuth
10,Name not contained in zone.,NotZone
16,Bad OPT Version-TSIG Signature Failure.,BADVERS-BADSIG
17,Key not recognized.,BADKEY
18,Signature out of time window.,BADTIME
19,Bad TKEY Mode.,BADMODE
20,Duplicate key name.,BADNAME
21,Algorithm not supported.,BADALG
22,Bad truncation.,BADTRUNC
