2628a46a-a6ad-4ae0-b854-2b12d9fe6f9e,account
7f561288-5301-11d1-a9c5-0000f80367c1,aCSPolicy
2e899b04-2834-11d3-91d4-0000f87a57d4,aCSResourceLimits
7f561289-5301-11d1-a9c5-0000f80367c1,aCSSubnet
3e74f60f-3e73-11d1-a9c0-0000f80367c1,addressBookContainer
5fd4250a-1262-11d0-a060-00aa006c33ed,addressTemplate
3fdfee4f-47f4-11d1-a9c3-0000f80367c1,applicationEntity
5fd4250b-1262-11d0-a060-00aa006c33ed,applicationProcess
f780acc1-56f0-11d1-a9c6-0000f80367c1,applicationSettings
19195a5c-6da0-11d0-afd3-00c04fd930c9,applicationSiteSettings
ddc790ac-af4d-442a-8f0f-a1d4caa7dd92,applicationVersion
bf967a80-0de6-11d0-a285-00aa003049e2,attributeSchema
4bcb2477-4bb3-4545-a9fc-fb66e136b435,bootableDevice
bf967a81-0de6-11d0-a285-00aa003049e2,builtinDomain
7d6c0e9d-7e20-11d0-afd6-00c04fd930c9,categoryRegistration
3fdfee50-47f4-11d1-a9c3-0000f80367c1,certificationAuthority
bf967a82-0de6-11d0-a285-00aa003049e2,classRegistration
bf967a83-0de6-11d0-a285-00aa003049e2,classSchema
bf967a84-0de6-11d0-a285-00aa003049e2,classStore
bf967a85-0de6-11d0-a285-00aa003049e2,comConnectionPoint
bf967a86-0de6-11d0-a285-00aa003049e2,computer
bf967a87-0de6-11d0-a285-00aa003049e2,configuration
5cb41ecf-0e4c-11d0-a286-00aa003049e2,connectionPoint
5cb41ed0-0e4c-11d0-a286-00aa003049e2,contact
bf967a8b-0de6-11d0-a285-00aa003049e2,container
8297931e-86d3-11d0-afda-00c04fd930c9,controlAccessRight
bf967a8c-0de6-11d0-a285-00aa003049e2,country
167758ca-47f3-11d1-a9c3-0000f80367c1,cRLDistributionPoint
bf967a8d-0de6-11d0-a285-00aa003049e2,crossRef
ef9e60e0-56f7-11d1-a9c6-0000f80367c1,crossRefContainer
bf967a8e-0de6-11d0-a285-00aa003049e2,device
8447f9f2-1027-11d0-a05f-00aa006c33ed,dfsConfiguration
963d2756-48be-11d1-a9c3-0000f80367c1,dHCPClass
e0fa1e8a-9b45-11d0-afdd-00c04fd930c9,displaySpecifier
5fd4250c-1262-11d0-a060-00aa006c33ed,displayTemplate
bf967a8f-0de6-11d0-a285-00aa003049e2,dMD
e0fa1e8c-9b45-11d0-afdd-00c04fd930c9,dnsNode
e0fa1e8b-9b45-11d0-afdd-00c04fd930c9,dnsZone
39bad96d-c2d6-4baf-88ab-7e4207600117,document
7a2be07c-302f-4b96-bc90-0795d66885f8,documentSeries
19195a5a-6da0-11d0-afd3-00c04fd930c9,domain
19195a5b-6da0-11d0-afd3-00c04fd930c9,domainDNS
bf967a99-0de6-11d0-a285-00aa003049e2,domainPolicy
8bfd2d3d-efda-4549-852c-f85e137aedc6,domainRelatedObject
3fdfee52-47f4-11d1-a9c3-0000f80367c1,dSA
09b10f14-6f93-11d2-9905-0000f87a57d4,dSUISettings
66d51249-3355-4c1f-b24e-81f252aca23b,dynamicObject
dd712229-10e4-11d0-a05f-00aa006c33ed,fileLinkTracking
8e4eb2ed-4712-11d0-a1a0-00c04fd930c9,fileLinkTrackingEntry
89e31c12-8530-11d0-afda-00c04fd930c9,foreignSecurityPrincipal
c498f152-dc6b-474a-9f52-7cdba3d7d351,friendlyCountry
8447f9f3-1027-11d0-a05f-00aa006c33ed,fTDfs
bf967a9c-0de6-11d0-a285-00aa003049e2,group
bf967a9d-0de6-11d0-a285-00aa003049e2,groupOfNames
0310a911-93a3-4e21-a7a3-55d85ab2c48b,groupOfUniqueNames
f30e3bc2-9ff0-11d1-b603-0000f80367c1,groupPolicyContainer
a699e529-a637-4b7d-a0fb-5dc466a0b8a7,ieee802Device
7bfdcb8a-4807-11d1-a9c3-0000f80367c1,indexServerCatalog
4828cc14-1437-45bc-9b07-ad6f015e5f28,inetOrgPerson
2df90d89-009f-11d2-aa4c-00c04fd7d83a,infrastructureUpdate
07383086-91df-11d1-aebc-0000f80367c1,intellimirrorGroup
07383085-91df-11d1-aebc-0000f80367c1,intellimirrorSCP
26d97376-6070-11d1-a9c6-0000f80367c1,interSiteTransport
26d97375-6070-11d1-a9c6-0000f80367c1,interSiteTransportContainer
ab911646-8827-4f95-8780-5a8f008eb68f,ipHost
d95836c3-143e-43fb-992a-b057f1ecadf9,ipNetwork
9c2dcbd2-fbf0-4dc7-ace0-8356dcd0f013,ipProtocol
b40ff825-427a-11d1-a9c2-0000f80367c1,ipsecBase
b40ff826-427a-11d1-a9c2-0000f80367c1,ipsecFilter
b40ff828-427a-11d1-a9c2-0000f80367c1,ipsecISAKMPPolicy
b40ff827-427a-11d1-a9c2-0000f80367c1,ipsecNegotiationPolicy
b40ff829-427a-11d1-a9c2-0000f80367c1,ipsecNFA
b7b13121-b82e-11d0-afee-0000f80367c1,ipsecPolicy
2517fadf-fa97-48ad-9de6-79ac5721f864,ipService
bf967a9e-0de6-11d0-a285-00aa003049e2,leaf
1be8f17d-a9ff-11d0-afe2-00c04fd930c9,licensingSiteSettings
ddac0cf5-af8f-11d0-afeb-00c04fd930c9,linkTrackObjectMoveTable
ddac0cf7-af8f-11d0-afeb-00c04fd930c9,linkTrackOMTEntry
ddac0cf6-af8f-11d0-afeb-00c04fd930c9,linkTrackVolEntry
ddac0cf4-af8f-11d0-afeb-00c04fd930c9,linkTrackVolumeTable
bf967aa0-0de6-11d0-a285-00aa003049e2,locality
52ab8671-5709-11d1-a9c6-0000f80367c1,lostAndFound
bf967aa1-0de6-11d0-a285-00aa003049e2,mailRecipient
11b6cc94-48c4-11d1-a9c3-0000f80367c1,meeting
c9010e74-4e58-49f7-8a89-5e3e2340fcf8,msCOM-Partition
250464ab-c417-497a-975a-9e0d459a7ca1,msCOM-PartitionSet
e58f972e-64b5-46ef-8d8b-bbc3e1897eab,msDFSR-Connection
64759b35-d3a1-42e4-b5f1-a3de162109b3,msDFSR-Content
4937f40d-a6dc-4d48-97ca-06e5fbfd3f16,msDFSR-ContentSet
7b35dbad-b3ec-486a-aad4-2fec9d6ea6f6,msDFSR-GlobalSettings
fa85c591-197f-477e-83bd-ea5a43df2239,msDFSR-LocalSettings
4229c897-c211-437c-a5ae-dbf705b696e5,msDFSR-Member
1c332fe0-0c2a-4f32-afca-23c5e45a9e77,msDFSR-ReplicationGroup
e11505d7-92c4-43e7-bf5c-295832ffc896,msDFSR-Subscriber
67212414-7bcc-4609-87e0-088dad8abdee,msDFSR-Subscription
04828aa9-6e42-4e80-b962-e2fe00754d17,msDFSR-Topology
90df3c3e-1854-4455-a5d7-cad40d56657a,msDS-App-Configuration
9e67d761-e327-4d55-bc95-682f875e2f8e,msDS-AppData
cfee1051-5f28-4bae-a863-5d0cc18a8ed1,msDS-AzAdminManager
ddf8de9b-cba5-4e12-842e-28d8b66f75ec,msDS-AzApplication
860abe37-9a9b-4fa4-b3d2-b8ace5df9ec5,msDS-AzOperation
8213eac9-9d55-44dc-925c-e9a52b927644,msDS-AzRole
4feae054-ce55-47bb-860e-5b12063a51de,msDS-AzScope
1ed3a473-9b1b-418a-bfa0-3a37b95a5306,msDS-AzTask
89f4a69f-4416-6b49-821d-6e3c4a0ff802,msDS-BindableObject
717532ab-66e9-684d-a62b-8af1e3985e2f,msDS-BindProxy
da83fc4f-076f-4aea-b4dc-8f4dab9b5993,msDS-QuotaContainer
de91fc26-bd02-4b52-ae26-795999e96fc7,msDS-QuotaControl
d33f5da6-b009-7e48-8268-b2305529e933,msDS-ServiceConnectionPointPublicationService
d03d6858-06f4-11d2-aa53-00c04fd7d83a,msExchConfigurationContainer
ea715d30-8f53-40d0-bd1e-6109186d782c,msFVE-RecoveryInformation
7b9a2d92-b7eb-4382-9772-c3e0f9baaf94,msieee80211-Policy
9a0dc344-c100-11d1-bbc5-0080c76670c0,mSMQConfiguration
876d6817-35cc-436c-acea-5ef7174dd9be,msMQ-Custom-Recipient
9a0dc345-c100-11d1-bbc5-0080c76670c0,mSMQEnterpriseSettings
46b27aac-aafa-4ffb-b773-e5bf621ee87b,msMQ-Group
50776997-3c3d-11d2-90cc-00c04fd91ab1,mSMQMigratedUser
9a0dc343-c100-11d1-bbc5-0080c76670c0,mSMQQueue
9a0dc347-c100-11d1-bbc5-0080c76670c0,mSMQSettings
9a0dc346-c100-11d1-bbc5-0080c76670c0,mSMQSiteLink
1cb81863-b822-4379-9ea2-5ff7bdc6386d,ms-net-ieee-80211-GroupPolicy
99a03a6a-ab19-4446-9350-0cb878ed2d9b,ms-net-ieee-8023-GroupPolicy
37cfd85c-6719-4ad8-8f9e-8678ba627563,msPKI-Enterprise-Oid
26ccf238-a08e-4b86-9a82-a8c9ac7ee5cb,msPKI-Key-Recovery-Agent
1562a632-44b9-4a7e-a2d3-e426c96a3acc,msPKI-PrivateKeyRecoveryAgent
a16f33c7-7fd6-4828-9364-435138fda08d,msPrint-ConnectionPolicy
36297dce-656b-4423-ab65-dabb2770819e,msSFU30DomainInfo
d6710785-86ff-44b7-85b5-f1f8689522ce,msSFU30MailAliases
e263192c-2a02-48df-9792-94f2328781a0,msSFU30NetId
e15334a3-0bf0-4427-b672-11f5d84acc92,msSFU30NetworkUser
faf733d0-f8eb-4dcf-8d75-f1753af6a50b,msSFU30NISMapConfig
09f0506a-cd28-11d2-9993-0000f87a57d4,mS-SQL-OLAPCube
20af031a-ccef-11d2-9993-0000f87a57d4,mS-SQL-OLAPDatabase
0c7e18ea-ccef-11d2-9993-0000f87a57d4,mS-SQL-OLAPServer
1d08694a-ccef-11d2-9993-0000f87a57d4,mS-SQL-SQLDatabase
17c2f64e-ccef-11d2-9993-0000f87a57d4,mS-SQL-SQLPublication
11d43c5c-ccef-11d2-9993-0000f87a57d4,mS-SQL-SQLRepository
05f6c878-ccef-11d2-9993-0000f87a57d4,mS-SQL-SQLServer
ca7b9735-4b2a-4e49-89c3-99025334dc94,msTAPI-RtConference
53ea1cb5-b704-4df9-818f-5cb4ec86cac1,msTAPI-RtPerson
50ca5d7d-5c8b-4ef3-b9df-5b66d491e526,msWMI-IntRangeParam
292f0d9a-cf76-42b0-841f-b650f331df62,msWMI-IntSetParam
07502414-fdca-4851-b04a-13645b11d226,msWMI-MergeablePolicyTemplate
55dd81c9-c312-41f9-a84d-c6adbdf1e8e1,msWMI-ObjectEncoding
e2bc80f1-244a-4d59-acc6-ca5c4f82e6e1,msWMI-PolicyTemplate
595b2613-4109-4e77-9013-a3bb4ef277c7,msWMI-PolicyType
45fb5a57-5018-4d0f-9056-997c8c9122d9,msWMI-RangeParam
6afe8fe2-70bc-4cce-b166-a96f7359c514,msWMI-RealRangeParam
3c7e6f83-dd0e-481b-a0c2-74cd96ef2a66,msWMI-Rule
f1e44bdf-8dd3-4235-9c86-f91f31f5b569,msWMI-ShadowObject
6cc8b2b5-12df-44f6-8307-e74f5cdee369,msWMI-SimplePolicyTemplate
ab857078-0142-4406-945b-34c9b6b13372,msWMI-Som
0bc579a2-1da7-4cea-b699-807f3b9d63a4,msWMI-StringSetParam
d9a799b2-cef3-48b3-b5ad-fb85f8dd3214,msWMI-UintRangeParam
8f4beb31-4e19-46f5-932e-5fa03c339b1d,msWMI-UintSetParam
b82ac26b-c6db-4098-92c6-49c18a3336e1,msWMI-UnknownRangeParam
05630000-3927-4ede-bf27-ca91f275c26f,msWMI-WMIGPO
7672666c-02c1-4f33-9ecf-f649c1dd9b7c,nisMap
72efbf84-6e7b-4a5c-a8db-8a75a7cad254,nisNetgroup
904f8a93-4954-4c5f-b1e1-53c097a31e13,nisObject
19195a60-6da0-11d0-afd3-00c04fd930c9,nTDSConnection
f0f8ffab-1191-11d0-a060-00aa006c33ed,nTDSDSA
85d16ec1-0791-4bc8-8ab3-70980602ff8c,nTDSDSARO
19195a5f-6da0-11d0-afd3-00c04fd930c9,nTDSService
19195a5d-6da0-11d0-afd3-00c04fd930c9,nTDSSiteSettings
2a132586-9373-11d1-aebc-0000f80367c1,nTFRSMember
5245803a-ca6a-11d0-afff-0000f80367c1,nTFRSReplicaSet
f780acc2-56f0-11d1-a9c6-0000f80367c1,nTFRSSettings
2a132588-9373-11d1-aebc-0000f80367c1,nTFRSSubscriber
2a132587-9373-11d1-aebc-0000f80367c1,nTFRSSubscriptions
cadd1e5e-fefc-4f3f-b5a9-70e994204303,oncRpc
bf967aa3-0de6-11d0-a285-00aa003049e2,organization
bf967aa4-0de6-11d0-a285-00aa003049e2,organizationalPerson
a8df74bf-c5ea-11d1-bbcb-0080c76670c0,organizationalRole
bf967aa5-0de6-11d0-a285-00aa003049e2,organizationalUnit
bf967aa6-0de6-11d0-a285-00aa003049e2,packageRegistration
bf967aa7-0de6-11d0-a285-00aa003049e2,person
b7b13122-b82e-11d0-afee-0000f80367c1,physicalLocation
e5209ca2-3bba-11d2-90cc-00c04fd91ab1,pKICertificateTemplate
ee4aa692-3bba-11d2-90cc-00c04fd91ab1,pKIEnrollmentService
ad44bb41-67d5-4d88-b575-7b20674e76d8,posixAccount
2a9350b8-062c-4ed0-9903-dde10d06deba,posixGroup
bf967aa8-0de6-11d0-a285-00aa003049e2,printQueue
83cc7075-cca7-11d0-afff-0000f80367c1,queryPolicy
bf967aa9-0de6-11d0-a285-00aa003049e2,remoteMailRecipient
2a39c5bd-8960-11d1-aebc-0000f80367c1,remoteStorageServicePoint
a8df74d6-c5ea-11d1-bbcb-0080c76670c0,residentialPerson
b93e3a78-cbae-485e-a07b-5ef4ae505686,rFC822LocalPart
6617188d-8f3c-11d0-afda-00c04fd930c9,rIDManager
7bfdcb89-4807-11d1-a9c3-0000f80367c1,rIDSet
7860e5d2-c8b0-4cbb-bd45-d9455beb9206,room
80212842-4bdc-11d1-a9c4-0000f80367c1,rpcContainer
bf967aac-0de6-11d0-a285-00aa003049e2,rpcEntry
88611bdf-8cf4-11d0-afda-00c04fd930c9,rpcGroup
88611be1-8cf4-11d0-afda-00c04fd930c9,rpcProfile
f29653cf-7ad0-11d0-afd6-00c04fd930c9,rpcProfileElement
88611be0-8cf4-11d0-afda-00c04fd930c9,rpcServer
f29653d0-7ad0-11d0-afd6-00c04fd930c9,rpcServerElement
2a39c5be-8960-11d1-aebc-0000f80367c1,rRASAdministrationConnectionPoint
f39b98ae-938d-11d1-aebd-0000f80367c1,rRASAdministrationDictionary
bf967a90-0de6-11d0-a285-00aa003049e2,samDomain
bf967a91-0de6-11d0-a285-00aa003049e2,samDomainBase
bf967aad-0de6-11d0-a285-00aa003049e2,samServer
bf967aae-0de6-11d0-a285-00aa003049e2,secret
bf967aaf-0de6-11d0-a285-00aa003049e2,securityObject
bf967ab0-0de6-11d0-a285-00aa003049e2,securityPrincipal
bf967a92-0de6-11d0-a285-00aa003049e2,server
f780acc0-56f0-11d1-a9c6-0000f80367c1,serversContainer
b7b13123-b82e-11d0-afee-0000f80367c1,serviceAdministrationPoint
bf967ab1-0de6-11d0-a285-00aa003049e2,serviceClass
28630ec1-41d5-11d1-a9c1-0000f80367c1,serviceConnectionPoint
bf967ab2-0de6-11d0-a285-00aa003049e2,serviceInstance
5b6d8467-1a18-4174-b350-9cc6e7b4ac8d,shadowAccount
5fe69b0b-e146-4f15-b0ab-c1e5d488e094,simpleSecurityObject
bf967ab3-0de6-11d0-a285-00aa003049e2,site
d50c2cde-8951-11d1-aebc-0000f80367c1,siteLink
d50c2cdf-8951-11d1-aebc-0000f80367c1,siteLinkBridge
7a4117da-cd67-11d0-afff-0000f80367c1,sitesContainer
bf967ab5-0de6-11d0-a285-00aa003049e2,storage
b7b13124-b82e-11d0-afee-0000f80367c1,subnet
b7b13125-b82e-11d0-afee-0000f80367c1,subnetContainer
5a8b3261-c38d-11d1-bbc9-0080c76670c0,subSchema
bf967ab7-0de6-11d0-a285-00aa003049e2,top
bf967ab8-0de6-11d0-a285-00aa003049e2,trustedDomain
281416e2-1968-11d0-a28f-00aa003049e2,typeLibrary
bf967aba-0de6-11d0-a285-00aa003049e2,user
bf967abb-0de6-11d0-a285-00aa003049e2,volume
Active Directory Attributes System_Id_Guid Ldap_Display_Name ,
bf967915-0de6-11d0-a285-00aa003049e2,accountExpires
031952ec-3b72-11d2-90cc-00c04fd91ab1,accountNameHistory
7f56127d-5301-11d1-a9c5-0000f80367c1,aCSAggregateTokenRatePerUser
7f561283-5301-11d1-a9c5-0000f80367c1,aCSAllocableRSVPBandwidth
1cb355a1-56d0-11d1-a9c6-0000f80367c1,aCSCacheTimeout
7f56127a-5301-11d1-a9c5-0000f80367c1,aCSDirection
1cb355a0-56d0-11d1-a9c6-0000f80367c1,aCSDSBMDeadTime
1cb3559e-56d0-11d1-a9c6-0000f80367c1,aCSDSBMPriority
1cb3559f-56d0-11d1-a9c6-0000f80367c1,aCSDSBMRefresh
7f561287-5301-11d1-a9c5-0000f80367c1,aCSEnableACSService
f072230e-aef5-11d1-bdcf-0000f80367c1,aCSEnableRSVPAccounting
7f561285-5301-11d1-a9c5-0000f80367c1,aCSEnableRSVPMessageLogging
7f561286-5301-11d1-a9c5-0000f80367c1,aCSEventLogLevel
dab029b6-ddf7-11d1-90a5-00c04fd91ab1,aCSIdentityName
f072230c-aef5-11d1-bdcf-0000f80367c1,aCSMaxAggregatePeakRatePerUser
7f56127e-5301-11d1-a9c5-0000f80367c1,aCSMaxDurationPerFlow
87a2d8f9-3b90-11d2-90cc-00c04fd91ab1,aCSMaximumSDUSize
f0722310-aef5-11d1-bdcf-0000f80367c1,aCSMaxNoOfAccountFiles
1cb3559c-56d0-11d1-a9c6-0000f80367c1,aCSMaxNoOfLogFiles
7f561284-5301-11d1-a9c5-0000f80367c1,aCSMaxPeakBandwidth
7f56127c-5301-11d1-a9c5-0000f80367c1,aCSMaxPeakBandwidthPerFlow
f0722311-aef5-11d1-bdcf-0000f80367c1,aCSMaxSizeOfRSVPAccountFile
1cb3559d-56d0-11d1-a9c6-0000f80367c1,aCSMaxSizeOfRSVPLogFile
81f6e0df-3b90-11d2-90cc-00c04fd91ab1,aCSMaxTokenBucketPerFlow
7f56127b-5301-11d1-a9c5-0000f80367c1,aCSMaxTokenRatePerFlow
9c65329b-3b90-11d2-90cc-00c04fd91ab1,aCSMinimumDelayVariation
9517fefb-3b90-11d2-90cc-00c04fd91ab1,aCSMinimumLatency
8d0e7195-3b90-11d2-90cc-00c04fd91ab1,aCSMinimumPolicedSize
aec2cfe3-3b90-11d2-90cc-00c04fd91ab1,aCSNonReservedMaxSDUSize
b6873917-3b90-11d2-90cc-00c04fd91ab1,aCSNonReservedMinPolicedSize
a331a73f-3b90-11d2-90cc-00c04fd91ab1,aCSNonReservedPeakRate
a916d7c9-3b90-11d2-90cc-00c04fd91ab1,aCSNonReservedTokenSize
1cb355a2-56d0-11d1-a9c6-0000f80367c1,aCSNonReservedTxLimit
f072230d-aef5-11d1-bdcf-0000f80367c1,aCSNonReservedTxSize
7f561282-5301-11d1-a9c5-0000f80367c1,aCSPermissionBits
1cb3559a-56d0-11d1-a9c6-0000f80367c1,aCSPolicyName
7f561281-5301-11d1-a9c5-0000f80367c1,aCSPriority
f072230f-aef5-11d1-bdcf-0000f80367c1,aCSRSVPAccountFilesLocation
1cb3559b-56d0-11d1-a9c6-0000f80367c1,aCSRSVPLogFilesLocation
7cbd59a5-3b90-11d2-90cc-00c04fd91ab1,aCSServerList
7f56127f-5301-11d1-a9c5-0000f80367c1,aCSServiceType
7f561279-5301-11d1-a9c5-0000f80367c1,aCSTimeOfDay
7f561280-5301-11d1-a9c5-0000f80367c1,aCSTotalNoOfFlows
6d05fb41-246b-11d0-a9c8-00aa006c33ed,notes
032160be-9824-11d1-aec0-0000f80367c1,additionalTrustedServiceNames
f0f8ff84-1191-11d0-a060-00aa006c33ed,streetAddress
f70b6e48-06f4-11d2-aa53-00c04fd7d83a,addressBookRoots
5fd42461-1262-11d0-a060-00aa006c33ed,addressEntryDisplayTable
5fd42462-1262-11d0-a060-00aa006c33ed,addressEntryDisplayTableMSDOS
16775781-47f3-11d1-a9c3-0000f80367c1,homePostalAddress
5fd42463-1262-11d0-a060-00aa006c33ed,addressSyntax
5fd42464-1262-11d0-a060-00aa006c33ed,addressType
553fd038-f32e-11d0-b0bc-00c04fd8dca6,adminContextMenu
bf967918-0de6-11d0-a285-00aa003049e2,adminCount
bf967919-0de6-11d0-a285-00aa003049e2,adminDescription
bf96791a-0de6-11d0-a285-00aa003049e2,adminDisplayName
18f9b67d-5ac6-4b3b-97db-d0a406afb7ba,adminMultiselectPropertyPages
52458038-ca6a-11d0-afff-0000f80367c1,adminPropertyPages
9a7ad940-ca53-11d1-bbd0-0080c76670c0,allowedAttributes
9a7ad941-ca53-11d1-bbd0-0080c76670c0,allowedAttributesEffective
9a7ad942-ca53-11d1-bbd0-0080c76670c0,allowedChildClasses
9a7ad943-ca53-11d1-bbd0-0080c76670c0,allowedChildClassesEffective
00fbf30c-91fe-11d1-aebc-0000f80367c1,altSecurityIdentities
45b01500-c419-11d1-bbc9-0080c76670c0,aNR
dd712226-10e4-11d0-a05f-00aa006c33ed,applicationName
8297931d-86d3-11d0-afda-00c04fd930c9,appliesTo
96a7dd65-9118-11d1-aebc-0000f80367c1,appSchemaVersion
ba305f75-47e3-11d0-a1a6-00c04fd930c9,assetNumber
0296c11c-40da-11d1-a9c0-0000f80367c1,assistant
3320fc38-c379-4c17-a510-1bdf6133c5da,associatedDomain
f7fbfc45-85ab-42a4-a435-780e62f7858b,associatedName
398f63c0-ca60-11d1-bbd1-0000f81f10c0,assocNTAccount
fa4693bb-7bc2-4cb9-81a8-c99c43b7905e,attributeCertificateAttribute
cb843f80-48d9-11d1-a9c3-0000f80367c1,attributeDisplayNames
bf967922-0de6-11d0-a285-00aa003049e2,attributeID
bf967924-0de6-11d0-a285-00aa003049e2,attributeSecurityGUID
bf967925-0de6-11d0-a285-00aa003049e2,attributeSyntax
9a7ad944-ca53-11d1-bbd0-0080c76670c0,attributeTypes
d0e1d224-e1a0-42ce-a2da-793ba5244f35,audio
6da8a4fe-0e52-11d0-a286-00aa003049e2,auditingPolicy
bf967928-0de6-11d0-a285-00aa003049e2,authenticationOptions
1677578d-47f3-11d1-a9c3-0000f80367c1,authorityRevocationList
bf96792c-0de6-11d0-a285-00aa003049e2,auxiliaryClass
bf96792d-0de6-11d0-a285-00aa003049e2,badPasswordTime
bf96792e-0de6-11d0-a285-00aa003049e2,badPwdCount
1f0075f9-7e40-11d0-afd6-00c04fd930c9,birthLocation
e3f3cb4e-0f20-42eb-9703-d2ff26e52667,bootFile
d72a0750-8c7c-416e-8714-e65f11e908be,bootParameter
d50c2cdb-8951-11d1-aebc-0000f80367c1,bridgeheadServerListBL
d50c2cda-8951-11d1-aebc-0000f80367c1,bridgeheadTransportList
f87fa54b-b2c5-4fd7-88c0-daccb21d93c5,buildingName
bf96792f-0de6-11d0-a285-00aa003049e2,builtinCreationTime
bf967930-0de6-11d0-a285-00aa003049e2,builtinModifiedCount
bf967931-0de6-11d0-a285-00aa003049e2,businessCategory
ba305f76-47e3-11d0-a1a6-00c04fd930c9,bytesPerMinute
bf967932-0de6-11d0-a285-00aa003049e2,cACertificate
963d2740-48be-11d1-a9c3-0000f80367c1,cACertificateDN
963d2735-48be-11d1-a9c3-0000f80367c1,cAConnect
9a7ad945-ca53-11d1-bbd0-0080c76670c0,canonicalName
d9e18314-8939-11d1-aebc-0000f80367c1,canUpgradeScript
d4159c92-957d-4a87-8a67-8d2934e01649,carLicense
7bfdcb81-4807-11d1-a9c3-0000f80367c1,catalogs
7bfdcb7e-4807-11d1-a9c3-0000f80367c1,categories
7d6c0e94-7e20-11d0-afd6-00c04fd930c9,categoryId
963d2738-48be-11d1-a9c3-0000f80367c1,cAUsages
963d2736-48be-11d1-a9c3-0000f80367c1,cAWEBURL
963d2732-48be-11d1-a9c3-0000f80367c1,certificateAuthorityObject
1677579f-47f3-11d1-a9c3-0000f80367c1,certificateRevocationList
2a39c5b1-8960-11d1-aebc-0000f80367c1,certificateTemplates
548e1c22-dea6-11d0-b010-0000f80367c1,classDisplayName
bf967938-0de6-11d0-a285-00aa003049e2,codePage
bf96793b-0de6-11d0-a285-00aa003049e2,cOMClassID
281416d9-1968-11d0-a28f-00aa003049e2,cOMCLSID
bf96793c-0de6-11d0-a285-00aa003049e2,cOMInterfaceID
bf96793e-0de6-11d0-a285-00aa003049e2,info
bf96793f-0de6-11d0-a285-00aa003049e2,cn
281416dd-1968-11d0-a28f-00aa003049e2,cOMOtherProgId
f0f8ff88-1191-11d0-a060-00aa006c33ed,company
bf96793d-0de6-11d0-a285-00aa003049e2,cOMProgID
281416db-1968-11d0-a28f-00aa003049e2,cOMTreatAsClassId
281416de-1968-11d0-a28f-00aa003049e2,cOMTypelibId
281416da-1968-11d0-a28f-00aa003049e2,cOMUniqueLIBID
bf967943-0de6-11d0-a285-00aa003049e2,contentIndexingAllowed
4d8601ee-ac85-11d0-afe3-00c04fd930c9,contextMenu
6da8a4fc-0e52-11d0-a286-00aa003049e2,controlAccessRights
bf967944-0de6-11d0-a285-00aa003049e2,cost
5fd42471-1262-11d0-a060-00aa006c33ed,countryCode
bf967945-0de6-11d0-a285-00aa003049e2,c
2b09958a-8931-11d1-aebc-0000f80367c1,createDialog
2df90d73-009f-11d2-aa4c-00c04fd7d83a,createTimeStamp
2b09958b-8931-11d1-aebc-0000f80367c1,createWizardExt
bf967946-0de6-11d0-a285-00aa003049e2,creationTime
4d8601ed-ac85-11d0-afe3-00c04fd930c9,creationWizard
7bfdcb85-4807-11d1-a9c3-0000f80367c1,creator
963d2737-48be-11d1-a9c3-0000f80367c1,cRLObject
963d2731-48be-11d1-a9c3-0000f80367c1,cRLPartitionedRevocationList
167757b2-47f3-11d1-a9c3-0000f80367c1,crossCertificatePair
1f0075fc-7e40-11d0-afd6-00c04fd930c9,currentLocation
963d273f-48be-11d1-a9c3-0000f80367c1,currentParentCA
bf967947-0de6-11d0-a285-00aa003049e2,currentValue
1f0075fe-7e40-11d0-afd6-00c04fd930c9,currMachineId
bf96799c-0de6-11d0-a285-00aa003049e2,dBCSPwd
bf967948-0de6-11d0-a285-00aa003049e2,defaultClassStore
720bc4e2-a54a-11d0-afdf-00c04fd930c9,defaultGroup
b7b13116-b82e-11d0-afee-0000f80367c1,defaultHidingValue
bf96799f-0de6-11d0-a285-00aa003049e2,defaultLocalPolicyObject
26d97367-6070-11d1-a9c6-0000f80367c1,defaultObjectCategory
281416c8-1968-11d0-a28f-00aa003049e2,defaultPriority
807a6d30-1669-11d0-a064-00aa006c33ed,defaultSecurityDescriptor
167757b5-47f3-11d1-a9c3-0000f80367c1,deltaRevocationList
bf96794f-0de6-11d0-a285-00aa003049e2,department
be9ef6ee-cbc7-4f22-b27b-96967e7ee585,departmentNumber
bf967950-0de6-11d0-a285-00aa003049e2,description
eea65906-8ac6-11d0-afda-00c04fd930c9,desktopProfile
bf967951-0de6-11d0-a285-00aa003049e2,destinationIndicator
963d2750-48be-11d1-a9c3-0000f80367c1,dhcpClasses
963d2741-48be-11d1-a9c3-0000f80367c1,dhcpFlags
963d2742-48be-11d1-a9c3-0000f80367c1,dhcpIdentification
963d2747-48be-11d1-a9c3-0000f80367c1,dhcpMask
963d2754-48be-11d1-a9c3-0000f80367c1,dhcpMaxKey
963d2744-48be-11d1-a9c3-0000f80367c1,dhcpObjDescription
963d2743-48be-11d1-a9c3-0000f80367c1,dhcpObjName
963d274f-48be-11d1-a9c3-0000f80367c1,dhcpOptions
963d2753-48be-11d1-a9c3-0000f80367c1,dhcpProperties
963d2748-48be-11d1-a9c3-0000f80367c1,dhcpRanges
963d274a-48be-11d1-a9c3-0000f80367c1,dhcpReservations
963d2745-48be-11d1-a9c3-0000f80367c1,dhcpServers
963d2749-48be-11d1-a9c3-0000f80367c1,dhcpSites
963d2752-48be-11d1-a9c3-0000f80367c1,dhcpState
963d2746-48be-11d1-a9c3-0000f80367c1,dhcpSubnets
963d273b-48be-11d1-a9c3-0000f80367c1,dhcpType
963d273a-48be-11d1-a9c3-0000f80367c1,dhcpUniqueKey
963d2755-48be-11d1-a9c3-0000f80367c1,dhcpUpdateTime
bf967953-0de6-11d0-a285-00aa003049e2,displayName
bf967954-0de6-11d0-a285-00aa003049e2,displayNamePrintable
9a7ad946-ca53-11d1-bbd0-0080c76670c0,dITContentRules
fe6136a0-2073-11d0-a9c2-00aa006c33ed,division
f0f8ff8b-1191-11d0-a060-00aa006c33ed,dMDLocation
167757b9-47f3-11d1-a9c3-0000f80367c1,dmdName
2df90d86-009f-11d2-aa4c-00c04fd7d83a,dNReferenceUpdate
e0fa1e65-9b45-11d0-afdd-00c04fd930c9,dnsAllowDynamic
e0fa1e66-9b45-11d0-afdd-00c04fd930c9,dnsAllowXFR
72e39547-7b18-11d1-adef-00c04fd8d5cd,dNSHostName
e0fa1e68-9b45-11d0-afdd-00c04fd930c9,dnsNotifySecondaries
675a15fe-3b70-11d2-90cc-00c04fd91ab1,dNSProperty
e0fa1e69-9b45-11d0-afdd-00c04fd930c9,dnsRecord
bf967959-0de6-11d0-a285-00aa003049e2,dnsRoot
e0fa1e67-9b45-11d0-afdd-00c04fd930c9,dnsSecureSecondaries
d5eb2eb7-be4e-463b-a214-634a44d7392e,dNSTombstoned
f18a8e19-af5f-4478-b096-6f35c27eb83f,documentAuthor
0b21ce82-ff63-46d9-90fb-c8b9f24e97b9,documentIdentifier
b958b14e-ac6d-4ec4-8892-be70b69f7281,documentLocation
170f09d7-eb69-448a-9a30-f1afecfd32d7,documentPublisher
de265a9c-ff2c-47b9-91dc-6e6fe2c43062,documentTitle
94b3a8a9-d613-4cec-9aad-5fbcc1046b43,documentVersion
7bfdcb7a-4807-11d1-a9c3-0000f80367c1,domainCAs
19195a55-6da0-11d0-afd3-00c04fd930c9,dc
b000ea7b-a086-11d0-afdd-00c04fd930c9,domainCrossRef
963d2734-48be-11d1-a9c3-0000f80367c1,domainID
7f561278-5301-11d1-a9c5-0000f80367c1,domainIdentifier
bf96795d-0de6-11d0-a285-00aa003049e2,domainPolicyObject
80a67e2a-9f22-11d0-afdd-00c04fd930c9,domainPolicyReference
bf96795e-0de6-11d0-a285-00aa003049e2,domainReplica
80a67e29-9f22-11d0-afdd-00c04fd930c9,domainWidePolicy
1a1aa5b5-262e-4df6-af04-2cf6b0d80048,drink
281416c5-1968-11d0-a28f-00aa003049e2,driverName
ba305f6e-47e3-11d0-a1a6-00c04fd930c9,driverVersion
167757bc-47f3-11d1-a9c3-0000f80367c1,dSASignature
d167aa4b-8b08-11d2-9939-0000f87a57d4,dSCorePropagationData
f0f8ff86-1191-11d0-a060-00aa006c33ed,dSHeuristics
ee8d0ae0-6f91-11d2-9905-0000f87a57d4,dSUIAdminMaximum
f6ea0a94-6f91-11d2-9905-0000f87a57d4,dSUIAdminNotification
fcca766a-6f91-11d2-9905-0000f87a57d4,dSUIShellMaximum
52458021-ca6a-11d0-afff-0000f80367c1,dynamicLDAPServer
8e4eb2ec-4712-11d0-a1a0-00c04fd930c9,eFSPolicy
bf967961-0de6-11d0-a285-00aa003049e2,mail
bf967962-0de6-11d0-a285-00aa003049e2,employeeID
a8df73ef-c5ea-11d1-bbcb-0080c76670c0,employeeNumber
a8df73f0-c5ea-11d1-bbcb-0080c76670c0,employeeType
a8df73f2-c5ea-11d1-bbcb-0080c76670c0,Enabled
bf967963-0de6-11d0-a285-00aa003049e2,enabledConnection
2a39c5b3-8960-11d1-aebc-0000f80367c1,enrollmentProviders
d213decc-d81a-4384-aac2-dcfcfd631cf8,entryTTL
9a7ad947-ca53-11d1-bbd0-0080c76670c0,extendedAttributeInfo
bf967966-0de6-11d0-a285-00aa003049e2,extendedCharsAllowed
9a7ad948-ca53-11d1-bbd0-0080c76670c0,extendedClassInfo
bf967972-0de6-11d0-a285-00aa003049e2,extensionName
d24e2846-1dd9-4bcf-99d7-a6227cc86da7,extraColumns
bf967974-0de6-11d0-a285-00aa003049e2,facsimileTelephoneNumber
d9e18315-8939-11d1-aebc-0000f80367c1,fileExtPriority
bf967976-0de6-11d0-a285-00aa003049e2,flags
b7b13117-b82e-11d0-afee-0000f80367c1,flatName
bf967977-0de6-11d0-a285-00aa003049e2,forceLogoff
3e97891e-8c01-11d0-afda-00c04fd930c9,foreignIdentifier
7bfdcb88-4807-11d1-a9c3-0000f80367c1,friendlyNames
9a7ad949-ca53-11d1-bbd0-0080c76670c0,fromEntry
bf967979-0de6-11d0-a285-00aa003049e2,fromServer
2a132578-9373-11d1-aebc-0000f80367c1,frsComputerReference
2a132579-9373-11d1-aebc-0000f80367c1,frsComputerReferenceBL
2a13257a-9373-11d1-aebc-0000f80367c1,fRSControlDataCreation
2a13257b-9373-11d1-aebc-0000f80367c1,fRSControlInboundBacklog
2a13257c-9373-11d1-aebc-0000f80367c1,fRSControlOutboundBacklog
1be8f171-a9ff-11d0-afe2-00c04fd930c9,fRSDirectoryFilter
1be8f177-a9ff-11d0-afe2-00c04fd930c9,fRSDSPoll
52458020-ca6a-11d0-afff-0000f80367c1,fRSExtensions
1be8f178-a9ff-11d0-afe2-00c04fd930c9,fRSFaultCondition
1be8f170-a9ff-11d0-afe2-00c04fd930c9,fRSFileFilter
2a13257d-9373-11d1-aebc-0000f80367c1,fRSFlags
5245801e-ca6a-11d0-afff-0000f80367c1,fRSLevelLimit
2a13257e-9373-11d1-aebc-0000f80367c1,fRSMemberReference
2a13257f-9373-11d1-aebc-0000f80367c1,fRSMemberReferenceBL
2a132580-9373-11d1-aebc-0000f80367c1,fRSPartnerAuthLevel
2a132581-9373-11d1-aebc-0000f80367c1,fRSPrimaryMember
5245801a-ca6a-11d0-afff-0000f80367c1,fRSReplicaSetGUID
26d9736b-6070-11d1-a9c6-0000f80367c1,fRSReplicaSetType
1be8f174-a9ff-11d0-afe2-00c04fd930c9,fRSRootPath
5245801f-ca6a-11d0-afff-0000f80367c1,fRSRootSecurity
ddac0cee-af8f-11d0-afeb-00c04fd930c9,fRSServiceCommand
2a132582-9373-11d1-aebc-0000f80367c1,fRSServiceCommandStatus
1be8f175-a9ff-11d0-afe2-00c04fd930c9,fRSStagingPath
2a132583-9373-11d1-aebc-0000f80367c1,fRSTimeLastCommand
2a132584-9373-11d1-aebc-0000f80367c1,fRSTimeLastConfigChange
1be8f172-a9ff-11d0-afe2-00c04fd930c9,fRSUpdateTimeout
2a132585-9373-11d1-aebc-0000f80367c1,fRSVersion
26d9736c-6070-11d1-a9c6-0000f80367c1,fRSVersionGUID
1be8f173-a9ff-11d0-afe2-00c04fd930c9,fRSWorkingPath
66171887-8f3c-11d0-afda-00c04fd930c9,fSMORoleOwner
5fd424a1-1262-11d0-a060-00aa006c33ed,garbageCollPeriod
a3e03f1f-1d55-4253-a0af-30c2a784e46e,gecos
bf96797a-0de6-11d0-a285-00aa003049e2,generatedConnection
16775804-47f3-11d1-a9c3-0000f80367c1,generationQualifier
c5b95f0c-ec9e-41c4-849c-b46597ed6696,gidNumber
f0f8ff8e-1191-11d0-a060-00aa006c33ed,givenName
f754c748-06f4-11d2-aa53-00c04fd7d83a,globalAddressList
bf96797d-0de6-11d0-a285-00aa003049e2,governsID
f30e3bc1-9ff0-11d1-b603-0000f80367c1,gPCFileSysPath
f30e3bc0-9ff0-11d1-b603-0000f80367c1,gPCFunctionalityVersion
32ff8ecc-783f-11d2-9916-0000f87a57d4,gPCMachineExtensionNames
42a75fc6-783f-11d2-9916-0000f87a57d4,gPCUserExtensionNames
7bd4c7a6-1add-4436-8c04-3999a880154c,gPCWQLFilter
f30e3bbe-9ff0-11d1-b603-0000f80367c1,gPLink
f30e3bbf-9ff0-11d1-b603-0000f80367c1,gPOptions
bf96797e-0de6-11d0-a285-00aa003049e2,groupAttributes
bf967980-0de6-11d0-a285-00aa003049e2,groupMembershipSAM
eea65905-8ac6-11d0-afda-00c04fd930c9,groupPriority
eea65904-8ac6-11d0-afda-00c04fd930c9,groupsToIgnore
9a9a021e-4a5b-11d1-a9c3-0000f80367c1,groupType
bf967982-0de6-11d0-a285-00aa003049e2,hasMasterNCs
bf967981-0de6-11d0-a285-00aa003049e2,hasPartialReplicaNCs
5fd424a7-1262-11d0-a060-00aa006c33ed,helpData16
5fd424a8-1262-11d0-a060-00aa006c33ed,helpData32
5fd424a9-1262-11d0-a060-00aa006c33ed,helpFileName
ec05b750-a977-4efe-8e8d-ba6c1a6e33a8,hideFromAB
bf967985-0de6-11d0-a285-00aa003049e2,homeDirectory
bf967986-0de6-11d0-a285-00aa003049e2,homeDrive
6043df71-fa48-46cf-ab7c-cbd54644b22d,host
a45398b7-c44a-4eb6-82d3-13c10946dbfe,houseIdentifier
f0f8ff83-1191-11d0-a060-00aa006c33ed,iconPath
7d6c0e92-7e20-11d0-afd6-00c04fd930c9,implementedCategories
7bfdcb87-4807-11d1-a9c3-0000f80367c1,indexedScopes
52458023-ca6a-11d0-afff-0000f80367c1,initialAuthIncoming
52458024-ca6a-11d0-afff-0000f80367c1,initialAuthOutgoing
f0f8ff90-1191-11d0-a060-00aa006c33ed,initials
96a7dd64-9118-11d1-aebc-0000f80367c1,installUiLevel
bf96798c-0de6-11d0-a285-00aa003049e2,instanceType
bf96798d-0de6-11d0-a285-00aa003049e2,internationalISDNNumber
b7c69e60-2cc7-11d2-854e-00a0c983f608,interSiteTopologyFailover
b7c69e5e-2cc7-11d2-854e-00a0c983f608,interSiteTopologyGenerator
b7c69e5f-2cc7-11d2-854e-00a0c983f608,interSiteTopologyRenew
bf96798e-0de6-11d0-a285-00aa003049e2,invocationId
de8bb721-85dc-4fde-b687-9657688e667e,ipHostNumber
6ff64fcd-462e-4f62-b44a-9a5347659eb9,ipNetmaskNumber
4e3854f4-3087-42a4-a813-bb0c528958d3,ipNetworkNumber
ebf5c6eb-0e2d-4415-9670-1081993b4211,ipProtocolNumber
b40ff81f-427a-11d1-a9c2-0000f80367c1,ipsecData
b40ff81e-427a-11d1-a9c2-0000f80367c1,ipsecDataType
b40ff823-427a-11d1-a9c2-0000f80367c1,ipsecFilterReference
b40ff81d-427a-11d1-a9c2-0000f80367c1,ipsecID
b40ff820-427a-11d1-a9c2-0000f80367c1,ipsecISAKMPReference
b40ff81c-427a-11d1-a9c2-0000f80367c1,ipsecName
07383075-91df-11d1-aebc-0000f80367c1,iPSECNegotiationPolicyAction
b40ff822-427a-11d1-a9c2-0000f80367c1,ipsecNegotiationPolicyReference
07383074-91df-11d1-aebc-0000f80367c1,iPSECNegotiationPolicyType
b40ff821-427a-11d1-a9c2-0000f80367c1,ipsecNFAReference
b40ff824-427a-11d1-a9c2-0000f80367c1,ipsecOwnersReference
b7b13118-b82e-11d0-afee-0000f80367c1,ipsecPolicyReference
ff2daebf-f463-495a-8405-3e483641eaa2,ipServicePort
cd96ec0b-1ed6-43b4-b26b-f170b645883f,ipServiceProtocol
00fbf30d-91fe-11d1-aebc-0000f80367c1,isCriticalSystemObject
28630ebe-41d5-11d1-a9c1-0000f80367c1,isDefunct
bf96798f-0de6-11d0-a285-00aa003049e2,isDeleted
f4c453f0-c5f1-11d1-bbcb-0080c76670c0,isEphemeral
bf967991-0de6-11d0-a285-00aa003049e2,memberOf
19405b9d-3cfa-11d1-a9c0-0000f80367c1,isMemberOfPartialAttributeSet
19405b9c-3cfa-11d1-a9c0-0000f80367c1,isPrivilegeHolder
bf967992-0de6-11d0-a285-00aa003049e2,isSingleValued
bac80572-09c4-4fa9-9ae6-7628d7adbe0e,jpegPhoto
bf967993-0de6-11d0-a285-00aa003049e2,keywords
1677581f-47f3-11d1-a9c3-0000f80367c1,knowledgeInformation
c569bb46-c680-44bc-a273-e6c227d71b45,labeledURI
1fbb0be8-ba63-11d0-afef-0000f80367c1,lastBackupRestorationTime
bf967995-0de6-11d0-a285-00aa003049e2,lastContentIndexed
52ab8670-5709-11d1-a9c6-0000f80367c1,lastKnownParent
bf967996-0de6-11d0-a285-00aa003049e2,lastLogoff
bf967997-0de6-11d0-a285-00aa003049e2,lastLogon
c0e20a04-0e5a-4ff3-9482-5efeaecd7060,lastLogonTimestamp
bf967998-0de6-11d0-a285-00aa003049e2,lastSetTime
7d6c0e9c-7e20-11d0-afd6-00c04fd930c9,lastUpdateSequence
7359a352-90f7-11d1-aebc-0000f80367c1,lDAPAdminLimits
bf96799a-0de6-11d0-a285-00aa003049e2,lDAPDisplayName
7359a353-90f7-11d1-aebc-0000f80367c1,lDAPIPDenyList
28630ebc-41d5-11d1-a9c1-0000f80367c1,legacyExchangeDN
bf96799b-0de6-11d0-a285-00aa003049e2,linkID
2ae80fe2-47b4-11d0-a1a4-00c04fd930c9,linkTrackSecret
bf96799d-0de6-11d0-a285-00aa003049e2,lmPwdHistory
bf9679a1-0de6-11d0-a285-00aa003049e2,localeID
bf9679a2-0de6-11d0-a285-00aa003049e2,l
a746f0d1-78d0-11d2-9916-0000f87a57d4,localizationDisplayId
d9e18316-8939-11d1-aebc-0000f80367c1,localizedDescription
bf96799e-0de6-11d0-a285-00aa003049e2,localPolicyFlags
80a67e4d-9f22-11d0-afdd-00c04fd930c9,localPolicyReference
09dcb79f-165f-11d0-a064-00aa006c33ed,location
bf9679a5-0de6-11d0-a285-00aa003049e2,lockoutDuration
bf9679a4-0de6-11d0-a285-00aa003049e2,lockOutObservationWindow
bf9679a6-0de6-11d0-a285-00aa003049e2,lockoutThreshold
28630ebf-41d5-11d1-a9c1-0000f80367c1,lockoutTime
a553d12c-3231-4c5e-8adf-8d189697721e,loginShell
bf9679a9-0de6-11d0-a285-00aa003049e2,thumbnailLogo
bf9679aa-0de6-11d0-a285-00aa003049e2,logonCount
bf9679ab-0de6-11d0-a285-00aa003049e2,logonHours
bf9679ac-0de6-11d0-a285-00aa003049e2,logonWorkstation
bf9679ad-0de6-11d0-a285-00aa003049e2,lSACreationTime
bf9679ae-0de6-11d0-a285-00aa003049e2,lSAModifiedCount
e6a522dd-9770-43e1-89de-1de5044328f7,macAddress
bf9679af-0de6-11d0-a285-00aa003049e2,machineArchitecture
c9b6358e-bb38-11d0-afef-0000f80367c1,machinePasswordChangeInterval
bf9679b2-0de6-11d0-a285-00aa003049e2,machineRole
80a67e4f-9f22-11d0-afdd-00c04fd930c9,machineWidePolicy
0296c120-40da-11d1-a9c0-0000f80367c1,managedBy
0296c124-40da-11d1-a9c0-0000f80367c1,managedObjects
bf9679b5-0de6-11d0-a285-00aa003049e2,manager
bf9679b7-0de6-11d0-a285-00aa003049e2,mAPIID
bf9679b9-0de6-11d0-a285-00aa003049e2,marshalledInterface
e48e64e0-12c9-11d3-9102-00c04fd91ab1,masteredBy
bf9679bb-0de6-11d0-a285-00aa003049e2,maxPwdAge
bf9679bc-0de6-11d0-a285-00aa003049e2,maxRenewAge
bf9679bd-0de6-11d0-a285-00aa003049e2,maxStorage
bf9679be-0de6-11d0-a285-00aa003049e2,maxTicketAge
bf9679bf-0de6-11d0-a285-00aa003049e2,mayContain
11b6cc8b-48c4-11d1-a9c3-0000f80367c1,meetingAdvertiseScope
11b6cc83-48c4-11d1-a9c3-0000f80367c1,meetingApplication
11b6cc92-48c4-11d1-a9c3-0000f80367c1,meetingBandwidth
11b6cc93-48c4-11d1-a9c3-0000f80367c1,meetingBlob
11b6cc87-48c4-11d1-a9c3-0000f80367c1,meetingContactInfo
11b6cc7e-48c4-11d1-a9c3-0000f80367c1,meetingDescription
11b6cc91-48c4-11d1-a9c3-0000f80367c1,meetingEndTime
11b6cc7c-48c4-11d1-a9c3-0000f80367c1,meetingID
11b6cc89-48c4-11d1-a9c3-0000f80367c1,meetingIP
11b6cc8e-48c4-11d1-a9c3-0000f80367c1,meetingIsEncrypted
11b6cc7f-48c4-11d1-a9c3-0000f80367c1,meetingKeyword
11b6cc84-48c4-11d1-a9c3-0000f80367c1,meetingLanguage
11b6cc80-48c4-11d1-a9c3-0000f80367c1,meetingLocation
11b6cc85-48c4-11d1-a9c3-0000f80367c1,meetingMaxParticipants
11b6cc7d-48c4-11d1-a9c3-0000f80367c1,meetingName
11b6cc86-48c4-11d1-a9c3-0000f80367c1,meetingOriginator
11b6cc88-48c4-11d1-a9c3-0000f80367c1,meetingOwner
11b6cc81-48c4-11d1-a9c3-0000f80367c1,meetingProtocol
11b6cc8d-48c4-11d1-a9c3-0000f80367c1,meetingRating
11b6cc8f-48c4-11d1-a9c3-0000f80367c1,meetingRecurrence
11b6cc8a-48c4-11d1-a9c3-0000f80367c1,meetingScope
11b6cc90-48c4-11d1-a9c3-0000f80367c1,meetingStartTime
11b6cc82-48c4-11d1-a9c3-0000f80367c1,meetingType
11b6cc8c-48c4-11d1-a9c3-0000f80367c1,meetingURL
bf9679c0-0de6-11d0-a285-00aa003049e2,member
0f6a17dc-53e5-4be8-9442-8f3ce2f9012a,memberNisNetgroup
03dab236-672e-4f61-ab64-f77d2dc2ffab,memberUid
0296c122-40da-11d1-a9c0-0000f80367c1,mhsORAddress
bf9679c2-0de6-11d0-a285-00aa003049e2,minPwdAge
bf9679c3-0de6-11d0-a285-00aa003049e2,minPwdLength
bf9679c4-0de6-11d0-a285-00aa003049e2,minTicketAge
bf9679c5-0de6-11d0-a285-00aa003049e2,modifiedCount
bf9679c6-0de6-11d0-a285-00aa003049e2,modifiedCountAtLastProm
9a7ad94a-ca53-11d1-bbd0-0080c76670c0,modifyTimeStamp
bf9679c7-0de6-11d0-a285-00aa003049e2,moniker
bf9679c8-0de6-11d0-a285-00aa003049e2,monikerDisplayName
1f2ac2c8-3b71-11d2-90cc-00c04fd91ab1,moveTreeState
998b10f7-aa1a-4364-b867-753d197fe670,msCOM-DefaultPartitionLink
430f678b-889f-41f2-9843-203b5a65572f,msCOM-ObjectId
09abac62-043f-4702-ac2b-6ca15eee5754,msCOM-PartitionLink
67f121dc-7d02-4c7d-82f5-9ad4c950ac34,msCOM-PartitionSetLink
9e6f3a4d-242c-4f37-b068-36b57f9fc852,msCOM-UserLink
8e940c8a-e477-4367-b08d-ff2ff942dcd7,msCOM-UserPartitionSetLink
963d2751-48be-11d1-a9c3-0000f80367c1,mscopeId
db7a08e7-fc76-4569-a45f-f5ecb66a88b5,msDFSR-CachePolicy
936eac41-d257-4bb9-bd55-f310a3cf09ad,msDFSR-CommonStagingPath
135eb00e-4846-458b-8ea2-a37559afd405,msDFSR-CommonStagingSizeInMb
6c7b5785-3d21-41bf-8a8a-627941544d5a,msDFSR-ComputerReference
5eb526d7-d71b-44ae-8cc6-95460052e6ac,msDFSR-ComputerReferenceBL
5cf0bcc8-60f7-4bff-bda6-aea0344eb151,msDFSR-ConflictPath
9ad33fc9-aacf-4299-bb3e-d1fc6ea88e49,msDFSR-ConflictSizeInMb
1035a8e1-67a8-4c21-b7bb-031cdf99d7a0,msDFSR-ContentSetGuid
87811bd5-cd8b-45cb-9f5d-980f3a9e0c97,msDFSR-DefaultCompressionExclusionFilter
817cf0b8-db95-4914-b833-5a079ef65764,msDFSR-DeletedPath
53ed9ad1-9975-41f4-83f5-0c061a12553a,msDFSR-DeletedSizeInMb
f7b85ba9-3bf9-428f-aab4-2eee6d56f063,msDFSR-DfsLinkTarget
2cc903e2-398c-443b-ac86-ff6b01eac7ba,msDFSR-DfsPath
93c7b477-1f2e-4b40-b7bf-007e8d038ccf,msDFSR-DirectoryFilter
6a84ede5-741e-43fd-9dd6-aa0f61578621,msDFSR-DisablePacketPrivacy
03726ae7-8e7d-4446-8aae-a91657c00993,msDFSR-Enabled
78f011ec-a766-4b19-adcf-7b81ed781a4d,msDFSR-Extension
d68270ac-a5dc-4841-a6ac-cd68be38c181,msDFSR-FileFilter
fe515695-3f61-45c8-9bfa-19c148c57b09,msDFSR-Flags
048b4692-6227-4b67-a074-c4437083e14b,msDFSR-Keywords
2ab0e48d-ac4e-4afc-83e5-a34240db6198,msDFSR-MaxAgeInCacheInMin
261337aa-f1c3-44b2-bbea-c88d49e6f0c7,msDFSR-MemberReference
adde62c6-1880-41ed-bd3c-30b7d25e14f0,msDFSR-MemberReferenceBL
4c5d607a-ce49-444a-9862-82a95f5d1fcc,msDFSR-MinDurationCacheInMin
7d523aff-9012-49b2-9925-f922a0018656,msDFSR-OnDemandExclusionDirectoryFilter
a68359dc-a581-4ee6-9015-5382c60f0fb4,msDFSR-OnDemandExclusionFileFilter
d6d67084-c720-417d-8647-b696237a114c,msDFSR-Options
11e24318-4ca6-4f49-9afe-e5eb1afa3473,msDFSR-Options2
eb20e7d6-32ad-42de-b141-16ad2631b01b,msDFSR-Priority
e3b44e05-f4a7-4078-a730-f48670a743f8,msDFSR-RdcEnabled
f402a330-ace5-4dc1-8cc9-74d900bf8ae0,msDFSR-RdcMinFileSizeInKb
5ac48021-e447-46e7-9d23-92c0c6a90dfb,msDFSR-ReadOnly
2dad8796-7619-4ff8-966e-0a5cc67b287f,msDFSR-ReplicationGroupGuid
eeed0fc8-1001-45ed-80cc-bbf744930720,msDFSR-ReplicationGroupType
51928e94-2cd8-4abe-b552-e50412444370,msDFSR-RootFence
d7d5e8c1-e61f-464f-9fcf-20bbe0a2ec54,msDFSR-RootPath
90b769ac-4413-43cf-ad7a-867142e740a3,msDFSR-RootSizeInMb
4699f15f-a71f-48e2-9ff5-5897c0759205,msDFSR-Schedule
d64b9c23-e1fa-467b-b317-6964d744d633,msDFSR-StagingCleanupTriggerInPercent
86b9a69e-f0a6-405d-99bb-77d977992c2a,msDFSR-StagingPath
250a8f20-f6fc-4559-ae65-e4b24c67aebe,msDFSR-StagingSizeInMb
23e35d4c-e324-4861-a22f-e199140dae00,msDFSR-TombstoneExpiryInMin
1a861408-38c3-49ea-ba75-85481a77c655,msDFSR-Version
e85e1204-3434-41ad-9b56-e2901228fff0,msDRM-IdentityCertificate
80863791-dbe9-4eb8-837e-7f0ab55d9ac7,msDS-AdditionalDnsHostName
975571df-a4d5-429a-9f59-cdc6581d91e6,msDS-AdditionalSamAccountName
8469441b-9ac4-4e45-8205-bd219dbf672d,msDS-AllowedDNSSuffixes
800d94d7-b7a1-42a1-b14d-7cae1423d07f,msDS-AllowedToDelegateTo
d3aa4a5c-4e03-4810-97aa-2b339e7a434b,msDS-AllUsersTrustQuota
e185d243-f6ce-4adb-b496-b0c005d7823c,msDS-Approx-Immed-Subordinates
3e1ee99c-6604-4489-89d9-84798a89515a,msDS-AuthenticatedAtDC
e8b2c971-a6df-47bc-8d6f-62770d527aa5,msDS-AuthenticatedToAccountlist
c4af1073-ee50-4be0-b8c0-89a41fe99abe,msDS-Auxiliary-Classes
503fc3e8-1cc6-461a-99a3-9eee04f402a7,msDS-AzApplicationData
db5b0728-6208-4876-83b7-95d3e5695275,msDS-AzApplicationName
7184a120-3ac4-47ae-848f-fe0ab20784d4,msDS-AzApplicationVersion
33d41ea8-c0c9-4c92-9494-f104878413fd,msDS-AzBizRule
52994b56-0e6c-4e07-aa5c-ef9d7f5a0e25,msDS-AzBizRuleLanguage
013a7277-5c2d-49ef-a7de-b765b36a3f6f,msDS-AzClassId
6448f56a-ca70-4e2e-b0af-d20e4ce653d0,msDS-AzDomainTimeout
f90abab0-186c-4418-bb85-88447c87222a,msDS-AzGenerateAudits
b5f7e349-7a5b-407c-a334-a31c3f538b98,msDS-AzGenericData
665acb5c-bb92-4dbc-8c59-b3638eab09b3,msDS-AzLastImportedBizRulePath
5e53368b-fc94-45c8-9d7d-daf31ee7112d,msDS-AzLDAPQuery
cfb9adb7-c4b7-4059-9568-1ed9db6b7248,msDS-AzMajorVersion
ee85ed93-b209-4788-8165-e702f51bfbf3,msDS-AzMinorVersion
8491e548-6c38-4365-a732-af041569b02c,msDS-AzObjectGuid
a5f3b553-5d76-4cbe-ba3f-4312152cab18,msDS-AzOperationID
515a6b06-2617-4173-8099-d5605df043c6,msDS-AzScopeName
2629f66a-1f95-4bf3-a296-8e9d7b9e30c8,msDS-AzScriptEngineCacheMax
87d0fb41-2c8b-41f6-b972-11fdfd50d6b0,msDS-AzScriptTimeout
7b078544-6c82-4fe9-872f-ff48ad2b2e26,msDS-AzTaskIsRoleDefinition
d31a8757-2447-4545-8081-3bb610cacbf2,msDS-Behavior-Version
f0d8972e-dd5b-40e5-a51d-044c7c17ece7,msDS-ByteArray
69cab008-cdd4-4bc9-bab8-0ff37efe1b20,msDS-Cached-Membership
3566bf1f-beee-4dcb-8abe-ef89fcfec6c1,msDS-Cached-Membership-Time-Stamp
178b7bc2-b63a-11d2-90e1-00c04fd91ab1,mS-DS-ConsistencyChildCount
23773dc2-b63a-11d2-90e1-00c04fd91ab1,mS-DS-ConsistencyGuid
c5e60132-1480-11d3-91c1-0000f87a57d4,mS-DS-CreatorSID
234fcbd8-fb52-4908-a328-fd9f6e58e403,msDS-DateTime
6818f726-674b-441b-8a3a-f40596374cea,msDS-DefaultQuota
5f8f45cb-0fb7-fc4f-b44f-66f781aa66dd,msDS-DisableForInstances
8f9d31dd-67ea-cd42-9b88-7cddb36c21f4,msDS-DisableForInstancesBL
2143acca-eead-4d29-b591-85fa49ce9173,msDS-DnsRootAlias
e1e9bad7-c6dd-4101-a843-794cec85b038,msDS-Entry-Time-To-Die
9d054a5a-d187-46c1-9d85-42dfc44a56dd,msDS-ExecuteScriptPassword
b92fd528-38ac-40d4-818d-0433380837c1,msDS-ExternalKey
604877cd-9cdb-47c7-b03d-3daadb044910,msDS-ExternalStore
dc3ca86f-70ad-4960-8425-a4d6313d93dd,msDS-FailedInteractiveLogonCount
c5d234e5-644a-4403-a665-e26e0aef5e98,msDS-FailedInteractiveLogonCountAtLastSuccessfulLogon
fb00dcdf-ac37-483a-9c12-ac53a6603033,msDS-FilterContainers
6f17e347-a842-4498-b8b3-15e007da4fed,msDS-HasDomainNCs
1d3c2d18-42d0-4868-99fe-0eca1e6fa9f3,msDS-hasFullReplicaNCs
11e9a5bc-4517-4049-af9c-51554fb0fc09,msDS-HasInstantiatedNCs
ae2de0e2-59d7-4d47-8d47-ed4dfe4357ad,msDS-hasMasterNCs
7bc64cea-c04e-4318-b102-3e0729371a65,msDS-Integer
bc60096a-1b47-4b30-8877-602c93f56532,msDS-IntId
ff155a2a-44e5-4de0-8318-13a58988de4f,msDS-IsDomainFor
c8bc72e0-a6b4-48f0-94a5-fd76a88c9987,msDS-IsFullReplicaFor
1df5cf33-0fe5-499e-90e1-e94b42718a46,msDS-isGC
37c94ff6-c6d4-498f-b2f9-c6f7f8647809,msDS-IsPartialReplicaFor
a8e8aa23-3e67-4af1-9d7a-2f1a1d633ac9,msDS-isRODC
c523e9c0-33b5-4ac8-8923-b57b927f42f6,msDS-KeyVersionNumber
778ff5c9-6f4e-4b74-856a-d68383313910,msDS-KrbTgtLink
5dd68c41-bfdf-438b-9b5d-39d9618bf260,msDS-KrbTgtLinkBl
c7e7dafa-10c3-4b8b-9acd-54f11063742e,msDS-LastFailedInteractiveLogonTime
011929e6-8b5d-4258-b64a-00b0b4949747,msDS-LastSuccessfulInteractiveLogonTime
ad7940f8-e43a-4a42-83bc-d688e59ea605,msDS-LogonTimeSyncInterval
d064fb68-1480-11d3-91c1-0000f87a57d4,ms-DS-MachineAccountQuota
60234769-4819-4615-a1b2-49d2f119acb5,msDs-masteredBy
d1e169a4-ebe9-49bf-8fcb-8aef3874592d,msDs-MaxValues
cbf7e6cd-85a4-4314-8939-8bfe80597835,msDS-MembersForAzRole
ececcd20-a7e0-4688-9ccf-02ece5e287f5,msDS-MembersForAzRoleBL
8a167ce4-f9e8-47eb-8d78-f7fe80abb2cc,msDS-NCReplCursors
97de9615-b537-46bc-ac0f-10720f3909f3,msDS-NC-Replica-Locations
9edba85a-3e9e-431b-9b1a-a5b6e9eda796,msDS-NCReplInboundNeighbors
855f2ef5-a1c5-4cc4-ba6d-32522848b61f,msDS-NCReplOutboundNeighbors
3df793df-9858-4417-a701-735a1ecebf74,msDS-NC-RO-Replica-Locations
f547511c-5b2a-44cc-8358-992a88258164,msDS-NC-RO-Replica-Locations-BL
15585999-fd49-4d66-b25d-eeb96aba8174,msDS-NeverRevealGroup
cafcb1de-f23c-46b5-adf7-1e64957bd5db,msDS-NonMembers
2a8c68fc-3a7a-4e87-8720-fe77c51cbe74,msDS-NonMembersBL
2de144fc-1f52-486f-bdf4-16fcc3084e54,msDS-Non-Security-Group-Extra-Classes
638ec2e8-22e7-409c-85d2-11b21bee72de,msDS-ObjectReference
2b702515-c1f7-4b3b-b148-c0e4c6ceecb4,msDS-ObjectReferenceBL
93f701be-fa4c-43b6-bc2f-4dbea718ffab,msDS-OperationsForAzRole
f85b6228-3734-4525-b6b7-3f3bb220902c,msDS-OperationsForAzRoleBL
1aacb436-2e9d-44a9-9298-ce4debeb6ebf,msDS-OperationsForAzTask
a637d211-5739-4ed1-89b2-88974548bc59,msDS-OperationsForAzTaskBL
79d2f34c-9d7d-42bb-838f-866b3e4400e2,msDS-Other-Settings
d161adf0-ca24-4993-a3aa-8b2c981302e8,msDS-PerUserTrustQuota
8b70a6c6-50f9-4fa3-a71e-1ce03040449b,msDS-PerUserTrustTombstonesQuota
5bd5208d-e5f4-46ae-a514-543bc9c47659,msDS-PhoneticCompanyName
6cd53daf-003e-49e7-a702-6fa896e7a6ef,msDS-PhoneticDepartment
e21a94e4-2d66-4ce5-b30d-0ef87a776ff0,msDS-PhoneticDisplayName
4b1cba4e-302f-4134-ac7c-f01f6c797843,msDS-PhoneticFirstName
f217e4ec-0836-4b90-88af-2f5d4bbda2bc,msDS-PhoneticLastName
977225c1-5bdf-42b7-b6db-c3af077f558f,msDS-PortLDAP
2c85cfc2-2061-468c-a0ea-c8e0910f7374,msDS-PortSSL
d921b50a-0ab2-42cd-87f6-09cf83a91854,msDS-Preferred-GC-Site
564e9325-d057-c143-9e3b-4f9e5ef46f93,msDS-PrincipalName
c881b4e2-43c0-4ebe-b9bb-5250aa9b434c,msDS-PromotionSettings
fbb9a00d-3a8c-4233-9cf9-7189264903a1,msDS-QuotaAmount
6655b152-101c-48b4-b347-e1fcebc60157,msDS-QuotaEffective
16378906-4ea5-49be-a8d1-bfd41dff4f65,msDS-QuotaTrustee
b5a84308-615d-4bb7-b05f-2f1746aa439f,msDS-QuotaUsed
d7c53242-724e-4c39-9d4c-2df8c9d66c7a,msDS-ReplAttributeMetaData
6e124d4f-1a3f-4cc6-8e09-4a54c81b1d50,msDS-ReplAuthenticationMode
0ea12b84-08b3-11d3-91bc-0000f87a57d4,mS-DS-ReplicatesNCReason
08e3aa79-eb1c-45b5-af7b-8f94246c8e41,msDS-ReplicationEpoch
85abd4f4-0a89-4e49-bdec-6f35bb2562ba,msDS-Replication-Notify-First-DSA-Delay
d63db385-dd92-4b52-b1d8-0d3ecc0e86b6,msDS-Replication-Notify-Subsequent-DSA-Delay
2f5c8145-e1bd-410b-8957-8bfa81d5acfd,msDS-ReplValueMetaData
d5b35506-19d6-4d26-9afb-11357ac99b5e,msDS-RetiredReplNCSignatures
94f6f2ac-c76d-4b5e-b71f-f332c3e93c22,msDS-RevealedDSAs
cbdad11c-7fec-387b-6219-3a0627d9af81,msDS-RevealedList
aa1c88fd-b0f6-429f-b2ca-9d902266e808,msDS-RevealedListBL
185c7821-3749-443a-bd6a-288899071adb,msDS-RevealedUsers
303d9f4a-1dd6-4b38-8fc5-33afe8c988ad,msDS-RevealOnDemandGroup
b39a61be-ed07-4cab-9a4a-4963ed0141e1,msDs-Schema-Extensions
454588e6-0b4e-b642-a6b8-ec03f6e1d9c5,msDS-SCPContainer
4c51e316-f628-43a5-b06b-ffb695fcb4f3,msDS-SDReferenceDomain
aa156612-2396-467e-ad6a-28d23fdb1865,msDS-SecondaryKrbTgtNumber
4f146ae8-a4fe-4801-a731-f51848a4f4e4,msDS-Security-Group-Extra-Classes
ce7ba5d4-f090-4741-acc3-15e2c95555da,msDS-SeniorityIndex
a7f73651-688b-401e-b0cf-9345857bab23,msDS-ServiceAccount
1322c9ff-1334-3d4a-9396-4d9284d42636,msDS-ServiceAccountBL
fba633d4-20d7-4773-8b2c-c7445f54360d,msDS-ServiceAccountDNSDomain
0e1b47d7-40a3-4b48-8d1b-4cac0c1cdf21,msDS-Settings
c17c5602-bcb7-46f0-9656-6370ca884b72,msDS-Site-Affinity
98a7f36d-3595-448a-9e6f-6b8965baed9c,msDS-SiteName
773e93af-d3b4-48d4-b3f9-06457602d3d0,msDS-SourceObjectDN
789ee1eb-8c8e-4e4c-8cec-79b31b7617b5,msDS-SPNSuffixes
20119867-1d04-4ab7-9371-cfc3d5df0afd,msDS-SupportedEncryptionTypes
35319082-8c4a-4646-9386-c2949d49894d,msDS-TasksForAzRole
a0dcd536-5158-42fe-8c40-c00a7ad37959,msDS-TasksForAzRoleBL
b11c8ee2-5fcd-46a7-95f0-f38333f096cf,msDS-TasksForAzTask
df446e52-b5fa-4ca2-a42f-13f98a526c8f,msDS-TasksForAzTaskBL
461744d7-f3b6-45ba-8753-fb9552a5df32,msDS-TombstoneQuotaFactor
7b7cce4f-f1f5-4bb6-b7eb-23504af19e75,msDS-TopQuotaUsage
29cc866e-49d3-4969-942e-1dbc0925d183,msDS-TrustForestTrustInfo
146eb639-bb9f-4fc1-a825-e29e00c77920,msDS-UpdateScript
f2dd7bab-1f3b-47cf-89fa-143b56ad0a3d,ms-DS-UserAccountAutoLocked
2cc4b836-b63f-4940-8d23-ea7acf06af56,msDS-User-Account-Control-Computed
7c708658-7372-4211-b22b-13a45ffd1d61,msDS-UserAccountDisabled
8788193a-2925-43d9-a221-bb7fff397675,msDS-UserDontExpirePassword
5a87c7f2-93c5-454c-a8c5-8cb09613292e,ms-DS-UserEncryptedTextPasswordAllowed
565c7ab5-e13e-47f6-abb5-de741806f125,msDS-UserPasswordExpired
add5cf10-7b09-4449-9ae6-2534148f8a72,msDS-UserPasswordExpiryTimeComputed
8f066172-a25e-4f53-8dcd-0a67d5fb883d,ms-DS-UserPasswordNotRequired
a8df7394-c5ea-11d1-bbcb-0080c76670c0,msExchAssistantName
a8df7407-c5ea-11d1-bbcb-0080c76670c0,msExchHouseIdentifier
16775820-47f3-11d1-a9c3-0000f80367c1,msExchLabeledURI
bf9679f4-0de6-11d0-a285-00aa003049e2,ownerBL
5643ff81-35b6-4ca9-9512-baf0bd0a2772,msFRS-Hub-Member
92aa27e0-5c50-402d-9ec1-ee847def9788,msFRS-Topology-Pref
f76909bc-e678-47a0-b0b3-f86a0044c06d,msFVE-RecoveryGuid
43061ac1-c8ad-4ccc-b785-2bfac20fc60a,msFVE-RecoveryPassword
0e0d0938-2658-4580-a9f6-7a0ac7b566cb,msieee80211-Data
6558b180-35da-4efe-beed-521f8f48cafb,msieee80211-DataType
7f73ef75-14c9-4c23-81de-dd07a06f9e8b,msieee80211-ID
7bfdcb7d-4807-11d1-a9c3-0000f80367c1,msiFileList
8a5c99e9-2230-46eb-b8e8-e59d712eb9ee,msIIS-FTPDir
2a7827a4-1483-49a5-9d84-52e3812156b4,msIIS-FTPRoot
d9e18313-8939-11d1-aebc-0000f80367c1,msiScript
96a7dd62-9118-11d1-aebc-0000f80367c1,msiScriptName
bf967937-0de6-11d0-a285-00aa003049e2,msiScriptPath
96a7dd63-9118-11d1-aebc-0000f80367c1,msiScriptSize
9a0dc326-c100-11d1-bbc5-0080c76670c0,mSMQAuthenticate
9a0dc323-c100-11d1-bbc5-0080c76670c0,mSMQBasePriority
9a0dc32e-c100-11d1-bbc5-0080c76670c0,mSMQComputerType
18120de8-f4c4-4341-bd95-32eb5bcf7c80,mSMQComputerTypeEx
9a0dc33a-c100-11d1-bbc5-0080c76670c0,mSMQCost
9a0dc334-c100-11d1-bbc5-0080c76670c0,mSMQCSPName
2df90d83-009f-11d2-aa4c-00c04fd7d83a,mSMQDependentClientService
2df90d76-009f-11d2-aa4c-00c04fd7d83a,mSMQDependentClientServices
9a0dc33c-c100-11d1-bbc5-0080c76670c0,mSMQDigests
0f71d8e0-da3b-11d1-90a5-00c04fd91ab1,mSMQDigestsMig
2df90d82-009f-11d2-aa4c-00c04fd7d83a,mSMQDsService
2df90d78-009f-11d2-aa4c-00c04fd7d83a,mSMQDsServices
9a0dc331-c100-11d1-bbc5-0080c76670c0,mSMQEncryptKey
9a0dc32f-c100-11d1-bbc5-0080c76670c0,mSMQForeign
9a0dc32c-c100-11d1-bbc5-0080c76670c0,mSMQInRoutingServers
8ea825aa-3b7b-11d2-90cc-00c04fd91ab1,mSMQInterval1
99b88f52-3b7b-11d2-90cc-00c04fd91ab1,mSMQInterval2
9a0dc321-c100-11d1-bbc5-0080c76670c0,mSMQJournal
9a0dc324-c100-11d1-bbc5-0080c76670c0,mSMQJournalQuota
9a0dc325-c100-11d1-bbc5-0080c76670c0,mSMQLabel
4580ad25-d407-48d2-ad24-43e6e56793d7,mSMQLabelEx
9a0dc335-c100-11d1-bbc5-0080c76670c0,mSMQLongLived
9a0dc33f-c100-11d1-bbc5-0080c76670c0,mSMQMigrated
1d2f4412-f10d-4337-9b48-6e5b125cd265,MSMQ-MulticastAddress
9a0dc333-c100-11d1-bbc5-0080c76670c0,mSMQNameStyle
eb38a158-d57f-11d1-90a2-00c04fd91ab1,mSMQNt4Flags
6f914be6-d57e-11d1-90a2-00c04fd91ab1,mSMQNt4Stub
9a0dc330-c100-11d1-bbc5-0080c76670c0,mSMQOSType
9a0dc32b-c100-11d1-bbc5-0080c76670c0,mSMQOutRoutingServers
9a0dc328-c100-11d1-bbc5-0080c76670c0,mSMQOwnerID
2df90d75-009f-11d2-aa4c-00c04fd7d83a,mSMQPrevSiteGates
9a0dc327-c100-11d1-bbc5-0080c76670c0,mSMQPrivacyLevel
9a0dc33e-c100-11d1-bbc5-0080c76670c0,mSMQQMID
8e441266-d57f-11d1-90a2-00c04fd91ab1,mSMQQueueJournalQuota
2df90d87-009f-11d2-aa4c-00c04fd7d83a,mSMQQueueNameExt
3f6b8e12-d57f-11d1-90a2-00c04fd91ab1,mSMQQueueQuota
9a0dc320-c100-11d1-bbc5-0080c76670c0,mSMQQueueType
9a0dc322-c100-11d1-bbc5-0080c76670c0,mSMQQuota
3bfe6748-b544-485a-b067-1b310c4334bf,msMQ-Recipient-FormatName
2df90d81-009f-11d2-aa4c-00c04fd7d83a,mSMQRoutingService
2df90d77-009f-11d2-aa4c-00c04fd7d83a,mSMQRoutingServices
8bf0221b-7a06-4d63-91f0-1499941813d3,MSMQ-SecuredSource
9a0dc33d-c100-11d1-bbc5-0080c76670c0,mSMQServices
9a0dc32d-c100-11d1-bbc5-0080c76670c0,mSMQServiceType
9a0dc33b-c100-11d1-bbc5-0080c76670c0,mSMQSignCertificates
3881b8ea-da3b-11d1-90a5-00c04fd91ab1,mSMQSignCertificatesMig
9a0dc332-c100-11d1-bbc5-0080c76670c0,mSMQSignKey
9a0dc337-c100-11d1-bbc5-0080c76670c0,mSMQSite1
9a0dc338-c100-11d1-bbc5-0080c76670c0,mSMQSite2
fd129d8a-d57e-11d1-90a2-00c04fd91ab1,mSMQSiteForeign
9a0dc339-c100-11d1-bbc5-0080c76670c0,mSMQSiteGates
e2704852-3b7b-11d2-90cc-00c04fd91ab1,mSMQSiteGatesMig
9a0dc340-c100-11d1-bbc5-0080c76670c0,mSMQSiteID
ffadb4b2-de39-11d1-90a5-00c04fd91ab1,mSMQSiteName
422144fa-c17f-4649-94d6-9731ed2784ed,mSMQSiteNameEx
9a0dc32a-c100-11d1-bbc5-0080c76670c0,mSMQSites
9a0dc329-c100-11d1-bbc5-0080c76670c0,mSMQTransactional
c58aae32-56f9-11d2-90d0-00c04fd91ab1,mSMQUserSid
9a0dc336-c100-11d1-bbc5-0080c76670c0,mSMQVersion
9c1495a5-4d76-468e-991e-1433b0a67855,ms-net-ieee-80211-GP-PolicyData
35697062-1eaf-448b-ac1e-388e0be4fdee,ms-net-ieee-80211-GP-PolicyGUID
0f69c62e-088e-4ff5-a53a-e923cec07c0a,ms-net-ieee-80211-GP-PolicyReserved
8398948b-7457-4d91-bd4d-8d7ed669c9f7,ms-net-ieee-8023-GP-PolicyData
94a7b05a-b8b2-4f59-9c25-39e69baa1684,ms-net-ieee-8023-GP-PolicyGUID
d3c527c7-2606-4deb-8cfd-18426feec8ce,ms-net-ieee-8023-GP-PolicyReserved
db0c9085-c1f2-11d1-bbc5-0080c76670c0,msNPAllowDialin
db0c9089-c1f2-11d1-bbc5-0080c76670c0,msNPCalledStationID
db0c908a-c1f2-11d1-bbc5-0080c76670c0,msNPCallingStationID
db0c908e-c1f2-11d1-bbc5-0080c76670c0,msNPSavedCallingStationID
b8dfa744-31dc-4ef1-ac7c-84baf7ef9da7,msPKIAccountCredentials
dbd90548-aa37-4202-9966-8c537ba5ce32,msPKI-Certificate-Application-Policy
ea1dddc4-60ff-416e-8cc0-17cee534bce7,msPKI-Certificate-Name-Flag
38942346-cc5b-424b-a7d8-6ffd12029c5f,msPKI-Certificate-Policy
3164c36a-ba26-468c-8bda-c1e5cc256728,msPKI-Cert-Template-OID
b3f93023-9239-4f7c-b99c-6745d87adbc2,msPKIDPAPIMasterKeys
d15ef7d8-f226-46db-ae79-b34e560bd12c,msPKI-Enrollment-Flag
e96a63f5-417f-46d3-be52-db7703c503df,msPKI-Minimal-Key-Size
8c9e1288-5028-4f4f-a704-76d026f246ef,msPKI-OID-Attribute
5f49940e-a79f-4a51-bb6f-3d446a54dc6b,msPKI-OID-CPS
7d59a816-bb05-4a72-971f-5c1331f67559,msPKI-OIDLocalizedName
04c4da7a-e114-4e69-88de-e293f2d3b395,msPKI-OID-User-Notice
bab04ac2-0435-4709-9307-28380e7c7001,msPKI-Private-Key-Flag
3c91fbbf-4773-4ccd-a87b-85d53e7bcf6a,msPKI-RA-Application-Policies
d546ae22-0951-4d47-817e-1c9f96faad46,msPKI-RA-Policies
fe17e04b-937d-4f7e-8e0e-9292c8d5683e,msPKI-RA-Signature
6617e4ac-a2f1-43ab-b60c-11fbd1facf05,msPKIRoamingTimeStamp
9de8ae7d-7a5b-421d-b5e4-061f79dfd5d7,msPKI-Supersede-Templates
13f5236c-1884-46b1-b5d0-484e38990d58,msPKI-Template-Minor-Revision
0c15e9f5-491d-4594-918f-32813a091da9,msPKI-Template-Schema-Version
db0c909c-c1f2-11d1-bbc5-0080c76670c0,msRADIUSCallbackNumber
a6f24a23-d65c-4d65-a64f-35fb6873c2b9,msRADIUS-FramedInterfaceId
db0c90a4-c1f2-11d1-bbc5-0080c76670c0,msRADIUSFramedIPAddress
f63ed610-d67c-494d-87be-cd1e24359a38,msRADIUS-FramedIpv6Prefix
5a5aa804-3083-4863-94e5-018a79a22ec0,msRADIUS-FramedIpv6Route
db0c90a9-c1f2-11d1-bbc5-0080c76670c0,msRADIUSFramedRoute
a4da7289-92a3-42e5-b6b6-dad16d280ac9,msRADIUS-SavedFramedInterfaceId
0965a062-b1e1-403b-b48d-5c0eb0e952cc,msRADIUS-SavedFramedIpv6Prefix
9666bb5c-df9d-4d41-b437-2eec7e27c9b3,msRADIUS-SavedFramedIpv6Route
db0c90b6-c1f2-11d1-bbc5-0080c76670c0,msRADIUSServiceType
db0c90c5-c1f2-11d1-bbc5-0080c76670c0,msRASSavedCallbackNumber
db0c90c6-c1f2-11d1-bbc5-0080c76670c0,msRASSavedFramedIPAddress
db0c90c7-c1f2-11d1-bbc5-0080c76670c0,msRASSavedFramedRoute
f39b98ad-938d-11d1-aebd-0000f80367c1,msRRASAttribute
f39b98ac-938d-11d1-aebd-0000f80367c1,msRRASVendorAttributeEntry
20ebf171-c69a-4c31-b29d-dcb837d8912d,msSFU30Aliases
4503d2a3-3d70-41b8-b077-dff123c15865,msSFU30CryptMethod
93095ed3-6f30-4bdd-b734-65d569f5f7c9,msSFU30Domains
a2e11a42-e781-4ca1-a7fa-ec307f62b6a1,msSFU30FieldSeparator
95b2aef0-27e4-4cb9-880a-a2d9a9ea23b8,msSFU30IntraFieldSeparator
0dea42f5-278d-4157-b4a7-49b59664915b,msSFU30IsValidContainer
32ecd698-ce9e-4894-a134-7ad76b082e83,msSFU30KeyAttributes
37830235-e5e9-46f2-922b-d8d44f03e7ae,msSFU30KeyValues
b7b16e01-024f-4e23-ad0d-71f1a406b684,msSFU30MapFilter
4cc908a2-9e18-410e-8459-f17cc422020a,msSFU30MasterServerName
04ee6aa6-f83b-469a-bf5a-3c00d3634669,msSFU30MaxGidNumber
ec998437-d944-4a28-8500-217588adfc75,msSFU30MaxUidNumber
16c5d1d3-35c2-4061-a870-a5cefda804f0,msSFU30Name
97d2bf65-0466-4852-a25a-ec20f57ee36c,msSFU30NetgroupHostAtDomain
a9e84eed-e630-4b67-b4b3-cad2a82d345e,msSFU30NetgroupUserAtDomain
9ee3b2e3-c7f3-45f8-8c9f-1382be4984d2,msSFU30NisDomain
585c9d5e-f599-4f07-9cf9-4373af4b89d3,msSFU30NSMAPFieldPosition
02625f05-d1ee-4f9f-b366-55266becb95c,msSFU30OrderNumber
c875d82d-2848-4cec-bb50-3c5486d09d57,msSFU30PosixMember
7bd76b92-3244-438a-ada6-24f5ea34381e,msSFU30PosixMemberOf
e167b0b6-4045-4433-ac35-53f972d45cba,msSFU30ResultAttributes
ef9a2df0-2e57-48c8-8950-0cc674004733,msSFU30SearchAttributes
27eebfa2-fbeb-4f8e-aad6-c50247994291,msSFU30SearchContainer
084a944b-e150-4bfe-9345-40e1aedaebba,msSFU30YpServers
e0c6baae-ccee-11d2-9993-0000f87a57d4,mS-SQL-Alias
db77be4a-ccee-11d2-9993-0000f87a57d4,mS-SQL-AllowAnonymousSubscription
c4186b6e-d34b-11d2-999a-0000f87a57d4,mS-SQL-AllowImmediateUpdatingSubscription
c3bb7054-d34b-11d2-999a-0000f87a57d4,mS-SQL-AllowKnownPullSubscription
c458ca80-d34b-11d2-999a-0000f87a57d4,mS-SQL-AllowQueuedUpdatingSubscription
c49b8be8-d34b-11d2-999a-0000f87a57d4,mS-SQL-AllowSnapshotFilesFTPDownloading
8fda89f4-ccee-11d2-9993-0000f87a57d4,mS-SQL-AppleTalk
fbcda2ea-ccee-11d2-9993-0000f87a57d4,mS-SQL-Applications
603e94c4-ccee-11d2-9993-0000f87a57d4,mS-SQL-Build
696177a6-ccee-11d2-9993-0000f87a57d4,mS-SQL-CharacterSet
7778bd90-ccee-11d2-9993-0000f87a57d4,mS-SQL-Clustered
a92d23da-ccee-11d2-9993-0000f87a57d4,mS-SQL-ConnectionURL
4f6cbdd8-ccee-11d2-9993-0000f87a57d4,mS-SQL-Contact
ede14754-ccee-11d2-9993-0000f87a57d4,mS-SQL-CreationDate
d5a0dbdc-ccee-11d2-9993-0000f87a57d4,mS-SQL-Database
8386603c-ccef-11d2-9993-0000f87a57d4,mS-SQL-Description
bcdd4f0e-ccee-11d2-9993-0000f87a57d4,mS-SQL-GPSHeight
b222ba0e-ccee-11d2-9993-0000f87a57d4,mS-SQL-GPSLatitude
b7577c94-ccee-11d2-9993-0000f87a57d4,mS-SQL-GPSLongitude
d0aedb2e-ccee-11d2-9993-0000f87a57d4,mS-SQL-InformationDirectory
a42cd510-ccee-11d2-9993-0000f87a57d4,mS-SQL-InformationURL
01e9a98a-ccef-11d2-9993-0000f87a57d4,mS-SQL-Keywords
c57f72f4-ccee-11d2-9993-0000f87a57d4,mS-SQL-Language
f2b6abca-ccee-11d2-9993-0000f87a57d4,mS-SQL-LastBackupDate
f6d6dd88-ccee-11d2-9993-0000f87a57d4,mS-SQL-LastDiagnosticDate
9fcc43d4-ccee-11d2-9993-0000f87a57d4,mS-SQL-LastUpdatedDate
561c9644-ccee-11d2-9993-0000f87a57d4,mS-SQL-Location
5b5d448c-ccee-11d2-9993-0000f87a57d4,mS-SQL-Memory
8157fa38-ccee-11d2-9993-0000f87a57d4,mS-SQL-MultiProtocol
3532dfd8-ccee-11d2-9993-0000f87a57d4,mS-SQL-Name
7b91c840-ccee-11d2-9993-0000f87a57d4,mS-SQL-NamedPipe
ae0c11b8-ccee-11d2-9993-0000f87a57d4,mS-SQL-PublicationURL
c1676858-d34b-11d2-999a-0000f87a57d4,mS-SQL-Publisher
48fd44ea-ccee-11d2-9993-0000f87a57d4,mS-SQL-RegisteredOwner
64933a3e-ccee-11d2-9993-0000f87a57d4,mS-SQL-ServiceAccount
e9098084-ccee-11d2-9993-0000f87a57d4,mS-SQL-Size
6ddc42c0-ccee-11d2-9993-0000f87a57d4,mS-SQL-SortOrder
86b08004-ccee-11d2-9993-0000f87a57d4,mS-SQL-SPX
9a7d4770-ccee-11d2-9993-0000f87a57d4,mS-SQL-Status
8ac263a6-ccee-11d2-9993-0000f87a57d4,mS-SQL-TCPIP
c4e311fc-d34b-11d2-999a-0000f87a57d4,mS-SQL-ThirdParty
ca48eba8-ccee-11d2-9993-0000f87a57d4,mS-SQL-Type
72dc918a-ccee-11d2-9993-0000f87a57d4,mS-SQL-UnicodeSortOrder
c07cc1d0-ccee-11d2-9993-0000f87a57d4,mS-SQL-Version
94c56394-ccee-11d2-9993-0000f87a57d4,mS-SQL-Vines
4cc4601e-7201-4141-abc8-3e529ae88863,msTAPI-ConferenceBlob
efd7d7f7-178e-4767-87fa-f8a16b840544,msTAPI-IpAddress
89c1ebcf-7a5f-41fd-99ca-c900b32299ab,msTAPI-ProtocolId
70a4e7ea-b3b9-4643-8918-e6dd2471bfd4,msTAPI-uid
aa4e1a6d-550d-4e05-8c35-4afcb917a9fe,msTPM-OwnerInformation
3a0cd464-bc54-40e7-93ae-a646a6ecc4b4,msTSAllowLogon
1cf41bba-5604-463e-94d6-1a1287b72ca3,msTSBrokenConnectionAction
23572aaf-29dd-44ea-b0fa-7e8438b9a4a3,msTSConnectClientDrives
8ce6a937-871b-4c92-b285-d99d4036681c,msTSConnectPrinterDrives
c0ffe2bd-cacf-4dc7-88d5-61e9e95766f6,msTSDefaultToMainPrinter
70004ef5-25c3-446a-97c8-996ae8566776,msTSExpireDate
5d3510f0-c4e7-4122-b91f-a20add90e246,msTSHomeDirectory
5f0a24d9-dffa-4cd9-acbf-a0680c03731e,msTSHomeDrive
9201ac6f-1d69-4dfb-802e-d95510109599,msTSInitialProgram
0ae94a89-372f-4df2-ae8a-c64a2bc47278,msTSLicenseVersion
f3bcc547-85b0-432c-9ac0-304506bf2c83,msTSManagingLS
1d960ee2-6464-4e95-a781-e3b5cd5f9588,msTSMaxConnectionTime
326f7089-53d8-4784-b814-46d8535110d2,msTSMaxDisconnectionTime
ff739e9c-6bb7-460e-b221-e250f3de0f95,msTSMaxIdleTime
e65c30db-316c-4060-a3a0-387b083f09cd,msTSProfilePath
faaea977-9655-49d7-853d-f27bb7aaca0f,msTSProperty01
3586f6ac-51b7-4978-ab42-f936463198e7,msTSProperty02
366ed7ca-3e18-4c7f-abae-351a01e4b4f7,msTSReconnectionAction
15177226-8642-468b-8c48-03ddfd004982,msTSRemoteControl
a744f666-3d3c-4cc8-834b-9d4f6f687b8b,msTSWorkDirectory
6366c0c1-6972-4e66-b3a5-1d52ad0c0547,msWMI-Author
f9cdf7a0-ec44-4937-a79b-cd91522b3aa8,msWMI-ChangeDate
90c1925f-4a24-4b07-b202-be32eb3c8b74,msWMI-Class
2b9c0ebc-c272-45cb-99d2-4d0e691632e0,msWMI-ClassDefinition
748b0a2e-3351-4b3f-b171-2f17414ea779,msWMI-CreationDate
50c8673a-8f56-4614-9308-9e1340fb9af3,msWMI-Genus
9339a803-94b8-47f7-9123-a853b9ff7e45,msWMI-ID
f4d8085a-8c5b-4785-959b-dc585566e445,msWMI-Int8Default
e3d8b547-003d-4946-a32b-dc7cedc96b74,msWMI-Int8Max
ed1489d1-54cc-4066-b368-a00daa2664f1,msWMI-Int8Min
103519a9-c002-441b-981a-b0b3e012c803,msWMI-Int8ValidValues
1b0c07f8-76dd-4060-a1e1-70084619dc90,msWMI-IntDefault
18e006b9-6445-48e3-9dcf-b5ecfbc4df8e,msWMI-intFlags1
075a42c9-c55a-45b1-ac93-eb086b31f610,msWMI-intFlags2
f29fa736-de09-4be4-b23a-e734c124bacc,msWMI-intFlags3
bd74a7ac-c493-4c9c-bdfa-5c7b119ca6b2,msWMI-intFlags4
fb920c2c-f294-4426-8ac1-d24b42aa2bce,msWMI-IntMax
68c2e3ba-9837-4c70-98e0-f0c33695d023,msWMI-IntMin
6af565f6-a749-4b72-9634-3c5d47e6b4e0,msWMI-IntValidValues
6736809f-2064-443e-a145-81262b1f1366,msWMI-Mof
c6c8ace5-7e81-42af-ad72-77412c5941c4,msWMI-Name
eaba628f-eb8e-4fe9-83fc-693be695559b,msWMI-NormalizedClass
27e81485-b1b0-4a8b-bedd-ce19a837e26e,msWMI-Parm1
0003508e-9c42-4a76-a8f4-38bf64bab0de,msWMI-Parm2
45958fb6-52bd-48ce-9f9f-c2712d9f2bfc,msWMI-Parm3
3800d5a3-f1ce-4b82-a59a-1528ea795f59,msWMI-Parm4
ab920883-e7f8-4d72-b4a0-c0449897509d,msWMI-PropertyName
65fff93e-35e3-45a3-85ae-876c6718297f,msWMI-Query
7d3cfa98-c17b-4254-8bd7-4de9b932a345,msWMI-QueryLanguage
87b78d51-405f-4b7f-80ed-2bd28786f48d,msWMI-ScopeGuid
34f7ed6c-615d-418d-aa00-549a7d7be03e,msWMI-SourceOrganization
152e42b6-37c5-4f55-ab48-1606384a9aea,msWMI-StringDefault
37609d31-a2bf-4b58-8f53-2b64e57a076d,msWMI-StringValidValues
95b6d8d6-c9e8-4661-a2bc-6a5cabc04c62,msWMI-TargetClass
1c4ab61f-3420-44e5-849d-8b5dbf60feb7,msWMI-TargetNameSpace
c44f67a5-7de5-4a1f-92d9-662b57364b77,msWMI-TargetObject
5006a79a-6bfe-4561-9f52-13cf4dd3e560,msWMI-TargetPath
ca2a281e-262b-4ff7-b419-bc123352a4e9,msWMI-TargetType
bf9679d3-0de6-11d0-a285-00aa003049e2,mustContain
80212840-4bdc-11d1-a9c4-0000f80367c1,nameServiceFlags
bf9679d6-0de6-11d0-a285-00aa003049e2,nCName
bf9679d8-0de6-11d0-a285-00aa003049e2,nETBIOSName
07383076-91df-11d1-aebc-0000f80367c1,netbootAllowNewClients
0738307b-91df-11d1-aebc-0000f80367c1,netbootAnswerOnlyValidClients
0738307a-91df-11d1-aebc-0000f80367c1,netbootAnswerRequests
07383079-91df-11d1-aebc-0000f80367c1,netbootCurrentClientCount
3e978921-8c01-11d0-afda-00c04fd930c9,netbootGUID
3e978920-8c01-11d0-afda-00c04fd930c9,netbootInitialization
0738307e-91df-11d1-aebc-0000f80367c1,netbootIntelliMirrorOSes
07383077-91df-11d1-aebc-0000f80367c1,netbootLimitClients
07383080-91df-11d1-aebc-0000f80367c1,netbootLocallyInstalledOSes
3e978923-8c01-11d0-afda-00c04fd930c9,netbootMachineFilePath
07383078-91df-11d1-aebc-0000f80367c1,netbootMaxClients
2df90d85-009f-11d2-aa4c-00c04fd7d83a,netbootMirrorDataFile
0738307c-91df-11d1-aebc-0000f80367c1,netbootNewMachineNamingPolicy
0738307d-91df-11d1-aebc-0000f80367c1,netbootNewMachineOU
07383082-91df-11d1-aebc-0000f80367c1,netbootSCPBL
07383081-91df-11d1-aebc-0000f80367c1,netbootServer
2df90d84-009f-11d2-aa4c-00c04fd7d83a,netbootSIFFile
0738307f-91df-11d1-aebc-0000f80367c1,netbootTools
bf9679d9-0de6-11d0-a285-00aa003049e2,networkAddress
bf9679da-0de6-11d0-a285-00aa003049e2,nextLevelStore
bf9679db-0de6-11d0-a285-00aa003049e2,nextRid
4a95216e-fcc0-402e-b57f-5971626148a9,nisMapEntry
969d3c79-0e9a-4d95-b0ac-bdde7ff8f3a1,nisMapName
a8032e74-30ef-4ff5-affc-0fc217783fec,nisNetgroupTriple
52458018-ca6a-11d0-afff-0000f80367c1,nonSecurityMember
52458019-ca6a-11d0-afff-0000f80367c1,nonSecurityMemberBL
19195a56-6da0-11d0-afd3-00c04fd930c9,notificationList
bf9679df-0de6-11d0-a285-00aa003049e2,nTGroupMembers
3e97891f-8c01-11d0-afda-00c04fd930c9,nTMixedDomain
bf9679e2-0de6-11d0-a285-00aa003049e2,ntPwdHistory
bf9679e3-0de6-11d0-a285-00aa003049e2,nTSecurityDescriptor
bf9679e4-0de6-11d0-a285-00aa003049e2,distinguishedName
26d97369-6070-11d1-a9c6-0000f80367c1,objectCategory
bf9679e5-0de6-11d0-a285-00aa003049e2,objectClass
bf9679e6-0de6-11d0-a285-00aa003049e2,objectClassCategory
9a7ad94b-ca53-11d1-bbd0-0080c76670c0,objectClasses
34aaa216-b699-11d0-afee-0000f80367c1,objectCount
bf9679e7-0de6-11d0-a285-00aa003049e2,objectGUID
bf9679e8-0de6-11d0-a285-00aa003049e2,objectSid
16775848-47f3-11d1-a9c3-0000f80367c1,objectVersion
bf9679ea-0de6-11d0-a285-00aa003049e2,oEMInformation
bf9679ec-0de6-11d0-a285-00aa003049e2,oMObjectClass
bf9679ed-0de6-11d0-a285-00aa003049e2,oMSyntax
ddac0cf3-af8f-11d0-afeb-00c04fd930c9,oMTGuid
1f0075fa-7e40-11d0-afd6-00c04fd930c9,oMTIndxGuid
966825f5-01d9-4a5c-a011-d15ae84efa55,oncRpcNumber
3e978925-8c01-11d0-afda-00c04fd930c9,operatingSystem
bd951b3c-9c96-11d0-afdd-00c04fd930c9,operatingSystemHotfix
3e978927-8c01-11d0-afda-00c04fd930c9,operatingSystemServicePack
3e978926-8c01-11d0-afda-00c04fd930c9,operatingSystemVersion
bf9679ee-0de6-11d0-a285-00aa003049e2,operatorCount
963d274d-48be-11d1-a9c3-0000f80367c1,optionDescription
19195a53-6da0-11d0-afd3-00c04fd930c9,options
963d274e-48be-11d1-a9c3-0000f80367c1,optionsLocation
28596019-7349-4d2f-adff-5a629961f942,organizationalStatus
bf9679f0-0de6-11d0-a285-00aa003049e2,ou
bf9679ef-0de6-11d0-a285-00aa003049e2,o
5fd424ce-1262-11d0-a060-00aa006c33ed,originalDisplayTable
5fd424cf-1262-11d0-a060-00aa006c33ed,originalDisplayTableMSDOS
bf9679f1-0de6-11d0-a285-00aa003049e2,otherLoginWorkstations
0296c123-40da-11d1-a9c0-0000f80367c1,otherMailbox
bf9679f2-0de6-11d0-a285-00aa003049e2,middleName
1ea64e5d-ac0f-11d2-90df-00c04fd91ab1,otherWellKnownObjects
bf9679f3-0de6-11d0-a285-00aa003049e2,owner
7d6c0e99-7e20-11d0-afd6-00c04fd930c9,packageFlags
7d6c0e98-7e20-11d0-afd6-00c04fd930c9,packageName
7d6c0e96-7e20-11d0-afd6-00c04fd930c9,packageType
5245801b-ca6a-11d0-afff-0000f80367c1,parentCA
963d2733-48be-11d1-a9c3-0000f80367c1,parentCACertificateChain
2df90d74-009f-11d2-aa4c-00c04fd7d83a,parentGUID
28630ec0-41d5-11d1-a9c1-0000f80367c1,partialAttributeDeletionList
19405b9e-3cfa-11d1-a9c0-0000f80367c1,partialAttributeSet
07383084-91df-11d1-aebc-0000f80367c1,pekKeyChangeInterval
07383083-91df-11d1-aebc-0000f80367c1,pekList
963d273c-48be-11d1-a9c3-0000f80367c1,pendingCACertificates
963d273e-48be-11d1-a9c3-0000f80367c1,pendingParentCA
5fd424d3-1262-11d0-a060-00aa006c33ed,perMsgDialogDisplayTable
5fd424d4-1262-11d0-a060-00aa006c33ed,perRecipDialogDisplayTable
16775858-47f3-11d1-a9c3-0000f80367c1,personalTitle
0296c11d-40da-11d1-a9c0-0000f80367c1,otherFacsimileTelephoneNumber
f0f8ffa2-1191-11d0-a060-00aa006c33ed,otherHomePhone
f0f8ffa1-1191-11d0-a060-00aa006c33ed,homePhone
4d146e4b-48d4-11d1-a9c3-0000f80367c1,otherIpPhone
4d146e4a-48d4-11d1-a9c3-0000f80367c1,ipPhone
0296c11f-40da-11d1-a9c0-0000f80367c1,primaryInternationalISDNNumber
0296c11e-40da-11d1-a9c0-0000f80367c1,otherMobile
f0f8ffa3-1191-11d0-a060-00aa006c33ed,mobile
f0f8ffa5-1191-11d0-a060-00aa006c33ed,otherTelephone
f0f8ffa4-1191-11d0-a060-00aa006c33ed,otherPager
f0f8ffa6-1191-11d0-a060-00aa006c33ed,pager
9c979768-ba1a-4c08-9632-c6a5c1ed649a,photo
bf9679f7-0de6-11d0-a285-00aa003049e2,physicalDeliveryOfficeName
b7b13119-b82e-11d0-afee-0000f80367c1,physicalLocationObject
8d3bca50-1d7e-11d0-a081-00aa006c33ed,thumbnailPhoto
fc5a9106-3b9d-11d2-90cc-00c04fd91ab1,pKICriticalExtensions
1ef6336e-3b9e-11d2-90cc-00c04fd91ab1,pKIDefaultCSPs
426cae6e-3b9d-11d2-90cc-00c04fd91ab1,pKIDefaultKeySpec
926be278-56f9-11d2-90d0-00c04fd91ab1,pKIEnrollmentAccess
041570d2-3b9e-11d2-90cc-00c04fd91ab1,pKIExpirationPeriod
18976af6-3b9e-11d2-90cc-00c04fd91ab1,pKIExtendedKeyUsage
e9b0a87e-3b9d-11d2-90cc-00c04fd91ab1,pKIKeyUsage
f0bfdefa-3b9d-11d2-90cc-00c04fd91ab1,pKIMaxIssuingDepth
1219a3ec-3b9e-11d2-90cc-00c04fd91ab1,pKIOverlapPeriod
8447f9f1-1027-11d0-a05f-00aa006c33ed,pKT
8447f9f0-1027-11d0-a05f-00aa006c33ed,pKTGuid
19405b96-3cfa-11d1-a9c0-0000f80367c1,policyReplicationFlags
281416c4-1968-11d0-a28f-00aa003049e2,portName
9a7ad94c-ca53-11d1-bbd0-0080c76670c0,possibleInferiors
bf9679fa-0de6-11d0-a285-00aa003049e2,possSuperiors
bf9679fc-0de6-11d0-a285-00aa003049e2,postalAddress
bf9679fd-0de6-11d0-a285-00aa003049e2,postalCode
bf9679fb-0de6-11d0-a285-00aa003049e2,postOfficeBox
bf9679fe-0de6-11d0-a285-00aa003049e2,preferredDeliveryMethod
856be0d0-18e7-46e1-8f5f-7ee4d9020e0d,preferredLanguage
bf9679ff-0de6-11d0-a285-00aa003049e2,preferredOU
52458022-ca6a-11d0-afff-0000f80367c1,prefixMap
a8df744b-c5ea-11d1-bbcb-0080c76670c0,presentationAddress
963d2739-48be-11d1-a9c3-0000f80367c1,previousCACertificates
963d273d-48be-11d1-a9c3-0000f80367c1,previousParentCA
bf967a00-0de6-11d0-a285-00aa003049e2,primaryGroupID
c0ed8738-7efd-4481-84d9-66d2db8be369,primaryGroupToken
281416d7-1968-11d0-a28f-00aa003049e2,printAttributes
281416cd-1968-11d0-a28f-00aa003049e2,printBinNames
281416d2-1968-11d0-a28f-00aa003049e2,printCollate
281416d3-1968-11d0-a28f-00aa003049e2,printColor
281416cc-1968-11d0-a28f-00aa003049e2,printDuplexSupported
281416ca-1968-11d0-a28f-00aa003049e2,printEndTime
244b296e-5abd-11d0-afd2-00c04fd930c9,printerName
281416cb-1968-11d0-a28f-00aa003049e2,printFormName
ba305f6d-47e3-11d0-a1a6-00c04fd930c9,printKeepPrintedJobs
281416d6-1968-11d0-a28f-00aa003049e2,printLanguage
ba305f7a-47e3-11d0-a1a6-00c04fd930c9,printMACAddress
281416d1-1968-11d0-a28f-00aa003049e2,printMaxCopies
281416cf-1968-11d0-a28f-00aa003049e2,printMaxResolutionSupported
ba305f6f-47e3-11d0-a1a6-00c04fd930c9,printMaxXExtent
ba305f70-47e3-11d0-a1a6-00c04fd930c9,printMaxYExtent
3bcbfcf5-4d3d-11d0-a1a6-00c04fd930c9,printMediaReady
244b296f-5abd-11d0-afd2-00c04fd930c9,printMediaSupported
ba305f74-47e3-11d0-a1a6-00c04fd930c9,printMemory
ba305f71-47e3-11d0-a1a6-00c04fd930c9,printMinXExtent
ba305f72-47e3-11d0-a1a6-00c04fd930c9,printMinYExtent
ba305f79-47e3-11d0-a1a6-00c04fd930c9,printNetworkAddress
ba305f6a-47e3-11d0-a1a6-00c04fd930c9,printNotify
3bcbfcf4-4d3d-11d0-a1a6-00c04fd930c9,printNumberUp
281416d0-1968-11d0-a28f-00aa003049e2,printOrientationsSupported
ba305f69-47e3-11d0-a1a6-00c04fd930c9,printOwner
19405b97-3cfa-11d1-a9c0-0000f80367c1,printPagesPerMinute
ba305f77-47e3-11d0-a1a6-00c04fd930c9,printRate
ba305f78-47e3-11d0-a1a6-00c04fd930c9,printRateUnit
281416c6-1968-11d0-a28f-00aa003049e2,printSeparatorFile
ba305f68-47e3-11d0-a1a6-00c04fd930c9,printShareName
ba305f6c-47e3-11d0-a1a6-00c04fd930c9,printSpooling
ba305f73-47e3-11d0-a1a6-00c04fd930c9,printStaplingSupported
281416c9-1968-11d0-a28f-00aa003049e2,printStartTime
ba305f6b-47e3-11d0-a1a6-00c04fd930c9,printStatus
281416c7-1968-11d0-a28f-00aa003049e2,priority
bf967a01-0de6-11d0-a285-00aa003049e2,priorSetTime
bf967a02-0de6-11d0-a285-00aa003049e2,priorValue
bf967a03-0de6-11d0-a285-00aa003049e2,privateKey
19405b9a-3cfa-11d1-a9c0-0000f80367c1,privilegeAttributes
19405b98-3cfa-11d1-a9c0-0000f80367c1,privilegeDisplayName
19405b9b-3cfa-11d1-a9c0-0000f80367c1,privilegeHolder
19405b99-3cfa-11d1-a9c0-0000f80367c1,privilegeValue
d9e18317-8939-11d1-aebc-0000f80367c1,productCode
bf967a05-0de6-11d0-a285-00aa003049e2,profilePath
e1aea402-cd5b-11d0-afff-0000f80367c1,proxiedObjectName
bf967a06-0de6-11d0-a285-00aa003049e2,proxyAddresses
5fd424d6-1262-11d0-a060-00aa006c33ed,proxyGenerationEnabled
bf967a07-0de6-11d0-a285-00aa003049e2,proxyLifetime
80a67e28-9f22-11d0-afdd-00c04fd930c9,publicKeyPolicy
b4b54e50-943a-11d1-aebd-0000f80367c1,purportedSearch
bf967a09-0de6-11d0-a285-00aa003049e2,pwdHistoryLength
bf967a0a-0de6-11d0-a285-00aa003049e2,pwdLastSet
bf967a0b-0de6-11d0-a285-00aa003049e2,pwdProperties
80a67e4e-9f22-11d0-afdd-00c04fd930c9,qualityOfService
cbf70a26-7e78-11d2-9921-0000f87a57d4,queryFilter
7bfdcb86-4807-11d1-a9c3-0000f80367c1,queryPoint
e1aea404-cd5b-11d0-afff-0000f80367c1,queryPolicyBL
e1aea403-cd5b-11d0-afff-0000f80367c1,queryPolicyObject
bf967a0c-0de6-11d0-a285-00aa003049e2,rangeLower
bf967a0d-0de6-11d0-a285-00aa003049e2,rangeUpper
bf967a0e-0de6-11d0-a285-00aa003049e2,name
bf967a0f-0de6-11d0-a285-00aa003049e2,rDNAttID
bf967a10-0de6-11d0-a285-00aa003049e2,registeredAddress
bf967a12-0de6-11d0-a285-00aa003049e2,remoteServerName
bf967a14-0de6-11d0-a285-00aa003049e2,remoteSource
bf967a15-0de6-11d0-a285-00aa003049e2,remoteSourceType
2a39c5b0-8960-11d1-aebc-0000f80367c1,remoteStorageGUID
bf967a18-0de6-11d0-a285-00aa003049e2,replicaSource
45ba9d1a-56fa-11d2-90d0-00c04fd91ab1,replInterval
281416c0-1968-11d0-a28f-00aa003049e2,replPropertyMetaData
7bfdcb83-4807-11d1-a9c3-0000f80367c1,replTopologyStayOfExecution
bf967a16-0de6-11d0-a285-00aa003049e2,replUpToDateVector
bf967a1c-0de6-11d0-a285-00aa003049e2,directReports
bf967a1d-0de6-11d0-a285-00aa003049e2,repsFrom
bf967a1e-0de6-11d0-a285-00aa003049e2,repsTo
7d6c0e93-7e20-11d0-afd6-00c04fd930c9,requiredCategories
7bfdcb7f-4807-11d1-a9c3-0000f80367c1,retiredReplDSASignatures
bf967a21-0de6-11d0-a285-00aa003049e2,revision
bf967a22-0de6-11d0-a285-00aa003049e2,rid
66171889-8f3c-11d0-afda-00c04fd930c9,rIDAllocationPool
66171888-8f3c-11d0-afda-00c04fd930c9,rIDAvailablePool
66171886-8f3c-11d0-afda-00c04fd930c9,rIDManagerReference
6617188c-8f3c-11d0-afda-00c04fd930c9,rIDNextRID
6617188a-8f3c-11d0-afda-00c04fd930c9,rIDPreviousAllocationPool
7bfdcb7b-4807-11d1-a9c3-0000f80367c1,rIDSetReferences
6617188b-8f3c-11d0-afda-00c04fd930c9,rIDUsedPool
8297931c-86d3-11d0-afda-00c04fd930c9,rightsGuid
a8df7465-c5ea-11d1-bbcb-0080c76670c0,roleOccupant
81d7f8c2-e327-4a0d-91c6-b42d4009115f,roomNumber
7bfdcb80-4807-11d1-a9c3-0000f80367c1,rootTrust
88611bde-8cf4-11d0-afda-00c04fd930c9,rpcNsAnnotation
bf967a23-0de6-11d0-a285-00aa003049e2,rpcNsBindings
7a0ba0e0-8e98-11d0-afda-00c04fd930c9,rpcNsCodeset
80212841-4bdc-11d1-a9c4-0000f80367c1,rpcNsEntryFlags
bf967a24-0de6-11d0-a285-00aa003049e2,rpcNsGroup
bf967a25-0de6-11d0-a285-00aa003049e2,rpcNsInterfaceID
29401c48-7a27-11d0-afd6-00c04fd930c9,rpcNsObjectID
bf967a27-0de6-11d0-a285-00aa003049e2,rpcNsPriority
bf967a28-0de6-11d0-a285-00aa003049e2,rpcNsProfileEntry
29401c4a-7a27-11d0-afd6-00c04fd930c9,rpcNsTransferSyntax
3e0abfd0-126a-11d0-a060-00aa006c33ed,sAMAccountName
6e7b626c-64f2-11d0-afd2-00c04fd930c9,sAMAccountType
04d2d114-f799-4e9b-bcdc-90e8f5ba7ebe,samDomainUpdates
dd712224-10e4-11d0-a05f-00aa006c33ed,schedule
bf967a2b-0de6-11d0-a285-00aa003049e2,schemaFlagsEx
bf967923-0de6-11d0-a285-00aa003049e2,schemaIDGUID
f9fb64ae-93b4-11d2-9945-0000f87a57d4,schemaInfo
1e2d06b4-ac8f-11d0-afe3-00c04fd930c9,schemaUpdate
bf967a2c-0de6-11d0-a285-00aa003049e2,schemaVersion
16f3a4c2-7e79-11d2-9921-0000f87a57d4,scopeFlags
bf9679a8-0de6-11d0-a285-00aa003049e2,scriptPath
c3dbafa6-33df-11d2-98b2-0000f87a57d4,sDRightsEffective
bf967a2d-0de6-11d0-a285-00aa003049e2,searchFlags
bf967a2e-0de6-11d0-a285-00aa003049e2,searchGuide
01072d9a-98ad-4a53-9744-e83e287278fb,secretary
bf967a2f-0de6-11d0-a285-00aa003049e2,securityIdentifier
bf967a31-0de6-11d0-a285-00aa003049e2,seeAlso
ddac0cf2-af8f-11d0-afeb-00c04fd930c9,seqNotification
bf967a32-0de6-11d0-a285-00aa003049e2,serialNumber
09dcb7a0-165f-11d0-a064-00aa006c33ed,serverName
26d9736d-6070-11d1-a9c6-0000f80367c1,serverReference
26d9736e-6070-11d1-a9c6-0000f80367c1,serverReferenceBL
bf967a33-0de6-11d0-a285-00aa003049e2,serverRole
bf967a34-0de6-11d0-a285-00aa003049e2,serverState
b7b1311c-b82e-11d0-afee-0000f80367c1,serviceBindingInformation
bf967a35-0de6-11d0-a285-00aa003049e2,serviceClassID
bf967a36-0de6-11d0-a285-00aa003049e2,serviceClassInfo
b7b1311d-b82e-11d0-afee-0000f80367c1,serviceClassName
28630eb8-41d5-11d1-a9c1-0000f80367c1,serviceDNSName
28630eba-41d5-11d1-a9c1-0000f80367c1,serviceDNSNameType
bf967a37-0de6-11d0-a285-00aa003049e2,serviceInstanceVersion
f3a64788-5306-11d1-a9c5-0000f80367c1,servicePrincipalName
7d6c0e97-7e20-11d0-afd6-00c04fd930c9,setupCommand
75159a00-1fff-4cf4-8bff-4ef2695cf643,shadowExpire
8dfeb70d-c5db-46b6-b15e-a4389e6cee9b,shadowFlag
86871d1f-3310-4312-8efd-af49dcfb2671,shadowInactive
f8f2689c-29e8-4843-8177-e8b98e15eeac,shadowLastChange
f285c952-50dd-449e-9160-3b880d99988d,shadowMax
a76b8737-e5a1-4568-b057-dc12e04be4b2,shadowMin
7ae89c9c-2976-4a46-bb8a-340f88560117,shadowWarning
553fd039-f32e-11d0-b0bc-00c04fd8dca6,shellContextMenu
52458039-ca6a-11d0-afff-0000f80367c1,shellPropertyPages
45b01501-c419-11d1-bbc9-0080c76670c0,shortServerName
3e74f60e-3e73-11d1-a9c0-0000f80367c1,showInAddressBook
bf967984-0de6-11d0-a285-00aa003049e2,showInAdvancedViewOnly
17eb4278-d167-11d0-b002-0000f80367c1,sIDHistory
2a39c5b2-8960-11d1-aebc-0000f80367c1,signatureAlgorithms
3e978924-8c01-11d0-afda-00c04fd930c9,siteGUID
d50c2cdd-8951-11d1-aebc-0000f80367c1,siteLinkList
d50c2cdc-8951-11d1-aebc-0000f80367c1,siteList
3e10944c-c354-11d0-aff8-0000f80367c1,siteObject
3e10944d-c354-11d0-aff8-0000f80367c1,siteObjectBL
1be8f17c-a9ff-11d0-afe2-00c04fd930c9,siteServer
26d9736f-6070-11d1-a9c6-0000f80367c1,mailAddress
2ab0e76c-7041-11d2-9905-0000f87a57d4,sPNMappings
bf967a39-0de6-11d0-a285-00aa003049e2,st
bf967a3a-0de6-11d0-a285-00aa003049e2,street
3860949f-f6a8-4b38-9950-81ecb6bc2982,structuralObjectClass
bf967a3b-0de6-11d0-a285-00aa003049e2,subClassOf
bf967a3c-0de6-11d0-a285-00aa003049e2,subRefs
9a7ad94d-ca53-11d1-bbd0-0080c76670c0,subSchemaSubEntry
5245801d-ca6a-11d0-afff-0000f80367c1,superiorDNSRoot
963d274c-48be-11d1-a9c3-0000f80367c1,superScopeDescription
963d274b-48be-11d1-a9c3-0000f80367c1,superScopes
bf967a3f-0de6-11d0-a285-00aa003049e2,supplementalCredentials
1677588f-47f3-11d1-a9c3-0000f80367c1,supportedApplicationContext
bf967a41-0de6-11d0-a285-00aa003049e2,sn
037651e4-441d-11d1-a9c3-0000f80367c1,syncAttributes
037651e3-441d-11d1-a9c3-0000f80367c1,syncMembership
037651e2-441d-11d1-a9c3-0000f80367c1,syncWithObject
037651e5-441d-11d1-a9c3-0000f80367c1,syncWithSID
bf967a43-0de6-11d0-a285-00aa003049e2,systemAuxiliaryClass
e0fa1e62-9b45-11d0-afdd-00c04fd930c9,systemFlags
bf967a44-0de6-11d0-a285-00aa003049e2,systemMayContain
bf967a45-0de6-11d0-a285-00aa003049e2,systemMustContain
bf967a46-0de6-11d0-a285-00aa003049e2,systemOnly
bf967a47-0de6-11d0-a285-00aa003049e2,systemPossSuperiors
bf967a49-0de6-11d0-a285-00aa003049e2,telephoneNumber
bf967a4a-0de6-11d0-a285-00aa003049e2,teletexTerminalIdentifier
bf967a4b-0de6-11d0-a285-00aa003049e2,telexNumber
0296c121-40da-11d1-a9c0-0000f80367c1,primaryTelexNumber
ed9de9a0-7041-11d2-9905-0000f87a57d4,templateRoots
6db69a1c-9422-11d1-aebd-0000f80367c1,terminalServer
f0f8ffa7-1191-11d0-a060-00aa006c33ed,co
a8df7489-c5ea-11d1-bbcb-0080c76670c0,textEncodedORAddress
ddac0cf1-af8f-11d0-afeb-00c04fd930c9,timeRefresh
ddac0cf0-af8f-11d0-afeb-00c04fd930c9,timeVolChange
bf967a55-0de6-11d0-a285-00aa003049e2,title
b7c69e6d-2cc7-11d2-854e-00a0c983f608,tokenGroups
46a9b11d-60ae-405a-b7e8-ff8a58d456d2,tokenGroupsGlobalAndUniversal
040fc392-33df-11d2-98b2-0000f87a57d4,tokenGroupsNoGCAcceptable
16c3a860-1273-11d0-a060-00aa006c33ed,tombstoneLifetime
c1dc867c-a261-11d1-b606-0000f80367c1,transportAddressAttribute
26d97372-6070-11d1-a9c6-0000f80367c1,transportDLLName
26d97374-6070-11d1-a9c6-0000f80367c1,transportType
8fd044e3-771f-11d1-aeae-0000f80367c1,treatAsLeaf
28630ebd-41d5-11d1-a9c1-0000f80367c1,treeName
80a67e5a-9f22-11d0-afdd-00c04fd930c9,trustAttributes
bf967a59-0de6-11d0-a285-00aa003049e2,trustAuthIncoming
bf967a5f-0de6-11d0-a285-00aa003049e2,trustAuthOutgoing
bf967a5c-0de6-11d0-a285-00aa003049e2,trustDirection
b000ea7a-a086-11d0-afdd-00c04fd930c9,trustParent
bf967a5d-0de6-11d0-a285-00aa003049e2,trustPartner
bf967a5e-0de6-11d0-a285-00aa003049e2,trustPosixOffset
bf967a60-0de6-11d0-a285-00aa003049e2,trustType
bf967a61-0de6-11d0-a285-00aa003049e2,uASCompat
0bb0fca0-1e89-429f-901a-1413894d9f59,uid
850fcc8f-9c6b-47e1-b671-7c654be4d5b3,uidNumber
bf967a64-0de6-11d0-a285-00aa003049e2,uNCName
bf9679e1-0de6-11d0-a285-00aa003049e2,unicodePwd
ba0184c7-38c5-4bed-a526-75421470580c,uniqueIdentifier
8f888726-f80a-44d7-b1ee-cb9df21392c8,uniqueMember
bc2dba12-000f-464d-bf1d-0808465d8843,unixHomeDirectory
612cb747-c0e8-4f92-9221-fdd5f15b550d,unixUserPassword
50950839-cc4c-4491-863a-fcf942d684b7,unstructuredAddress
9c8ef177-41cf-45c9-9673-7716c0c8901b,unstructuredName
d9e18312-8939-11d1-aebc-0000f80367c1,upgradeProductCode
032160bf-9824-11d1-aec0-0000f80367c1,uPNSuffixes
bf967a68-0de6-11d0-a285-00aa003049e2,userAccountControl
bf967a69-0de6-11d0-a285-00aa003049e2,userCert
11732a8a-e14d-4cc5-b92f-d93f51c6d8e4,userClass
bf967a6a-0de6-11d0-a285-00aa003049e2,comment
bf967a6d-0de6-11d0-a285-00aa003049e2,userParameters
bf967a6e-0de6-11d0-a285-00aa003049e2,userPassword
23998ab5-70f8-4007-a4c1-a84a38311f9a,userPKCS12
28630ebb-41d5-11d1-a9c1-0000f80367c1,userPrincipalName
9a9a021f-4a5b-11d1-a9c3-0000f80367c1,userSharedFolder
9a9a0220-4a5b-11d1-a9c3-0000f80367c1,userSharedFolderOther
e16a9db2-403c-11d1-a9c0-0000f80367c1,userSMIMECertificate
bf9679d7-0de6-11d0-a285-00aa003049e2,userWorkstations
bf967a6f-0de6-11d0-a285-00aa003049e2,uSNChanged
bf967a70-0de6-11d0-a285-00aa003049e2,uSNCreated
bf967a71-0de6-11d0-a285-00aa003049e2,uSNDSALastObjRemoved
a8df7498-c5ea-11d1-bbcb-0080c76670c0,USNIntersite
bf967a73-0de6-11d0-a285-00aa003049e2,uSNLastObjRem
167758ad-47f3-11d1-a9c3-0000f80367c1,uSNSource
4d2fa380-7f54-11d2-992a-0000f87a57d4,validAccesses
281416df-1968-11d0-a28f-00aa003049e2,vendor
bf967a76-0de6-11d0-a285-00aa003049e2,versionNumber
7d6c0e9a-7e20-11d0-afd6-00c04fd930c9,versionNumberHi
7d6c0e9b-7e20-11d0-afd6-00c04fd930c9,versionNumberLo
1f0075fd-7e40-11d0-afd6-00c04fd930c9,volTableGUID
1f0075fb-7e40-11d0-afd6-00c04fd930c9,volTableIdxGUID
34aaa217-b699-11d0-afee-0000f80367c1,volumeCount
244b2970-5abd-11d0-afd2-00c04fd930c9,wbemPath
05308983-7688-11d1-aded-00c04fd8d5cd,wellKnownObjects
bf967a77-0de6-11d0-a285-00aa003049e2,whenChanged
bf967a78-0de6-11d0-a285-00aa003049e2,whenCreated
bf967a79-0de6-11d0-a285-00aa003049e2,winsockAddresses
bf967a7a-0de6-11d0-a285-00aa003049e2,wWWHomePage
9a9a0221-4a5b-11d1-a9c3-0000f80367c1,url
bf967a7b-0de6-11d0-a285-00aa003049e2,x121Address
d07da11f-8a3d-42b6-b0aa-76c962be719a,x500uniqueIdentifier
bf967a7f-0de6-11d0-a285-00aa003049e2,userCertificate
