event.deviceCustomString4,set.event.message
0x0,Successful Logon
0xC0000064,User name does not exist.
3221225572,User name does not exist.
0xC000006A,User name is correct but the password is wrong.
3221225578,User name is correct but the password is wrong.
0xC000006D,User logon has incorrect user name.
3221225581,User logon has incorrect user name.
0xC000006F,User tried to logon outside his day of week or time of day restrictions.
3221225583,User tried to logon outside his day of week or time of day restrictions.
0xC0000070,Workstation restriction.
3221225584,Workstation restriction.
0xC0000071,Expired password.
3221225585,Expired password.
0xC0000072,Account is currently disabled.
3221225586,Account is currently disabled.
0xC0000193,Account expiration.
3221225875,Account expiration.
0xC0000234,User is currently locked out.
3221226036,User is currently locked out.
0xC0000224,User is required to change password at next logon
3221226020,User is required to change password at next logon
0x1,Client's entry in database has expired
0x2,Server's entry in database has expired
0x3,Requested protocol version # not supported
0x4,Client's key encrypted in old master key
0x5,Server's key encrypted in old master key
0x6,Client not found in Kerberos database. Bad user name or new computer/user account has not replicated to DC yet
0x7,Server not found in Kerberos database.  New computer account has not replicated yet or computer is pre-w2k
0x8,Multiple principal entries in database
0x9,The client or server has a null key.  Administrator should reset the password on the account
0xA,Ticket not eligible for postdating
0xB,Requested start time is later than end time
0xC,KDC policy rejects request. Workstation/logon time restriction
0xD,KDC cannot accommodate requested option
0xE,KDC has no support for encryption type
0xF,KDC has no support for checksum type
0x10,KDC has no support for padata type
0x11,KDC has no support for transited type
0x12,Clients credentials have been revoked. Account disabled expired or locked out.
0x13,Credentials for server have been revoked
0x14,TGT has been revoked
0x15,Client not yet valid - try again later
0x16,Server not yet valid - try again later
0x17,Password has expired
0x18,Pre-authentication information was invalid. Usually means bad password
0x19,Additional pre-authentication required
0x1F,Integrity check on decrypted field failed
0x20,Ticket expired Frequently logged by computer accounts
0x21,Ticket not yet valid
0x22,Request is a replay
0x23,The ticket isn't for us
0x24,Ticket and authenticator don't match
0x25,Workstation's clock too far out of sync with the DC's
0x26,Incorrect net address
0x27,Protocol version mismatch
0x28,Invalid msg type
0x29,Message stream modified
0x2A,Message out of order
0x2C,Specified version of key is not available
0x2D,Service key not available
0x2E,Mutual authentication failed
0x2F,Incorrect message direction
0x30,Alternative authentication method required*
0x31,Incorrect sequence number in message
0x32,Inappropriate type of checksum in message
0x3C,Generic error (description in e-text)
0x3D,Field is too long for this implementation
1,Client's entry in database has expired
2,Server's entry in database has expired
3,Requested protocol version # not supported
4,Client's key encrypted in old master key
5,Server's key encrypted in old master key
6,Client not found in Kerberos database. Bad user name or new computer/user account has not replicated to DC yet
7,Server not found in Kerberos database.  New computer account has not replicated yet or computer is pre-w2k
8,Multiple principal entries in database
9,The client or server has a null key.  Administrator should reset the password on the account
10,Ticket not eligible for postdating
11,Requested start time is later than end time
12,KDC policy rejects request. Workstation/logon time restriction
13,KDC cannot accommodate requested option
14,KDC has no support for encryption type
15,KDC has no support for checksum type
16,KDC has no support for padata type
17,KDC has no support for transited type
18,Clients credentials have been revoked. Account disabled expired or locked out.
19,Credentials for server have been revoked
20,TGT has been revoked
21,Client not yet valid - try again later
22,Server not yet valid - try again later
23,Password has expired
24,Pre-authentication information was invalid. Usually means bad password
25,Additional pre-authentication required
31,Integrity check on decrypted field failed
32,Ticket expired Frequently logged by computer accounts
33,Ticket not yet valid
34,Request is a replay
35,The ticket isn't for us
36,Ticket and authenticator don't match
37,Workstation's clock too far out of sync with the DC's
38,Incorrect net address
39,Protocol version mismatch
40,Invalid msg type
41,Message stream modified
42,Message out of order
44,Specified version of key is not available
45,Service key not available
46,Mutual authentication failed
47,Incorrect message direction
48,Alternative authentication method required*
49,Incorrect sequence number in message
50,Inappropriate type of checksum in message
60,Generic error (description in e-text)
61,Field is too long for this implementation