regex.event.message,set.event.message
AD Query unavailable for domain controller .*.� Domain controller is down or firewall may be blocking DCOM traffic to the domain controller. See .* for more information.,"AD Query unavailable for domain controller, because it is down or firewall may be blocking DCOM traffic"
Internal Error. Contact Technical support for further assistance,"Internal Error, contact Technical support for further assistance"
A secondary session request was received from the same IP. This caused logout of the current session,A secondary session request was received from the same IP which caused logout of the current session
Detected .* events associated with the following attack: Attack name: Non Compliant DNS Attack data: Illegal number of Resource Records Packet Info:  Warning! Inspection stopped.*,Detected events associated with the following attack: Attack name: Non Compliant DNS Attack data: Illegal number of Resource Records Packet Info:  Warning! Inspection stopped.
