event.deviceEventClassId,set.event.name
S0,"Connection attempt seen, no reply"
S1,"Connection established, not terminated"
SF,Normal establishment and termination
REJ,Connection attempt rejected
S2,Connection established and close attempt by originator seen
S3,Connection established and close attempt by responder seen
RSTO,"Connection established, originator aborted"
RSTR,Established responder aborted
RSTOS0,Originator sent a SYN followed by a RST and no SYN-ACK from the responder
RSTRH,Responder sent a SYN ACK followed by a RST and no SYN from the (purported) originator
SH,Originator sent a SYN followed by a FIN and no SYN ACK from the responder
SHR,Responder sent a SYN ACK followed by a FIN and no SYN from the originator
OTH,"No SYN seen, just midstream traffic"