event.flexString1,set.event.message
s,a SYN w/o the ACK bit set
h,a SYN+ACK (handshake)
a,a pure ACK
d,packet with payload (data)
f,packet with FIN bit set
r,packet with RST bit set
c,packet with a bad checksum
i,inconsistent packet (e.g. SYN+RST bits both set)
S,a SYN w/o the ACK bit set
H,a SYN+ACK (handshake)
A,a pure ACK
D,packet with payload (data)
F,packet with FIN bit set
R,packet with RST bit set
C,packet with a bad checksum
I,inconsistent packet (e.g. SYN+RST bits both set)