Version=5,,,,
HeaderFormat,,,,
Code,Contents,Length (bytes),Datatype,Description
1,version,2,String, 
2,count,2,u_short,2-3 count Number of flows exported in this packet (1-30)
3,SysUptime,4,u_long,4-7 SysUptime Current time in milliseconds since the export device booted
4,unix_secs,4,u_long,8-11 unix_secs Current count of seconds since 0000 UTC 1970
5,unix_nsecs,4,u_long,12-15 unix_nsecs Residual nanoseconds since 0000 UTC 1970
6,flow_sequence,4,u_long,16-19 flow_sequence Sequence counter of total flows seen
7,engine_type,1,u_byte,20 engine_type Type of flow-switching engine
8,engine_id,1,u_byte,21 engine_id Slot number of the flow-switching engine
9,reserved,2,u_short,22-23 reserved Unused (zero) bytes
RecordFormat ,,,,
Code,Contents,Length (bytes),Datatype,Description
1,srcaddr,4,u_long,0-3 srcaddr Source IP address
2,dstaddr,4,u_long,4-7 dstaddr Destination IP address
3,nexthop,4,u_long,8-11 nexthop IP address of next hop router
4,input,2,u_short,12-13 input SNMP index of input interface
5,output,2,u_short,14-15 output SNMP index of output interface
6,dPkts,4,u_long,16-19 dPkts Packets in the flow
7,dOctets,4,u_long,20-23 dOctets Total number of Layer 3 bytes in the packets of the flow
8,First,4,u_long,24-27 First SysUptime at start of flow
9,Last,4,u_long,28-31 Last SysUptime at the time the last packet of the flow was received
10,srcport,2,u_short,32-33 srcport TCP/UDP source port number or equivalent
11,dstport,2,u_short,34-35 dstport TCP/UDP destination port number or equivalent
12,pad1,1,u_byte,36 pad1 Unused (zero) bytes
13,tcp_flags,1,u_byte,37 tcp_flags Cumulative OR of TCP flags
14,prot,1,String,"38 prot IP protocol type (for example, TCP = 6; UDP = 17)"
15,tos,1,String,39 tos IP type of service (ToS)
16,src_as,2,String,"40-41 src_as Autonomous system number of the source, either origin or peer"
17,dst_as,2,String,"42-43 dst_as Autonomous system number of the destination, either origin or peer"
18,src_mask,1,String,44 src_mask Source address prefix mask bits
19,dst_mask,1,String,45 dst_mask Destination address prefix mask bits
20,pad2,2,u_short,46-47 pad2 Unused (zero) bytes
