Version=9,,
TypeID,FieldName,FieldType (int long dd_string ascii_string num_string time_from_up byte_array byte_hex_string)
-5,scope_template,dd_string
-4,scope_netflow_cache,dd_string
-3,scope_line_card,dd_string
-2,scope_interface,dd_string
-1,scope_system,dd_string
1,in_bytes,num_string
2,in_pkts,long
3,flows,int
4,protocol,int
5,src_tos,long
6,tcp_flags,int
7,l4_src_port,num_string
8,ipv4_src_addr,long
9,src_mask,num_string
10,interface_input_snmp,int
11,l4_dst_port,num_string
12,ipv4_dst_addr,long
13,dst_mask,num_string
14,interface_output_snmp,int
15,ipv4_next_hop,long
16,src_as,num_string
17,dst_as,num_string
18,bgp_ipv4_next_hop,long
19,mul_dst_pkts,long
20,mul_dst_bytes,long
21,last_switched,time_from_up
22,first_switched,time_from_up
23,out_bytes,num_string
24,out_pkts,long
25,min_pkt_lngth,int
26,max_pkt_lngth,int
27,ipv6_src_addr,dd_string
28,ipv6_dst_addr,dd_string
29,ipv6_src_mask,int
30,ipv6_dst_mask,int
31,ipv6_flow_label,int
32,icmp_type,dd_string
33,mul_igmp_type,int
34,sampling_interval,long
35,sampling_algorithm,int
36,flow_active_timeout,int
37,flow_inactive_timeout,int
38,engine_type,int
39,engine_id,int
40,total_bytes_exp,long
41,total_pkts_exp,long
42,total_flows_exp,long
43,vendor_43,dd_string
44,ipv4_src_prefix,long
45,ipv4_dst_prefix,long
46,mpls_top_label_type,int
47,mpls_top_label_ip_addr,long
48,flow_sampler_id,int
49,flow_sampler_mode,int
50,flow_sampler_random_interval,long
51,vendor_51,dd_string
52,min_ttl,int
53,max_ttl,int
54,ipv4_ident,int
55,dst_tos,int
56,in_src_mac,byte_hex_string
57,out_dst_mac,byte_hex_string
58,src_vlan,int
59,dst_vlan,int
60,ip_protocol_version,int
61,direction,int
62,ipv6_next_hop,dd_string
63,bpg_ipv6_next_hop,dd_string
64,ipv6_option_headers,long
65,vendor_65,dd_string
66,vendor_66,dd_string
67,vendor_67,dd_string
68,vendor_68,dd_string
69,vendor_69,dd_string
70,mpls_label_1,int
71,mpls_label_2,int
72,mpls_label_3,int
73,mpls_label_4,int
74,mpls_label_5,int
75,mpls_label_6,int
76,mpls_label_7,int
77,mpls_label_8,int
78,mpls_label_9,int
79,mpls_label_10,int
80,in_dst_mac,byte_hex_string
81,out_src_mac,byte_hex_string
82,interface_name,ascii_string
83,interface_desc,ascii_string
84,sampler_name,ascii_string
85,in_permanent_bytes,num_string
86,in_permanent_pkts,long
87,vendor_87,dd_string
88,fragment_offset,int
89,forwarding_status,int
92,routing_source_traffic-index,int
93,routing_destination_traffic-index,int
94,application_description,ascii_string
95,application_id,int
96,application_name,ascii_string
99,routing_multicast_replication-factor,ascii_string
128,routing_destination_as_peer,ascii_string
129,routing_source_as_peer,ascii_string
144,flow_exporter,ascii_string
169,ipv6_destination_prefix,ascii_string
170,ipv6_source_prefix,ascii_string
174,counter_packets_replicated_permanent,int
175,counter_bytes_replicated_permanent,int
176,transport_icmp_ipv4_type,dd_string
177,transport_icmp_ipv4_code,int
178,transport_icmp_ipv6_type,dd_string
179,transport_icmp_ipv6_code,int
180,transport_udp_source-port,num_string
181,transport_udp_destination-port,num_string
182,transport_tcp_source-port,num_string
183,transport_tcp_destination-port,num_string
184,transport_tcp_sequence-number,int
185,transport_tcp_acknowledgement-number,int
186,transport_tcp_window-size,int
187,transport_tcp_urgent-pointer,int
188,transport_tcp_header-length,int
189,ip_length_header,int
190,ipv4_total-length,int
191,ipv6_payload-length,int
192,ip_ttl,int
193,ipv6_next-header,ascii_string
194,ip_tos,ascii_string
195,ip_dscp,ascii_string
196,ip_precedence,ascii_string
197,ip_fragmentation_flags,ascii_string
198,counter_bytes_squared_long,long
199,counter_bytes_squared_permanent,long
204,ip_length_payload,int
205,transport_udp_message-length,int
206,routing_is-multicast,ascii_string
207,ipv4_header-length,int
208,ipv4_option_map,ascii_string
224,ip_length_total,int
234,routing_vrf_input,ascii_string
236,routing_vrf_name,ascii_string
240,datalink_length_header,int
241,datalink_length_payload,int
242,datalink_encap-size,int
243,datalink_dot1q_vlan_input,ascii_string
244,datalink_dot1q_priority,ascii_string
245,datalink_dot1q_ce-vlan,ascii_string
246,datalink_dot1q_ce-priority,ascii_string
247,datalink_l2vpn_metro_vcid,ascii_string
248,datalink_l2vpn_metro_vctype,ascii_string
252,interface_input_physical_snmp,ascii_string
253,interface_output_physical_snmp,ascii_string
254,datalink_dot1q_vlan_output,ascii_string
256,datalink_ethertype,ascii_string
313,ip_section_header,byte_hex_string
314,ip_section_payload,byte_hex_string
34000,flow_cts_source_group-tag,ascii_string
34001,flow_cts_destination_group-tag,ascii_string
# The following are fields specific to Cisco ASA 8.2
148,connection_id,num_string
152,create_time_msec,int
323,event_time_msec,int
33000,ingress_acl_id,int
33001,egress_acl_id,int
40000,username,ascii_string
40001,xlate_src_addr_ipv4,long
40002,xlate_dst_addr_ipv4,long
40003,xlate_src_port,int
40004,xlate_dst_port,int
40005,fw_event,num_string
330002,fw_ext_event,num_string
231,undefined_231,num_string
232,undefined_232,num_string
361,portRangeStart,num_string
363,portRangeStepSize,num_string
364,portRangeNumPorts,num_string