event.deviceCustomString2,set.event.deviceCustomString3
01,CALLER NOT AUTHORIZED
04,LOGONID NOT FOUND
05,PASSWORD PHRASE NOT MATCHED
06,A PASSWORD IS NOT ALLOWED FOR LOGONID
07,A PASSWORD IS REQUIRED FOR LOGONID
08,UNAUTHORIZED INPUT SOURCE FOR LOGONID
09,LOGONID NOT VALID FOR SUBMISSION BY THIS PGM
0A,LOGONID CANCELLED
0B,LOGONID SUSPENDED
0C,PASSWORD NOT MATCHED
0D,LOGONID SUSPENDED BECAUSE OF PASSWORD VIOLATIONS
0E,LOGONID EXPIRED
0F,INVALID PASSWORD SYNTAX
10,A LOGONID IS REQUIRED
11,PASSWORD FOR LOGONID HAS EXPIRED
12,INVALID SYNTAX FOR NEW PASSWORD; OLD PW EXPIRED
13,PASSWORD LESS THAN MINIMUM LENGTH
14,NEW PASSWORD < MINIMUM LENGTH; OLD PW EXPIRED
15,PASSWORD EXPIRED AND CANNOT BE ALTERED
16,MUSASS LOGONID ALREADY IN USE
17,NEW PASSWORD = OLD PASSWORD; OLD PW EXPIRED
19,LOGONID IS NOT ACTIVE
1A,ACCESS DENIED BY INSTALLATION EXIT
1C,PASSWORD REVALIDATION - NO LOGONID RECORD
1D,PASSWORD REVALIDATION - PASSWORD NOT MATCHED
1E,STC LOGONID CANNOT BE USED FOR NORMAL ACCESS
1F,LOGONID DOES NOT HAVE THE STC ATTRIBUTE
20,LOGONID/SOURCE COMBINATION NOT VALID
21,INVALID SYNTAX FOR NEW PASSWORD ON NJE JOB
22,NEW PASSWORD LESS THAN MIN LENGTH ON NJE JOB
25,NEW PASSWORD DENIED BY INSTALLATION EXIT
26,LOGONID INHERITANCE NOT ALLOWED FOR LOGONID
2C,PASSWORD PHRASE NOT SET FOR LOGONID
2D,NOT AUTHORIZED FOR ACCESS TO MUSASS
2F,OLD PSWD/PHRASE EXPIRED; NEW PSWD/PHRASE INVALID
30,ACFFDR COULD NOT BE LOCATED
31,FDE FOR ACTIVE AUTH SUPPORT NOT LOCATED
32,NO AUTHEXIT LIST ENTRY FOUND FOR LIDFIELD
33,USER AUTH EXTENSION BLOCK NOT PASSED
34,RSB COULD NOT BE LOCATED FOR AUTH RECORD
35,INFO-STOR D/B NOT AVAILABLE
36,D/B FAILURE OCCURRED FOR USER AUTH RECORD
37,ACCESS DENIED BY USER AUTH SUPPORT
38,USER AUTH DIALOG FACILITY NOT SUPPORTED
39,STORAGE GETMAIN/FREEMAIN ERROR
3C,ZONE RECORD FOR LOGONID TIME ZONE NOT FOUND
3D,SYSTEM ACCESS DENIED. LOGON TIME NOT WITHIN SHIFT
3E,ERROR IN SHIFT PROCESSING ROUTINES
3F,SHIFT RECORD FOR LOGONID NOT FOUND
49,NEW PASSWORD DENIED BY INSTALLATION EXIT
4B,DDB LOGONID ACQUISITION FAILED
4C,LOGONID NOT FOUND FOR DDB ACQUISITION
4D,DDB REMOTE LOGONID UPDATE FAILED
4E,LOGONID NOT FOUND FOR DDB REMOTE UPDATE
5C,NEW PASSWORD MUST HAVE NATL OR USER-DEFINED CHAR
5D,NEW PASSWORD CANNOT HAVE VOWEL CHARACTERS
5F,NO HALFWAY ENCRYPTED PASSWORD AVAILABLE FOR USERID
60,NO LOGONID GIVEN FOR PASSWORD EXTRACT CALL
61,JOB SUBMITTED ON NON-ACF2 SYSTEM; NO DFT LID GIVEN
62,ACF2 NOT INITIALIZED
63,ERROR DURING PROCESSING
65,DDB GET-UPDATE OF LOGONID FAILED
66,PASSWORD PHRASE NOT ALLOWED FOR LOGONID
67,OLD PSWD PHRASE EXPIRED; NEW PHRASE SAME AS OLD
69,NO ROOM IN DATABASE FOR REQUEST
6A,ACF00ERU PROCESSING ERROR FOR LOGONID
6C,PASSWORD PHRASE FOR LOGONID HAS EXPIRED
73,NEW PASSWORD CANNOT BE THE SAME AS LOGONID
74,NEW PASSWORD CANNOT BE ALL NUMERIC
75,NEW PASSWORD CONTAINS A RESERVED WORD PREFIX
76,NEW PASSWORD MATCHES A PREVIOUS PASSWORD
7C,NEW PASSWORD HAS TOO MANY REPEATING CHARS
7D,NEW PASSWORD MUST HAVE AT LEAST ONE NUM CHAR
7E,NEW PASSWORD MUST HAVE AT LEAST ONE ALPHA CHAR
7F,LOGONID RECORD DEQ FAILURE
80,INVALID SYNTAX FOR NEW PASSWORD; NONE SET
81,PASSWORD SUCCESSFULLY ALTERED
82,NEW PASSWORD < MINIMUM LENGTH - NONE SET
83,NEW PASSWORD EQUALS OLD - NONE SET
84,NEW PASSWORD NOT ALLOWED
85,NEW PASSWORD DENIED BY INSTALLATION EXIT
86,YOUR PASSWORD WILL EXPIRE ON DDD
87,SYSTEM ACCESS ALLOWED BASED ON LOGSHIFT
88,NEW PSWD NOT SET; MINDAYS HAVE NOT PASSED
A1,PASSWORD PHRASE SUCCESSFULLY ALTERED
A3,NEW PASSWORD PHRASE EQUALS OLD
A4,NEW PASSWORD PHRASE NOT ALLOWED
A6,NEW PSWD PHRASE NOT SET; MINDAYS HAVE NOT PASSED
A7,YOUR PASSWORD PHRASE AND LOGONID WILL EXPIRE
C8,INVALID PASSWORD/AUTHORITY FOR ID
DC,NEW PSWD/PSWD PHRASE IS INVALID
FE,MON-LOG SPECIFIED IN USER LOGONID
FF,NEW PASSWORD EXIT
