regex.event.message,set.event.deviceEventClassId
Initiator: tunnel.*,Initiator: tunnel
Initiator: sent .*? quick mode message .*,Initiator: sent
Initiator: sent .*? main mode message .*,Initiator: sent
Initiator: sent .*? aggressive mode message .*,Initiator:sent
Initiator: parsed .*? quick mode message .*,Initiator:parsed
Initiator: parsed .*? main mode message .*,Initiator:parsed
Initiator: parsed .*? aggressive mode message .*,Initiator:parsed
Responder: tunnel .*,Responder:tunnel
Responder: sent .*? quick mode message .*,Responder: sent
Responder: sent .*? main mode message .*,Responder: sent
Responder: sent .*? aggressive mode message .*,Responder:sent
Responder: parsed .*? quick mode message .*,Responder: parsed
Responder: parsed .*? main mode message .*,Responder:parsed
Responder: parsed .*? aggressive mode message .*,Responder:parsed
delete ipsec .*,delete ipsec sa
delete phase1 .*,delete phase1 sa
