regex.event.message,set.event.name
User .*? login successfully from .*,User login successfully
User .*? login failed from .*,User login failed
User .*? changed the access setting of interface .*? from .*,User changed the access setting of interface
Fortigate update failed.*,Update Failed
User .*? logout successfully from .*,User logout successfully
delete ipsec .*,Delete IPsec
delete phase1 .*,Delete Phase1
Deleted an Isakmp .*,Deleted an Isakmp
Deleted an IPsec SA on the tunnel to .*,Deleted an IPsec
User .*? added a new firewall policy .*,User added a new firewall policy from GUI
User .*? deleted a firewall policy .*,User deleted a firewall policy from GUI
GUI session timeout .*,GUI session timeout
Web filter Log file .*? has been deleted by user .*,Web filter Log file deleted
Anti-virus Log file .*? has been deleted by user .*,Anti-virus Log file deleted
Attack Log file .*? has been deleted by user .*,Attack Log file deleted
Event Log file .*? has been deleted by user .*,Event Log file deleted
Traffic Log file .*? has been deleted by user .*,Traffic Log file deleted
Firewall policy entry .*, Firewall policy entry
