event.message,set.event.message
0,Success
1,Internal error
2,Access denied
3,Malformed request
4,Global catalog unavailable
5,Domain unavailable
6,server unavailable
7,No such domain
8,No such user
16,Authentication failure
17,Password change failure
18,Unsupported authentication type
19,No reversibly encrypted password is stored for the user account
32,Local users only
33,Password must be changed
34,Account disabled
35,Account expired
36,Account locked out
37,Invalid logon hours
38,Account restriction
48,Did not match remote access policy
49,Did not match connection request policy
64,Dial-in locked out
65,Dial-in disabled
66,Invalid authentication type
67,Invalid calling station
68,Invalid dial-in hours
69,Invalid called station
70,Invalid port type
71,Invalid restriction
80,No record
96,Session timed out
97,Unexpected request
