event.reason,set.event.message
1,Unspecified
2,The previous authentication is not valid
3,Deauthentication leaving
4,Disassociation due to inactivity
5,Disassociation AP is busy
6,Class2 frame from non authenticated station
7,Class2 frame from non	associated station
8,Disassociation state has left
9,The station request association without authentication
40,Invalid information element
41,Invalid group Cipher
42,Invalid unicast Cipher
43,Invalid AKMP
44,Unsupported RSN version
45,Invalid RSN information element capabilities
46,Cipher suite rejected
99,Missing reason code
