regex.event.message,set.event.message
file_acl_modified,McAfee Solidifier detected modification to ACL of file
opened_update_mode,McAfee Solidifier is starting update mode on the system to allow updates
disabled,McAfee Solidifier is currently disabled.
enabled,McAfee Solidifier is currently enabled.
command_executed,User executed a command from the McAfee Solidifier CLI
disabled_on_reboot,McAfee Solidifier will be disabled on next reboot.
enabled_on_reboot,McAfee Solidifier will be enabled on next reboot.
update_mode_on_reboot,McAfee Solidifier will be in Update Mode on next reboot.
closed_update_mode,McAfee Solidifier is ending update mode on the system
execution_denied,McAfee  Solidifier prevented the execution of file
file_attribute_cleared*,McAfee Solidifier detected removal of attribute from file
file_attribute_modified*,McAfee Solidifier detected modification to attributes of file
file_attribute_set*,McAfee Solidifier detected addition of an attribute to file
file_created,McAfee Solidifier detected creation of file
file_deleted,McAfee Solidifier detected deletion of file
file_modified,McAfee Solidifier detected modification to file
file_renamed,McAfee Solidifier detected renaming of file
file_solidified,File was solidified
file_read_in_update_mode,McAfee Solidifier detected read of read protected file in Update Mode of Solidifier
file_unsolidified,File was unsolidified
inventory_corrupted,McAfee Solidifier detected that its internal inventory for the volume volume_name is corrupt. To rectify
module_loading_failed,
nx_violation_detected,
file_ownership_changed*,McAfee Solidifier detected modification to Owner of file
file_read_denied,McAfee Solidifier prevented an attempt to read file
file_write_denied,McAfee Solidifier prevented an attempt to modify file
package_modification_allowed*,McAfee Solidifier allowed package modification
package_modification_prevented*,McAfee Solidifier prevented package modification
process_exited,McAfee Solidifier detected exit of process
process_hijacked,McAfee Solidifier detected an attempt to exploit process
process_started,McAfee Solidifier detected start of process
process_terminated,McAfee Solidifier prevented process processname making unauthorized access / call. The process was terminated.
registry_created*,McAfee Solidifier detected creation of registry key
registry_deleted*,McAfee Solidifier detected deletion of registry key or value
registry_write_denied*,McAfee Solidifier prevented an attempt to modify registry
registry_modified*,McAfee Solidifier detected modification to registry value
trial_license_expired,
user_account_created*,McAfee Solidifier detected creation of user account
user_account_deleted*,McAfee Solidifier detected deletion of user account
user_account_modified*,McAfee Solidifier detected modification of user account
user_logged_off*,McAfee Solidifier detected successful logoff by user
user_logged_on*,McAfee Solidifier detected successful logon by user
user_logon_failed*,McAfee Solidifier detected failed logon by user
activex_installation_allowed,McAfee Solidifier allowed installation of ActiveX
activex_installation_prevented,McAfee Solidifier prevented installation of ActiveX
attribute_cleared_in_data_stream,McAfee Solidifier detected removal of attribute from Alternate Data Stream
attribute_modified_in_data_stream,McAfee Solidifier detected modification to attributes of Alternate Data Stream
attribute_added_in_data_stream,McAfee Solidifier detected addition of an attribute to Alternate Data Stream
alternate_data_stream_created,McAfee Solidifier detected creation of Alternate Data Stream
alternate_data_stream_deleted,McAfee Solidifier detected modification to Alternate Data Stream
alternate_data_stream_modified,McAfee Solidifier detected deletion of Alternate Data Stream
initial_scan_task_completed,Initial Scan Completed
booting_observe,Booted in Observe Mode
begin_observe_on_reboot,Start Observe Mode On Reboot
