event.deviceEventClassId,set.event.name
a000, Port Probe                                   
a001, Distributed Port Probe                       
a002, SYN attack                                   
a003, RPC showmount                                
a004, RPC NFS mount                                
a006, Multiple String Match                        
a007, RPC info                                   
a008, Boink attack                               
a009, Bonk attack                                
a00a, Land attack                                
a00b, Tear Drop attack                           
a00c, Pepsi attack                               
a00d, New Pepsi attack                           
a00e, Telnet                                     
a00f, Ping Sweep probe                           
a010, Ping Flood attack                          
a011, Domain Changed                            
a012, Closed Connection                         
a013, New TCP Connection                        
a014, TCP Reset                                 
a016, IP Option: RR                             
a017, IP Option: TS                             
a018, IP Option: Security                       
a019, IP Option: LSRR                           
a01a, IP Option: SaTID                          
a01b, IP Option: SSRR                           
a01c, Bad IP Option                            
a01d, Unknown Protocol                         
a01e, IP header bad                            
a01f, Bad ftp address                          
a020, Bad ftp port                             
a021, UDP Bomb                                 
a022, ICMP echo                                
a023, ICMP echo Reply                          
a024, ICMP Unreachable                         
a025, ICMP Source Quench                       
a026, ICMP Redirect                            
a027, ICMP Time exceeded                      
a028, ICMP Parameter Problem                  
a029, ICMP Timestamp Request                  
a02a, ICMP Timestamp Reply                    
a02b, ICMP Info Request                       
a02c, ICMP Info Reply                         
a02d, ICMP address Mask Request               
a02e, ICMP address Mask Reply                 
a02f, ICMP Bad Type                           
a030, ICMP Fragmented                         
a031, ICMP Strong Loki                        
a032, ICMP General Loki                       
a033, ICMP Mask Sweep                         
a034, Ping Broadcast                          
a035, Smurf attack                           
a036, Win Nuke                              
a037, NBSeTFaIL                            
a038, NTSeTFaIL                           
a039, SMBaUTHFaIL                         
a03a, WINBaDPaSS                          
a03b, Netbios stat                        
a03c, Long URL                            
a03d, php Overflow                        
a03e, Windows Registry                    
a03f, Win Null account Name               
a040, DNS IP address for Name             
a041, DNS Name Server                     
a042, DNS Canonical Name                 
a043, DNS Zone authorization             
a044, DNS Pointer                        
a045, DNS Host Info                      
a046, DNS Mail                           
a047, DNS Zone Bad                       
a048, DNS Reqest all Records             
a049, DNS Unknown                        
a04a, Red Button attack                  
a04b, RPC Proc Null                      
a04c, RPC Register                       
a04d, RPC Unregister                     
a04e, RPC ypserv                         
a04f, RPC mountd                         
a050, RPC ypbind                         
a051, RPC yppasswdd                      
a052, RPC rexd                           
a053, RPC ypupdated                      
a054, RPC ypxfrd                         
a055, RPC NIS Plus                     
a056, ident overflow                                       
a057, ident newlines                                       
a058, anomaly                                              
a059, RPC ToolTalk                                         
a05a, RPC automountd                                       
a05b, Win Snork DoS                                        
a05c, Win BackOrifice                                      
a05d, ICMP Large Packet                                    
a05e, OS Fingerprint Queso                                 
a05f, OS Fingerprint nmap                                  
a060, ICMP Loki tunneling                                  
a061, Traceroute                                           
a062, RPC suncalman      
a063, DNS Zone Transfer 
a064, RPC High Port activity   
a065, NTSTaT bad passwd      
a066, NTSTaT No User         
a067, NT sys_tstamp          
a068, NT List Shares        
a069, NT Server Get Info    
a06a, NT Map Drive          
a06b, NT SaMR Connect       
a06c, NT access Denied      
a06d, RPC sadmind           
a06e, Bad Fragment          
a06f, Missing Fragment      
a070, Malformed ICMP packet 
a071, SSH session          
a072, RPC rstatd           
a073, Packet Header Too Short 
a074, Overlapped Fragments    
a075, Jolt attack             
a076, Hot Source IP 
a077, ICMP Bad Protocol                                 
a078, FTP Long Password                            
a079, FTP Session                                  
a07a, Carlos Test event                             
a07b, Xterm Session                                    
a07c, Large DNS Query                                 
a07d, New UDP Connection                             
a07e, SNMP Protocol Violation
a07f, SNMP Trap Violation   
a080, PROTOS SNMP Tool     
a081, apache Chunked encoding exploit 
a082, RPC Cachefsd                   
a083, RPC Xfsmd                     
a084, IIS Directory Listing        
a085, vnc_all_ports                                        
a086, OpenSSL Shellcode           
a087, OpenSSL Cleartext Commands 
a088, Slapper Worm Outbound Traffic
a089, OpenSSH Cleartext Commands
a08a, Heartbeat from Sensor       
a08b, IPv6 tunneled in IPv4      
a08c, GRe IP Protocol Tunnel    
a08d, Tiny Fragment            
a08e, FTP MKD Successful      
a08f, MySQL Null Session     
a090, IIS CGI Gateway error                                
a091, Windows CMD Shell                                    
a092, MSRPC Winnuke                                        
a093, MSRPC DCOM                                           
a094, RPC Sadmind exploit                                  
a095, CISCO (config) prompt                                
a096, CISCO (enable) prompt                                
a097, CISCO VPN (main)                                     
a098, Busybox Shell                                        
a099, CISCO HTTP (access)                                  
a09a, Distributed Port Probe2                              
a09b, IRC Commands                                         
a09c, CMD Shell Directory Listing                          
a09d, encrypted Tunnel                                     
a09f, Tunnel Port 80
a0a0, anomalous SSL                                        
a0a1, Poison Ivy                                           
a0a2, DNS Query on Non-Standard Port                       
a0a3, Non SSH Protocol                                     
a100, Large DNS Request
afff, Heartbeat from Sensor                                
d000, Block Successful                                     
d001, Unblock Successful                                   
d002, already Blocked                                   
d003, Never Block                                       
d004, Invalid Ip address    
d005, IP Not Blocked       
d100, Firewall event      
d107, LOKI Tunneling                                    
d200, Packet to localhost.    
d201, Packet to or from aSIM sensor.                    
d202, High port DNS.                                    
d203, NetBios packet fail.                              
d204, Deny TCP ports.
d205, Deny TCP src port.
d206, Deny UDP port.
d207, ICMP Broadcast fail
d208, IP Fragment       
d209, Permanent Shun   
d20a, aTO Generated alert                                  
d20b, aTO FIReWaLL DOWN                                    
d210, Bogus Fragment 
d300, Shunned Traffic 
d901, Root Intrusion - Low Confidence                   
d902, Root Intrusion - Medium Confidence               
d903, Root Intrusion - High Confidence                 
f000, Normal Satan Scan
f001, RPC Buffer Overflow
f002, Saint Scan
f003, In connection after Large DNS Query
f004, Out connection after Large DNS Query
f005, 5 Distinct events
f006, 5 events
f007, 256 Distinct Sensors
f008, Ms_exchange_Ovflw                                    
f010, kcms_vul                                             
f011, wget_http                                            
f012, etc_passwd                                           
