event.deviceProcessName,set.event.deviceProcessName
10,*
21,SMTPI Service
22,SMTPIS Service
30,SMTPO Service
41,POP3 Service
42,POP3S Service
51,IMAP4 Service
52,IMAP4S Service
90,Apache Web Server
91,WebMail Protection
100,Tomcat (JavaScript Interpreter)
110,Admin (internal service that runs scripts)
120,Alert Manager
130,Cleanup Schedule
140,Health Monitor
150,Report Generator
151,Policy Configuration
160,Schedule (running periodic scheduled tasks)
161,Schedule for FTP
163,Archive
164,LDAP Synchronization
165,Nightly Schedule (running nightly scheduled tasks)
166,Statistics Collector
170,Optimize
180,Mail-IPS
190,Anomaly Detection Engine
200,Anti-Virus Queue
210,Content Filtering Queue
220,Envelope Analysis Queue
230,Rip Queue
240,Join Queue
250,Quarantine Queue
260,Spam Queue
270,SSH Command Line Interface
280,SSH Maintenance (monitoring the SSH port)
290,Secure Web Delivery Queue
300,Audit
330,Bootport
340,Verity File Translator Queue
360,Corporate Compliance
900,Check Tool
910,Updater
