"event.name","set.event.name","set.event.deviceEventClassId"
"accept(2)","AUE_ACCEPT","AUE_ACCEPT"
"access(2)","AUE_ACCESS","AUE_ACCESS"
"acct(2)","AUE_ACCT","AUE_ACCT"
"acl(2) - SETACL command","AUE_ACLSET","AUE_ACLSET"
"add filesystem","AUE_filesystem_add","AUE_filesystem_add"
"Add IPsec policy rule","AUE_PF_POLICY_ADDRULE","AUE_PF_POLICY_ADDRULE"
"add network attributes","AUE_network_add","AUE_network_add"
"add printer","AUE_printer_add","AUE_printer_add"
"add scheduled job","AUE_scheduledjob_add","AUE_scheduledjob_add"
"add serial port","AUE_serialport_add","AUE_serialport_add"
"add user/user attributes","AUE_usermgr_add","AUE_usermgr_add"
"adjtime(2)","AUE_ADJTIME","AUE_ADJTIME"
"admin login","AUE_admin_authenticate","AUE_admin_authenticate"
"allocate-device failure","AUE_allocate_fail","AUE_allocate_fail"
"allocate-device success","AUE_allocate_succ","AUE_allocate_succ"
"allocate-list devices failure","AUE_listdevice_fail","AUE_listdevice_fail"
"allocate-list devices success","AUE_listdevice_succ","AUE_listdevice_succ"
"async_daemon(2)","AUE_ASYNC_DAEMON","AUE_ASYNC_DAEMON"
"async_daemon(2) exited","AUE_ASYNC_DAEMON_EXIT","AUE_ASYNC_DAEMON_EXIT"
"at-create atjob","AUE_at_create","AUE_at_create"
"at-delete atjob (at or atrm)","AUE_at_delete","AUE_at_delete"
"at-permission","AUE_at_perm","AUE_at_perm"
"audit system calls place holder","AUE_AUDITSYS","AUE_AUDITSYS"
"audit(2)","AUE_AUDIT","AUE_AUDIT"
"auditon(2) - GESTATE command","AUE_AUDITON_GESTATE","AUE_AUDITON_GESTATE"
"auditon(2) - get audit policy flags","AUE_AUDITON_GPOLICY","AUE_AUDITON_GPOLICY"
"auditon(2) - get audit state","AUE_AUDITON_GETCOND","AUE_AUDITON_GETCOND"
"auditon(2) - get audit statistics","AUE_AUDITON_GETSTAT","AUE_AUDITON_GETSTAT"
"auditon(2) - get current active root","AUE_AUDITON_GETCAR","AUE_AUDITON_GETCAR"
"auditon(2) - get current working directory","AUE_AUDITON_GETCWD","AUE_AUDITON_GETCWD"
"auditon(2) - get event class","AUE_AUDITON_GETCLASS","AUE_AUDITON_GETCLASS"
"auditon(2) - get kernel mask","AUE_AUDITON_GETKMASK","AUE_AUDITON_GETKMASK"
"auditon(2) - get queue control parameters","AUE_AUDITON_GQCTRL","AUE_AUDITON_GQCTRL"
"auditon(2) - GETTERMID command","AUE_AUDITON_GTERMID","AUE_AUDITON_GTERMID"
"auditon(2) - place holder","AUE_AUDITON","AUE_AUDITON"
"auditon(2) - reset audit statistics","AUE_AUDITON_SETSTAT","AUE_AUDITON_SETSTAT"
"auditon(2) - SESTATE command","AUE_AUDITON_SESTATE","AUE_AUDITON_SESTATE"
"auditon(2) - set audit policy flags","AUE_AUDITON_SPOLICY","AUE_AUDITON_SPOLICY"
"auditon(2) - set audit state","AUE_AUDITON_SETCOND","AUE_AUDITON_SETCOND"
"auditon(2) - set event class","AUE_AUDITON_SETCLASS","AUE_AUDITON_SETCLASS"
"auditon(2) - set kernel mask","AUE_AUDITON_SETKMASK","AUE_AUDITON_SETKMASK"
"auditon(2) - set mask per audit uid","AUE_AUDITON_SETUMASK","AUE_AUDITON_SETUMASK"
"auditon(2) - set mask per session ID","AUE_AUDITON_SETSMASK","AUE_AUDITON_SETSMASK"
"auditon(2) - set queue control parameters","AUE_AUDITON_SQCTRL","AUE_AUDITON_SQCTRL"
"auditon(2) - SETTERMID command","AUE_AUDITON_STERMID","AUE_AUDITON_STERMID"
"auditstat(2)","AUE_AUDITSTAT","AUE_AUDITSTAT"
"auditsvc(2)","AUE_AUDITSVC","AUE_AUDITSVC"
"authenticated kadmind request","AUE_kadmind_auth","AUE_kadmind_auth"
"authorization used","AUE_uauth","AUE_uauth"
"bind(2)","AUE_BIND","AUE_BIND"
"brandsys(2)","AUE_BRANDSYS","AUE_BRANDSYS"
"bsmsys(2) - place holder","AUE_BSMSYS","AUE_BSMSYS"
"chdir(2)","AUE_CHDIR","AUE_CHDIR"
"chmod(2)","AUE_CHMOD","AUE_CHMOD"
"chown(2)","AUE_CHOWN","AUE_CHOWN"
"chroot(2)","AUE_CHROOT","AUE_CHROOT"
"client connection to x server","AUE_ClientConnect","AUE_ClientConnect"
"client disconn. from x server","AUE_ClientDisconnect","AUE_ClientDisconnect"
"clock_settime(3RT)","AUE_CLOCK_SETTIME","AUE_CLOCK_SETTIME"
"Clone IPsec policy","AUE_PF_POLICY_CLONE","AUE_PF_POLICY_CLONE"
"close(2)","AUE_CLOSE","AUE_CLOSE"
"configure kernel SSL","AUE_CONFIGSSL","AUE_CONFIGSSL"
"configure socket","AUE_SOCKCONFIG","AUE_SOCKCONFIG"
"connect to RAD","AUE_rad_login","AUE_rad_login"
"connect(2)","AUE_CONNECT","AUE_CONNECT"
"creat(2)","AUE_CREAT","AUE_CREAT"
"create user","AUE_create_user","AUE_create_user"
"cron-invoke","AUE_cron_invoke","AUE_cron_invoke"
"crontab-crontab created","AUE_crontab_create","AUE_crontab_create"
"crontab-crontab deleted","AUE_crontab_delete","AUE_crontab_delete"
"crontab-modify","AUE_crontab_mod","AUE_crontab_mod"
"crontab-persmisson","AUE_crontab_perm","AUE_crontab_perm"
"deallocate-device failure","AUE_deallocate_fail","AUE_deallocate_fail"
"deallocate-device success","AUE_deallocate_succ","AUE_deallocate_succ"
"delete filesystem","AUE_filesystem_delete","AUE_filesystem_delete"
"Delete IPsec policy rule","AUE_PF_POLICY_DELRULE","AUE_PF_POLICY_DELRULE"
"delete network attributes","AUE_network_delete","AUE_network_delete"
"delete printer","AUE_printer_delete","AUE_printer_delete"
"delete scheduled job","AUE_scheduledjob_delete","AUE_scheduledjob_delete"
"delete serial port","AUE_serialport_delete","AUE_serialport_delete"
"delete user","AUE_delete_user","AUE_delete_user"
"delete user/user attributes","AUE_usermgr_delete","AUE_usermgr_delete"
"disable user","AUE_disable_user","AUE_disable_user"
"doorfs(2) - DOOR_BIND","AUE_DOORFS_DOOR_BIND","AUE_DOORFS_DOOR_BIND"
"doorfs(2) - DOOR_CALL","AUE_DOORFS_DOOR_CALL","AUE_DOORFS_DOOR_CALL"
"doorfs(2) - DOOR_CREATE","AUE_DOORFS_DOOR_CREATE","AUE_DOORFS_DOOR_CREATE"
"doorfs(2) - DOOR_CRED","AUE_DOORFS_DOOR_CRED","AUE_DOORFS_DOOR_CRED"
"doorfs(2) - DOOR_INFO","AUE_DOORFS_DOOR_INFO","AUE_DOORFS_DOOR_INFO"
"doorfs(2) - DOOR_RETURN","AUE_DOORFS_DOOR_RETURN","AUE_DOORFS_DOOR_RETURN"
"doorfs(2) - DOOR_REVOKE","AUE_DOORFS_DOOR_REVOKE","AUE_DOORFS_DOOR_REVOKE"
"doorfs(2) - DOOR_UNBIND","AUE_DOORFS_DOOR_UNBIND","AUE_DOORFS_DOOR_UNBIND"
"doorfs(2) - system call place holder","AUE_DOORFS","AUE_DOORFS"
"dup2(2)","AUE_DUP2","AUE_DUP2"
"enable user","AUE_enable_user","AUE_enable_user"
"enter prom","AUE_ENTERPROM","AUE_ENTERPROM"
"exec(2)","AUE_EXEC","AUE_EXEC"
"execve(2)","AUE_EXECVE","AUE_EXECVE"
"exit prom","AUE_EXITPROM","AUE_EXITPROM"
"exit(2)","AUE_EXIT","AUE_EXIT"
"exportfs(2)","AUE_EXPORTFS","AUE_EXPORTFS"
"facl(2) - SETACL command","AUE_FACLSET","AUE_FACLSET"
"fchdir(2)","AUE_FCHDIR","AUE_FCHDIR"
"fchmod(2)","AUE_FCHMOD","AUE_FCHMOD"
"fchown(2)","AUE_FCHOWN","AUE_FCHOWN"
"fchownat(2)","AUE_FCHOWNAT","AUE_FCHOWNAT"
"fchroot(2)","AUE_FCHROOT","AUE_FCHROOT"
"fcntl(2)","AUE_FCNTL","AUE_FCNTL"
"file copy","AUE_file_copy","AUE_file_copy"
"file move","AUE_file_move","AUE_file_move"
"Flip IPsec policy","AUE_PF_POLICY_FLIP","AUE_PF_POLICY_FLIP"
"flock(2)","AUE_FLOCK","AUE_FLOCK"
"Flush IPsec policy rules","AUE_PF_POLICY_FLUSH","AUE_PF_POLICY_FLUSH"
"fork(2)","AUE_FORK","AUE_FORK"
"fork1(2)","AUE_FORK1","AUE_FORK1"
"fsat(2) - place holder","AUE_FSAT","AUE_FSAT"
"fstat(2)","AUE_FSTAT","AUE_FSTAT"
"fstatat(2)","AUE_FSTATAT","AUE_FSTATAT"
"fstatfs(2)","AUE_FSTATFS","AUE_FSTATFS"
"ftp access","AUE_ftpd","AUE_ftpd"
"ftp logout","AUE_ftpd_logout","AUE_ftpd_logout"
"ftruncate(2)","AUE_FTRUNCATE","AUE_FTRUNCATE"
"futimesat(2)","AUE_FUTIMESAT","AUE_FUTIMESAT"
"getaudit(2)","AUE_GETAUDIT","AUE_GETAUDIT"
"getaudit_addr(2)","AUE_GETAUDIT_ADDR","AUE_GETAUDIT_ADDR"
"getauid(2)","AUE_GETAUID","AUE_GETAUID"
"getdents(2)","AUE_GETDENTS","AUE_GETDENTS"
"getkernstate(2)","AUE_GETKERNSTATE","AUE_GETKERNSTATE"
"getmsg(2)","AUE_GETMSG","AUE_GETMSG"
"getmsg-accept","AUE_SOCKACCEPT","AUE_SOCKACCEPT"
"getmsg-receive","AUE_SOCKRECEIVE","AUE_SOCKRECEIVE"
"getpmsg(2)","AUE_GETPMSG","AUE_GETPMSG"
"getportaudit(2)","AUE_GETPORTAUDIT","AUE_GETPORTAUDIT"
"getuseraudit(2)","AUE_GETUSERAUDIT","AUE_GETUSERAUDIT"
"halt(1m)","AUE_halt_solaris","AUE_halt_solaris"
"indir system call","AUE_NULL","AUE_NULL"
"inetd connect","AUE_inetd_connect","AUE_inetd_connect"
"inetd copylimit","AUE_inetd_copylimit","AUE_inetd_copylimit"
"inetd failrate","AUE_inetd_failrate","AUE_inetd_failrate"
"inetd ratelimit","AUE_inetd_ratelimit","AUE_inetd_ratelimit"
"init(1m)","AUE_init_solaris","AUE_init_solaris"
"inst_sync(2)","AUE_INST_SYNC","AUE_INST_SYNC"
"ioctl(2)","AUE_IOCTL","AUE_IOCTL"
"junk","AUE_JUNK","AUE_JUNK"
"kdc authentication svc request","AUE_krb5kdc_as_req","AUE_krb5kdc_as_req"
"kdc tgs 2ndtkt mismtch","AUE_krb5kdc_tgs_req_2ndtktmm","AUE_krb5kdc_tgs_req_2ndtktmm"
"kdc tgs issue alt tgt","AUE_krb5kdc_tgs_req_alt_tgt","AUE_krb5kdc_tgs_req_alt_tgt"
"kdc tkt-grant svc request","AUE_krb5kdc_tgs_req","AUE_krb5kdc_tgs_req"
"kernel cryptographic framework","AUE_CRYPTOADM","AUE_CRYPTOADM"
"kill(2)","AUE_KILL","AUE_KILL"
"killpg(2)","AUE_KILLPG","AUE_KILLPG"
"lchown(2)","AUE_LCHOWN","AUE_LCHOWN"
"link(2)","AUE_LINK","AUE_LINK"
"login - local","AUE_login","AUE_login"
"login - rlogin","AUE_rlogin","AUE_rlogin"
"login - ssh","AUE_ssh","AUE_ssh"
"login - telnet","AUE_telnet","AUE_telnet"
"login - zlogin","AUE_zlogin","AUE_zlogin"
"logout","AUE_logout","AUE_logout"
"lseek(2)","AUE_LSEEK","AUE_LSEEK"
"lstat(2)","AUE_LSTAT","AUE_LSTAT"
"lxstat(2)","AUE_LXSTAT","AUE_LXSTAT"
"mctl(2)","AUE_MCTL","AUE_MCTL"
"memcntl(2)","AUE_MEMCNTL","AUE_MEMCNTL"
"mkdir(2)","AUE_MKDIR","AUE_MKDIR"
"mknod(2)","AUE_MKNOD","AUE_MKNOD"
"mmap(2)","AUE_MMAP","AUE_MMAP"
"modctl(2) - bind module","AUE_MODADDMAJ","AUE_MODADDMAJ"
"modctl(2) - configure additional privilege","AUE_MODADDPRIV","AUE_MODADDPRIV"
"modctl(2) - configure device policy","AUE_MODDEVPLCY","AUE_MODDEVPLCY"
"modctl(2) - load module","AUE_MODLOAD","AUE_MODLOAD"
"modctl(2) - no longer generated","AUE_MODCONFIG","AUE_MODCONFIG"
"modctl(2) - unload module","AUE_MODUNLOAD","AUE_MODUNLOAD"
"modctl(2) system call place holder","AUE_MODCTL","AUE_MODCTL"
"modify filesystem","AUE_filesystem_modify","AUE_filesystem_modify"
"modify network attributes","AUE_network_modify","AUE_network_modify"
"modify printer","AUE_printer_modify","AUE_printer_modify"
"modify scheduled job","AUE_scheduledjob_modify","AUE_scheduledjob_modify"
"modify serial port","AUE_serialport_modify","AUE_serialport_modify"
"modify user","AUE_modify_user","AUE_modify_user"
"modify user/user attributes","AUE_usermgr_modify","AUE_usermgr_modify"
"mount","AUE_mountd_mount","AUE_mountd_mount"
"mount(2)","AUE_MOUNT","AUE_MOUNT"
"msgctl(2) - illegal command","AUE_MSGCTL","AUE_MSGCTL"
"msgctl(2) - IPC_RMID command","AUE_MSGCTL_RMID","AUE_MSGCTL_RMID"
"msgctl(2) - IPC_SET command","AUE_MSGCTL_SET","AUE_MSGCTL_SET"
"msgctl(2) - IPC_STAT command","AUE_MSGCTL_STAT","AUE_MSGCTL_STAT"
"msgget(2)","AUE_MSGGET","AUE_MSGGET"
"msggetl(2)","AUE_MSGGETL","AUE_MSGGETL"
"msgrcv(2)","AUE_MSGRCV","AUE_MSGRCV"
"msgrcvl(2)","AUE_MSGRCVL","AUE_MSGRCVL"
"msgsnd(2)","AUE_MSGSND","AUE_MSGSND"
"msgsndl(2)","AUE_MSGSNDL","AUE_MSGSNDL"
"msgsys(2) - place holder","AUE_MSGSYS","AUE_MSGSYS"
"munmap(2)","AUE_MUNMAP","AUE_MUNMAP"
"newgrp login","AUE_newgrp_login","AUE_newgrp_login"
"nfs server","AUE_NFS","AUE_NFS"
"nfs_getfh(2)","AUE_NFS_GETFH","AUE_NFS_GETFH"
"nfs_svc(2)","AUE_NFS_SVC","AUE_NFS_SVC"
"nfssvc(2) exited","AUE_NFSSVC_EXIT","AUE_NFSSVC_EXIT"
"ntp_adjtime(2)","AUE_NTP_ADJTIME","AUE_NTP_ADJTIME"
"old nice(2)","AUE_NICE","AUE_NICE"
"old setgid(2)","AUE_SETGID","AUE_SETGID"
"old setpgrp(2)","AUE_OSETPGRP","AUE_OSETPGRP"
"old setuid(2)","AUE_SETUID","AUE_SETUID"
"old stat(2)","AUE_OSTAT","AUE_OSTAT"
"old stime(2)","AUE_STIME","AUE_STIME"
"old utime(2)","AUE_UTIME","AUE_UTIME"
"one-sided session record","AUE_ONESIDE","AUE_ONESIDE"
"open(2) - place holder","AUE_OPEN","AUE_OPEN"
"open(2) - read","AUE_OPEN_R","AUE_OPEN_R"
"open(2) - read,creat","AUE_OPEN_RC","AUE_OPEN_RC"
"open(2) - read,creat,trunc","AUE_OPEN_RTC","AUE_OPEN_RTC"
"open(2) - read,trunc","AUE_OPEN_RT","AUE_OPEN_RT"
"open(2) - read,write","AUE_OPEN_RW","AUE_OPEN_RW"
"open(2) - read,write,creat","AUE_OPEN_RWC","AUE_OPEN_RWC"
"open(2) - read,write,creat,trunc","AUE_OPEN_RWTC","AUE_OPEN_RWTC"
"open(2) - read,write,trunc","AUE_OPEN_RWT","AUE_OPEN_RWT"
"open(2) - write","AUE_OPEN_W","AUE_OPEN_W"
"open(2) - write,creat","AUE_OPEN_WC","AUE_OPEN_WC"
"open(2) - write,creat,trunc","AUE_OPEN_WTC","AUE_OPEN_WTC"
"open(2) - write,trunc","AUE_OPEN_WT","AUE_OPEN_WT"
"openat(2) - read","AUE_OPENAT_R","AUE_OPENAT_R"
"openat(2) - read,creat","AUE_OPENAT_RC","AUE_OPENAT_RC"
"openat(2) - read,creat,trunc","AUE_OPENAT_RTC","AUE_OPENAT_RTC"
"openat(2) - read,trunc","AUE_OPENAT_RT","AUE_OPENAT_RT"
"openat(2) - read,write","AUE_OPENAT_RW","AUE_OPENAT_RW"
"openat(2) - read,write,creat","AUE_OPENAT_RWC","AUE_OPENAT_RWC"
"openat(2) - read,write,creat,trunc","AUE_OPENAT_RWTC","AUE_OPENAT_RWTC"
"openat(2) - read,write,trunc","AUE_OPENAT_RWT","AUE_OPENAT_RWT"
"openat(2) - write","AUE_OPENAT_W","AUE_OPENAT_W"
"openat(2) - write,creat","AUE_OPENAT_WC","AUE_OPENAT_WC"
"openat(2) - write,creat,trunc","AUE_OPENAT_WTC","AUE_OPENAT_WTC"
"openat(2) - write,trunc","AUE_OPENAT_WT","AUE_OPENAT_WT"
"OpenSSH login","AUE_openssh","AUE_openssh"
"p_online(2)","AUE_P_ONLINE","AUE_P_ONLINE"
"passwd","AUE_passwd","AUE_passwd"
"pathconf(2)","AUE_PATHCONF","AUE_PATHCONF"
"pipe(2)","AUE_PIPE","AUE_PIPE"
"poweroff(1m)","AUE_poweroff_solaris","AUE_poweroff_solaris"
"priocntlsys(2)","AUE_PRIOCNTLSYS","AUE_PRIOCNTLSYS"
"process dumped core","AUE_CORE","AUE_CORE"
"processor_bind(2)","AUE_PROCESSOR_BIND","AUE_PROCESSOR_BIND"
"profile command","AUE_prof_cmd","AUE_prof_cmd"
"putmsg(2)","AUE_PUTMSG","AUE_PUTMSG"
"putmsg-connect","AUE_SOCKCONNECT","AUE_SOCKCONNECT"
"putmsg-send","AUE_SOCKSEND","AUE_SOCKSEND"
"putpmsg(2)","AUE_PUTPMSG","AUE_PUTPMSG"
"quotactl(2)","AUE_QUOTACTL","AUE_QUOTACTL"
"read(2)","AUE_READ","AUE_READ"
"readl(2)","AUE_READL","AUE_READL"
"readlink(2)","AUE_READLINK","AUE_READLINK"
"readv(2)","AUE_READV","AUE_READV"
"readvl(2)","AUE_READVL","AUE_READVL"
"reboot(1m)","AUE_reboot_solaris","AUE_reboot_solaris"
"reboot(2)","AUE_REBOOT","AUE_REBOOT"
"recv(2)","AUE_RECV","AUE_RECV"
"recvfrom(2)","AUE_RECVFROM","AUE_RECVFROM"
"recvmsg(2)","AUE_RECVMSG","AUE_RECVMSG"
"relabel file","AUE_file_relabel","AUE_file_relabel"
"rename(2)","AUE_RENAME","AUE_RENAME"
"renameat(2)","AUE_RENAMEAT","AUE_RENAMEAT"
"rexd","AUE_rexd","AUE_rexd"
"rexecd","AUE_rexecd","AUE_rexecd"
"rfssys(2) - place holder","AUE_RFSSYS","AUE_RFSSYS"
"rmdir(2)","AUE_RMDIR","AUE_RMDIR"
"role login","AUE_role_login","AUE_role_login"
"role logout","AUE_role_logout","AUE_role_logout"
"rsh access","AUE_rshd","AUE_rshd"
"screenlock - lock","AUE_screenlock","AUE_screenlock"
"screenlock - unlock","AUE_screenunlock","AUE_screenunlock"
"selection manager transfer","AUE_sel_mgr_xfer","AUE_sel_mgr_xfer"
"semctl(2) - GETALL command","AUE_SEMCTL_GETALL","AUE_SEMCTL_GETALL"
"semctl(2) - GETNCNT command","AUE_SEMCTL_GETNCNT","AUE_SEMCTL_GETNCNT"
"semctl(2) - GETPID command","AUE_SEMCTL_GETPID","AUE_SEMCTL_GETPID"
"semctl(2) - GETVAL command","AUE_SEMCTL_GETVAL","AUE_SEMCTL_GETVAL"
"semctl(2) - GETZCNT command","AUE_SEMCTL_GETZCNT","AUE_SEMCTL_GETZCNT"
"semctl(2) - illegal command","AUE_SEMCTL","AUE_SEMCTL"
"semctl(2) - IPC_RMID command","AUE_SEMCTL_RMID","AUE_SEMCTL_RMID"
"semctl(2) - IPC_SET command","AUE_SEMCTL_SET","AUE_SEMCTL_SET"
"semctl(2) - IPC_STAT command","AUE_SEMCTL_STAT","AUE_SEMCTL_STAT"
"semctl(2) - SETALL command","AUE_SEMCTL_SETALL","AUE_SEMCTL_SETALL"
"semctl(2) - SETVAL command","AUE_SEMCTL_SETVAL","AUE_SEMCTL_SETVAL"
"semget(2)","AUE_SEMGET","AUE_SEMGET"
"semgetl(2)","AUE_SEMGETL","AUE_SEMGETL"
"semop(2)","AUE_SEMOP","AUE_SEMOP"
"semsys(2) - place holder","AUE_SEMSYS","AUE_SEMSYS"
"send(2)","AUE_SEND","AUE_SEND"
"sendmsg(2)","AUE_SENDMSG","AUE_SENDMSG"
"sendto(2)","AUE_SENDTO","AUE_SENDTO"
"setaudit(2)","AUE_SETAUDIT","AUE_SETAUDIT"
"setaudit_addr(2)","AUE_SETAUDIT_ADDR","AUE_SETAUDIT_ADDR"
"setauid(2)","AUE_SETAUID","AUE_SETAUID"
"setdomainname(2)","AUE_SETDOMAINNAME","AUE_SETDOMAINNAME"
"setegid(2)","AUE_SETEGID","AUE_SETEGID"
"seteuid(2)","AUE_SETEUID","AUE_SETEUID"
"setgroups(2)","AUE_SETGROUPS","AUE_SETGROUPS"
"sethostname(2)","AUE_SETHOSTNAME","AUE_SETHOSTNAME"
"setkernstate(2)","AUE_SETKERNSTATE","AUE_SETKERNSTATE"
"setpgrp(2)","AUE_SETPGRP","AUE_SETPGRP"
"setppriv(2)","AUE_SETPPRIV","AUE_SETPPRIV"
"setpriority(2)","AUE_SETPRIORITY","AUE_SETPRIORITY"
"setregid(2)","AUE_SETREGID","AUE_SETREGID"
"setreuid(2)","AUE_SETREUID","AUE_SETREUID"
"setrlimit(2)","AUE_SETRLIMIT","AUE_SETRLIMIT"
"setsockopt(2)","AUE_SETSOCKOPT","AUE_SETSOCKOPT"
"settimeofday(2)","AUE_SETTIMEOFDAY","AUE_SETTIMEOFDAY"
"setuseraudit(2)","AUE_SETUSERAUDIT","AUE_SETUSERAUDIT"
"shmat(2)","AUE_SHMAT","AUE_SHMAT"
"shmctl(2) - illegal command","AUE_SHMCTL","AUE_SHMCTL"
"shmctl(2) - IPC_RMID command","AUE_SHMCTL_RMID","AUE_SHMCTL_RMID"
"shmctl(2) - IPC_SET command","AUE_SHMCTL_SET","AUE_SHMCTL_SET"
"shmctl(2) - IPC_STAT command","AUE_SHMCTL_STAT","AUE_SHMCTL_STAT"
"shmdt(2)","AUE_SHMDT","AUE_SHMDT"
"shmget(2)","AUE_SHMGET","AUE_SHMGET"
"shmgetl(2)","AUE_SHMGETL","AUE_SHMGETL"
"shmsys(2) - place holder","AUE_SHMSYS","AUE_SHMSYS"
"shutdown(1b)","AUE_shutdown_solaris","AUE_shutdown_solaris"
"shutdown(2)","AUE_SHUTDOWN","AUE_SHUTDOWN"
"smserverd","AUE_smserverd","AUE_smserverd"
"socket(2)","AUE_SOCKET","AUE_SOCKET"
"socketpair(2)","AUE_SOCKETPAIR","AUE_SOCKETPAIR"
"stat(2)","AUE_STAT","AUE_STAT"
"statfs(2)","AUE_STATFS","AUE_STATFS"
"statvfs(2)","AUE_STATVFS","AUE_STATVFS"
"su","AUE_su","AUE_su"
"su logout","AUE_su_logout","AUE_su_logout"
"sudo(1M) execution","AUE_sudo","AUE_sudo"
"swapon(2)","AUE_SWAPON","AUE_SWAPON"
"symlink(2)","AUE_SYMLINK","AUE_SYMLINK"
"sysinfo(2)","AUE_SYSINFO","AUE_SYSINFO"
"system booted","AUE_SYSTEMBOOT","AUE_SYSTEMBOOT"
"tnmlp(2) - config TN multi-level port entry","AUE_LABELSYS_TNMLP","AUE_LABELSYS_TNMLP"
"tnrh(2) - config TN remote host cache","AUE_LABELSYS_TNRH","AUE_LABELSYS_TNRH"
"tnrhtp(2) - config TN remote host template cache","AUE_LABELSYS_TNRHTP","AUE_LABELSYS_TNRHTP"
"truncate(2)","AUE_TRUNCATE","AUE_TRUNCATE"
"uadmin(1m)","AUE_uadmin_solaris","AUE_uadmin_solaris"
"umount(2) - old version","AUE_UMOUNT","AUE_UMOUNT"
"umount2(2)","AUE_UMOUNT2","AUE_UMOUNT2"
"unauthenticated kadmind req","AUE_kadmind_unauth","AUE_kadmind_unauth"
"unlink(2)","AUE_UNLINK","AUE_UNLINK"
"unlinkat(2)","AUE_UNLINKAT","AUE_UNLINKAT"
"unmount","AUE_mountd_umount","AUE_mountd_umount"
"unmount(2)","AUE_UNMOUNT","AUE_UNMOUNT"
"Update IPsec algorithms","AUE_PF_POLICY_ALGS","AUE_PF_POLICY_ALGS"
"utimes(2)","AUE_UTIMES","AUE_UTIMES"
"utssys(2) - fusers","AUE_FUSERS","AUE_FUSERS"
"vfork(2)","AUE_VFORK","AUE_VFORK"
"vpixsys(2) - place holder","AUE_VPIXSYS","AUE_VPIXSYS"
"vtrace(2)","AUE_VTRACE","AUE_VTRACE"
"Workspace label change","AUE_sl_change","AUE_sl_change"
"write(2)","AUE_WRITE","AUE_WRITE"
"writel(2)","AUE_WRITEL","AUE_WRITEL"
"writev(2)","AUE_WRITEV","AUE_WRITEV"
"writevl(2)","AUE_WRITEVL","AUE_WRITEVL"
"X server extensions","AUE_XExtensions","AUE_XExtensions"
"XAllocColor(3X11)","AUE_AllocColor","AUE_AllocColor"
"XAllocColorCells(3X11)","AUE_AllocColorCells","AUE_AllocColorCells"
"XAllocColorPlanes(3X11)","AUE_AllocColorPlanes","AUE_AllocColorPlanes"
"XAllocNamedColor(3X11)","AUE_AllocNamedColor","AUE_AllocNamedColor"
"XBell(3X11)","AUE_Bell","AUE_Bell"
"XChangeActivePointerGrab(3X11)","AUE_ChangeActivePointerGrab","AUE_ChangeActivePointerGrab"
"XChangeGC(3X11)","AUE_ChangeGC","AUE_ChangeGC"
"XChangeHosts(3X11)","AUE_ChangeHosts","AUE_ChangeHosts"
"XChangeKeyboardControl(3X11)","AUE_ChangeKeyboardControl","AUE_ChangeKeyboardControl"
"XChangeKeyboardMapping(3X11)","AUE_ChangeKeyboardMapping","AUE_ChangeKeyboardMapping"
"XChangePointerControl(3X11)","AUE_ChangePointerControl","AUE_ChangePointerControl"
"XChangeProperty(3X11)","AUE_ChangeProperty","AUE_ChangeProperty"
"XChangeSaveSet(3X11)","AUE_ChangeSaveSet","AUE_ChangeSaveSet"
"XChangeWindowAttributes(3X11)","AUE_ChangeWindowAttributes","AUE_ChangeWindowAttributes"
"XCirculateWindow(3X11)","AUE_CirculateWindow","AUE_CirculateWindow"
"XClearArea(3X11)","AUE_ClearArea","AUE_ClearArea"
"XConfigureWindow(3X11)","AUE_ConfigureWindow","AUE_ConfigureWindow"
"XConvertSelection(3X11)","AUE_ConvertSelection","AUE_ConvertSelection"
"XCopyArea(3X11)","AUE_CopyArea","AUE_CopyArea"
"XCopyColormapAndFree(3X11)","AUE_CopyColormapAndFree","AUE_CopyColormapAndFree"
"XCopyGC(3X11)","AUE_CopyGC","AUE_CopyGC"
"XCopyPlane(3X11)","AUE_CopyPlane","AUE_CopyPlane"
"XCreateColormap(3X11)","AUE_CreateColormap","AUE_CreateColormap"
"XCreateCursor(3X11)","AUE_CreateCursor","AUE_CreateCursor"
"XCreateGlyphCursor(3X11)","AUE_CreateGlyphCursor","AUE_CreateGlyphCursor"
"XCreateWindow(3X11)","AUE_CreateWindow","AUE_CreateWindow"
"XDeleteProperty(3X11)","AUE_DeleteProperty","AUE_DeleteProperty"
"XDestroySubwindows(3X11)","AUE_DestroySubwindows","AUE_DestroySubwindows"
"XDestroyWindow(3X11)","AUE_DestroyWindow","AUE_DestroyWindow"
"XFillPolygon(3X11)","AUE_FillPolygon","AUE_FillPolygon"
"XForceScreenSaver(3X11)","AUE_ForceScreenSaver","AUE_ForceScreenSaver"
"XFreeColormap(3X11)","AUE_FreeColormap","AUE_FreeColormap"
"XFreeColors(3X11)","AUE_FreeColors","AUE_FreeColors"
"XFreeCursor(3X11)","AUE_FreeCursor","AUE_FreeCursor"
"XFreeGC(3X11)","AUE_FreeGC","AUE_FreeGC"
"XFreePixmap(3X11)","AUE_FreePixmap","AUE_FreePixmap"
"XGetAtomName(3X11)","AUE_GetAtomName","AUE_GetAtomName"
"XGetGeometry(3X11)","AUE_GetGeometry","AUE_GetGeometry"
"XGetImage(3X11)","AUE_GetImage","AUE_GetImage"
"XGetInputFocus(3X11)","AUE_GetInputFocus","AUE_GetInputFocus"
"XGetMotionEvents(3X11)","AUE_GetMotionEvents","AUE_GetMotionEvents"
"XGetProperty(3X11)","AUE_GetProperty","AUE_GetProperty"
"XGetSelectionOwner(3X11)","AUE_GetSelectionOwner","AUE_GetSelectionOwner"
"XGetWindowAttributes(3X11)","AUE_GetWindowAttributes","AUE_GetWindowAttributes"
"XGrabButton(3X11)","AUE_GrabButton","AUE_GrabButton"
"XGrabKey(3X11)","AUE_GrabKey","AUE_GrabKey"
"XGrabKeyboard(3X11)","AUE_GrabKeyboard","AUE_GrabKeyboard"
"XGrabPointer(3X11)","AUE_GrabPointer","AUE_GrabPointer"
"XGrabServer(3X11)","AUE_GrabServer","AUE_GrabServer"
"XImageText16(3X11)","AUE_ImageText16","AUE_ImageText16"
"XImageText8(3X11)","AUE_ImageText8","AUE_ImageText8"
"XInstallColormap(3X11)","AUE_InstallColormap","AUE_InstallColormap"
"XInternAtom(3X11)","AUE_InternAtom","AUE_InternAtom"
"XKillClient(3X11)","AUE_KillClient","AUE_KillClient"
"XListInstalledColormaps(3X11)","AUE_ListInstalledColormaps","AUE_ListInstalledColormaps"
"XListProperties(3X11)","AUE_ListProperties","AUE_ListProperties"
"XLookupColor(3X11)","AUE_LookupColor","AUE_LookupColor"
"XMapSubwindows(3X11)","AUE_MapSubwindows","AUE_MapSubwindows"
"XMapWindow(3X11)","AUE_MapWindow","AUE_MapWindow"
"xmknod(2)","AUE_XMKNOD","AUE_XMKNOD"
"XPolyArc(3X11)","AUE_PolyArc","AUE_PolyArc"
"XPolyFillArc(3X11)","AUE_PolyFillArc","AUE_PolyFillArc"
"XPolyFillRectangle(3X11)","AUE_PolyFillRectangle","AUE_PolyFillRectangle"
"XPolyLine(3X11)","AUE_PolyLine","AUE_PolyLine"
"XPolyPoint(3X11)","AUE_PolyPoint","AUE_PolyPoint"
"XPolyRectangle(3X11)","AUE_PolyRectangle","AUE_PolyRectangle"
"XPolySegment(3X11)","AUE_PolySegment","AUE_PolySegment"
"XPolyText16(3X11)","AUE_PolyText16","AUE_PolyText16"
"XPolyText8(3X11)","AUE_PolyText8","AUE_PolyText8"
"XPutImage(3X11)","AUE_PutImage","AUE_PutImage"
"XQueryColors(3X11)","AUE_QueryColors","AUE_QueryColors"
"XQueryKeymap(3X11)","AUE_QueryKeymap","AUE_QueryKeymap"
"XQueryPointer(3X11)","AUE_QueryPointer","AUE_QueryPointer"
"XQueryTree(3X11)","AUE_QueryTree","AUE_QueryTree"
"XRecolorCursor(3X11)","AUE_RecolorCursor","AUE_RecolorCursor"
"XReparentWindow(3X11)","AUE_ReparentWindow","AUE_ReparentWindow"
"XRotateProperties(3X11)","AUE_RotateProperties","AUE_RotateProperties"
"XSendEvent(3X11)","AUE_SendEvent","AUE_SendEvent"
"XSetAccessControl(3X11)","AUE_SetAccessControl","AUE_SetAccessControl"
"XSetClipRectangles(3X11)","AUE_SetClipRectangles","AUE_SetClipRectangles"
"XSetCloseDownMode(3X11)","AUE_SetCloseDownMode","AUE_SetCloseDownMode"
"XSetDashes(3X11)","AUE_SetDashes","AUE_SetDashes"
"XSetFontPath(3X11)","AUE_SetFontPath","AUE_SetFontPath"
"XSetInputFocus(3X11)","AUE_SetInputFocus","AUE_SetInputFocus"
"XSetModifierMapping(3X11)","AUE_SetModifierMapping","AUE_SetModifierMapping"
"XSetPointerMapping(3X11)","AUE_SetPointerMapping","AUE_SetPointerMapping"
"XSetScreenSaver(3X11)","AUE_SetScreenSaver","AUE_SetScreenSaver"
"XSetSelectionOwner(3X11)","AUE_SetSelectionOwner","AUE_SetSelectionOwner"
"xstat(2)","AUE_XSTAT","AUE_XSTAT"
"XStoreColors(3X11)","AUE_StoreColors","AUE_StoreColors"
"XStoreNamedColor(3X11)","AUE_StoreNamedColor","AUE_StoreNamedColor"
"XTranslateCoords(3X11)","AUE_TranslateCoords","AUE_TranslateCoords"
"XUngrabButton(3X11)","AUE_UngrabButton","AUE_UngrabButton"
"XUngrabKey(3X11)","AUE_UngrabKey","AUE_UngrabKey"
"XUngrabKeyboard(3X11)","AUE_UngrabKeyboard","AUE_UngrabKeyboard"
"XUngrabPointer(3X11)","AUE_UngrabPointer","AUE_UngrabPointer"
"XUngrabServer(3X11)","AUE_UngrabServer","AUE_UngrabServer"
"XUninstallColormap(3X11)","AUE_UninstallColormap","AUE_UninstallColormap"
"XUnmapSubwindows(3X11)","AUE_UnmapSubwindows","AUE_UnmapSubwindows"
"XUnmapWindow(3X11)","AUE_UnmapWindow","AUE_UnmapWindow"
"XWarpPointer(3X11)","AUE_WarpPointer","AUE_WarpPointer"
"zoneadmd","AUE_zone_state","AUE_zone_state"