event.deviceEventClassId,set.event.deviceEventClassId
compliance:notapplicable,System Compliance Not Applicable
compliance:fail,System Not Compliant
compliance:pass,System Compliant
inventory:notapplicable,System Inventory Not Applicable
inventory:fail,System Inventory
inventory:pass,System Inventory
miscellaneous:notapplicable,Miscellaneous Audit Not Applicable
miscellaneous:fail,Miscellaneous Audit Failed
miscellaneous:pass,Miscellaneous Autit Passed
patch:notapplicable,System Patch Not Applicable
patch:fail,System Not Patched
patch:pass,System Patched
vulnerability:notapplicable,Vulnerability Audit Not Applicable
vulnerability:fail,Vulnerability Found
vulnerability:pass,Vulnerability Not Found
