event.name,set.event.deviceSeverity
"Copy job completion",Low
"Save to Device Memory job completion",Low
"Device Data Backup Exported",Medium
"Retrieve from USB job completion",Low
"Print report or Internal Page job completion",Low
"Retrieve from Device Memory job completion",Low
"Receive Fax job completion",Low
"Send Fax job completion",Low
"Send E-mail job completion",Low
"Save to Network Folder job completion",Low
"Save to USB job completion",Low
"Online Certificate Status Protocol URL deleted",High
"Device data backup completion",Medium
"Certification Validation settings modified",High
"Device Identity certificate installed",High
"Device certificate deleted",High
"Device CA certificate installed",High
"Device Identity certificate for e-mail selected",High
"Online Certificate Status Protocol URL added",High
"Default Sign In Method for control panel applications modified",Medium
"Permission Set added",Medium
"Permission Set deleted",Medium
"Permission Set modified",Medium
"Sign In and Permission Policy settings modified",Medium
"Device User Account deleted",Medium
"Default Permission Set for sign-in method modified",Medium
"User to Permission Set Relationship added",Medium
"User to Permission Set Relationship deleted",Medium
"Group to Permission Set Relationship added",Medium
"Device User Account added",High
"Device User Account modified",High
"Device User Accounts imported",High
"Device User Accounts exported",High
"Fax setting modified",High
"System time changed",Medium
"CCC logging started",High
"CCC logging stopped",High
"PJL Password Integrity Test",Medium
"Timestamp Verification Integrity Test",Medium
"Device User Integrity Test",Medium
"LDAP Integrity Test",Medium
"Windows Integrity Test",Medium
"Verify CRC for Data Integrity Check",Medium
"Generated CRC for Data Integrity Check",Medium
"Generate CRC for Code Integrity Check",Medium
"Print job completion",Low
"Device Administrator Password modified",High
"Jetdirect Identity certificate modified",High
"Control Panel session terminated",Low
"File Erase Mode for erasing temporary job files modified",Medium
"E-mail job completion",Low
"PJL Password modified",High
"Erase Job Data requested",Low
"Jetdirect logging started",High
"Jetdirect logging stopped",High
"All User to Permission Set Relationships deleted",Medium
"All Group to Permission Set Relationships deleted",Medium
"Send USB job completion",Low
"Verify CRC for Code Integrity Check",Medium
"Permission Set copied",Medium
"Group to Permission Set Relationship deleted",Medium
"Job Notification completion",Low
"Device data restore completion",High
"CA certificate installed",High
"CA certificate deleted",High
"Group to Permission Set Relationship modified",Info
"IPsec IKEv1 phase 1 negotiation",Warning
"IPsec IKEv1 phase 2 negotiation",Warning
"IPsec IKEv2 phase 1 negotiation",Warning
"IPsec IKEv2 phase 2 negotiation",Warning
"IPsec policy added",Warning
"IPsec policy deleted",Warning
"IPsec using ESP failed",Warning
"IPsec/Firewall address policy added",Warning
"IPsec/Firewall address policy deleted",Warning
"IPsec/Firewall address policy modified",Warning
"IPsec/Firewall configuration change",Warning
"IPsec/Firewall default rule action modified",Warning
"IPsec/Firewall disabled",Warning
"IPsec/Firewall enabled",Warning
"IPsec/Firewall rule added",Warning
"IPsec/Firewall rule deleted",Warning
"IPsec/Firewall rule disabled",Warning
"IPsec/Firewall rule enabled",Warning
"IPsec/Firewall rule position changed",Warning
"IPsec/Firewall service policy added",Warning
"IPsec/Firewall service policy deleted",Warning
"IPsec/Firewall service policy modified",Warning
"User to Permission Set Relationship modified",Info
"Verify CRC Code Integrity Check",Low
"Boot Administrator Password modified",High
"Erase Drive requested",High
"Admin password changed",High
"Device assessment with configuration server failed",Low
"Device assessment with configuration server success",Low
"Connection aborted",Info
"Security: CA certificate deleted",Medium
"Security: CA certificate installed",Medium
"Security: Identity certificate installed",High
"Security: Security Configuration modified through the use of WebUI by WebUI",Medium
"Security: Security Configuration modified through the use of control panel by control panel",Medium
"Security: Security Configuration modified through the use of WebUI",Medium
"Security: Snmpv1/v2 set community name is set",High
"Security: Snmpv1/v2 get community name is not set",High
"Security: Snmpv1/v2 get community name is set",High
"Security: Snmpv1/v2 set community name is not set",High
"Security: Snmpv3 user account name is created",High
"Security: Snmpv3 user account name is deleted",High
"Security: Admin password changed",High
"Security: Security settings reset",Medium
"powered up",Low
"ready to print",Low
"syslog started",High
"paper out",Low
"error cleared",Low
"output full",Medium
"paper jam",Low
"cover/door open",Low
"peripheral low-power state",Low
"offline or intervention needed",Low
"Read response from server",Low
"Write assessment data to server",Low
"SSL Connect to server",Low
"TCP connect to server",Low
"adjustment of DHCP renewing",Medium
"adjustment of DHCP rebinding",Medium
"registered system name",Low