event.deviceEventClassId,set.event.message
113014,The device was unable to communicate with the configured AAA server during the AAA transaction associated with an IPsec or WebVPN connection
113041,"An error occurred when the redirect URL was installed and the ACL was received from the ISE, but the redirect ACL does not exist on the ASA"
213007,"An error occurred for an L2TP connection when the redirect URL was installed and the ACL was received from the ISE, but the redirect ACL does not exist on the ASA"
302024,A UDP flow has been created
302025,A UDP flow has been torn down
302026,An ICMP flow has been created
302027,An ICMP flow has been torn down
302016,A UDP connection slot between two hosts was deleted
302014,A TCP connection between two hosts was deleted
302021,An ICMP session is removed in the fast-path when stateful ICMP is enabled using the inspect icmp command
313009,An ICMP echo request/reply packet was received with a malformed code(non-zero)
317007,A new route has been added to the routing table
317008,A new route has been deleted from the routing table
318102,The router was flagged as an Area Border Router (ABR) without a backbone area in the router
318103,An internal software error has occurred
318104,"OSPF has a problem locating the LSA, which could lead to a memory leak"
318105,OSPF found an inconsistency between its database and the IP routing table
318106,An internal error has occurred
318107,An internal error has occurred
318110,The specified encrypted key is not valid
318111,An attempt was made to use a SPI that has already been used
318112,An attempt was made to use a SPI that has already been used
318113,An attempt was made to use a SPI that has already been used
318114,The key length was incorrect
318116,An attempt was made to unconfigure a SPI that is not being used with OSPFv3
318117,"An attempt was made to remove the policy for the indicated SPI, but the policy was still being used by a secure socket"
318119,An IPsec API (internal) error has occurred
318120,An internal error has occurred
318125,The interface initialization failed
318126,The interface is on the interface list for an area other than the one to which the interface links
318127,An internal error has occurred
338303,An IP address that was discovered from the dynamic filter rule table was removed
341010,The ASA has detected insertion or removal events and generates this syslog message immediately
341011,The ASA polls the hard disk drive (HDD) health status every 10 minutes and generates this syslog message if the HDD is in a failed state
402131,The hardware accelerator configuration has been changed on the ASA. Some ASA platforms have multiple hardware accelerators. One syslog message is generated for each hardware accelerator change
405003,A client IP address in the network is the same as the ASA interface IP address
409102,An OSPF packet was received with an area ID in its header that does not match the area of this interface
409106,The router tried to generate the default LSA with the incorrect mask and possibly an incorrect metric because of an internal software error
409107,OSPFv3 failed while attempting to allocate a router ID from the IP address of one of its interfaces
409108,An internal error has occurred
409109,OSPF received a hello packet from a neighbor that has the same router ID as this routing process. A full adjacency cannot be established. The OSPF router ID should be unique
409110,OSPF received a hello packet from a neighbor that has the same router ID as this routing process. A full adjacency cannot be established. The OSPF router ID should be unique
409111,OSPFv3 enabled on multiple interfaces that are on the same link is not supported
409112,An internal error has occurred
409113,An internal error has occurred
409114,An internal error has occurred
409115,An internal error has occurred
409116,An internal error has occurred
409117,An internal error has occurred
409118,An internal error has occurred
409119,An internal error has occurred
409120,The ASA attempted to assign a router ID that is in use by another process
409121,An ASBR must be attached to an area that can carry AS External or NSSA LSAs
409123,The neighbor command is allowed only on NBMA networks
409128,"The router indicated in this message has originated an LSA with an invalid metric. If this is a router LSA and the link metric is zero, a risk of routing loops and traffic loss exists in the network"
426101,A port has been bundled in a span-cluster channel group
426102,A port has been moved to hot-standby state in a span-cluster channel group
426103,A standby port has been selected to move to bundled state in a span-cluster channel group
426104,A bundled port has been unbundled in a span-cluster channel group to obtain space for other ports to be bundled
429007,A flow matches both CXSC and Scansafe redirects. The message indicates that the CXSC redirect overrides the Scansafe redirect for the displayed flow
434001,A packet has been dropped because of a fail-close configuration for the module
434002,A packet has been denied by the module. The connection is not successful for a certain flow has been redirected to the module
434003,"A TCP flow has been reset by the ASA, as requested by the module"
434004,SourceFire has determined not to inspect more traffic of a flow and requests the ASA to stop redirecting the flow of traffic to SFR
434007,A flow that was inspected by Scansafe is now inspected by SourceFire only
613101,OSPF has detected a checksum error in the database because of memory corruption
613102,The interface reports its bandwidth as zero
613103,An OSPF configuration change has caused a network range to change areas
613104,"The virtual interface type was not recognized by OSPFv3, so it is treated as a loopback interface stub route"
709008,A command was issued during the configuration sync
713202,"The ASA has received a duplicate first packet for a tunnel that the ASA is already aware of and negotiating, which indicates that the ASA probably received a retransmission of a packet from the peer"
725003,The remote device is trying to resume a previous SSL session
725016,The certificate used for a given connection may not be the certificate configured on the interface
722054,An error occurred for an AnyConnect VPN connection when a redirect URL wasinstalled
722055,The indicated user is attempting to connect with the given user-agent
735026,The IO hub temperature is warmer than the normal operating range
735027,"The ASA has detected a CPU voltage regulator running beyond the maximum thermal operating temperature, and shuts down immediately after detection"
746014,A fully qualified domain name has become obsolete
746015,A fully qualified domain name lookup has succeeded
747002,The cluster FSM received an event that is incompatible with the current state
747003,The cluster FSM failed to process an event for all reasons given
747004,The cluster FSM has progressed to a new state
747005,The cluster FSM has notified clients about an event
747006,"The cluster FSM moved to a stable state; that is, Disabled, Slave, or Master"
747007,Astray configuration sync thread has been detected
747008,The same unit name has been configured on multiple units
747009,The ASA failed to create an RPC server
747011,A memory allocation failure occurred in clustering
747012,A global object ID replication failure has occurred
747013,A global object ID removal failure has occurred
747014,A global object ID installation failure has occurred
747015,A stray cluster member has been found
747017,The ASA failed to enroll a new unit because the maximum member limit has been reached
747018,The cluster FSM progression has timed out
747019,The master unit found that a new joining unit has an incompatible cluster interface IP address
747020,The master unit found that a new joining unit has an incompatible encryption license
747021,The master unit has disabled clustering because of an interface health check failure
747022,A slave unit has disabled clustering because of an interface health check failure for the specified amount of time . This unit will re-enable itself automatically after the specified amount of time (ms)
747023,The master unit has disabled clustering because of a Security Service Card health check failure
747024,A slave unit has disabled clustering because of a Security Service Card health check failure
747025,A master unit found a joining unit that has an incompatible firewall mode
747026,A master unit found a joining unit that has an incompatible cluster control link interface name
747027,A master unit could not enroll a joining unit because of the size limit of the minimal cluster pool configured
747028,"A master unit found a joining unit that has an incompatible interface-mode, either spanned or individual"
747029,A unit disabled clustering because of a cluster interface failure
751022,The ASA was not able to find security policy information for the private networks or hosts indicated in the message. These networks or hosts were sent by the initiator and do not match any crypto ACLs at the ASA. This is most likely a misconfiguration
751025,Assigned IP address information for the AnyConnect IKEv2 connection of the specified user
751026,The indicated user is attempting to connect with the shown operating system and client version
766004,"The SXP on this device cannot accept SXP connection setup requests from remote devices, because it cannot update the binding manager"
766007,"The CTS SXP system encountered an internal failure, because the SXP connection with the specified instance number changed its state to off"
766008,The SXP connection with the specified instance number changed state
766009,The SXP system password has been changed
766010,The SXP default source IP address has been changed on this device
766011,The SXP feature has changed operational state and works only when the feature is enabled
766012,The specified SXP timer started
766013,The specified SXP timer stopped
766014,The SXP received a binding forwarding request. The request comes from the binding manager when it wants SXP to broadcast the latest net binding changes within the binding manager
766015,The SXP forwarded binding to the peer
766016,Binding changed in the SXP database
766017,Binding was deleted in the SXP database
766018,Binding was aded in the SXP database
766019,The SXP updated the binding manager with the binding change
766020,The ASA cannot locate the egress interface to the SXP peer
766201,A CTS PAC is nearing its expiration date
766202,A CTS PAC has expired
766204,"The CTS environmentThe CTS environment data and SGT name table have expired, which is likely to occur after unresolved environment data retrieval failures have occurred"
766251,Binding from the specified source was added to the binding manager
766252,Binding from the specified source was deleted from the binding manager
766253,A particular IP to SGT binding has changed in the binding manager
766254,"The binding manager cannot insert, delete, or update the binding"
766301,"The security group tag referenced in the policy is known and the lookup in the security group table is successful. As a result, the tag name mapping is derived"
766302,"The security group tag referenced in the policy was unknown and the lookup in the security group table failed. However, the policy referencing the tag can still be enforced"
766303,"The securitygroup name referenced in the policy was resolved and the lookup in the security group table was successful. As a result, the tag derived from the table is used for policy enforcement"
766307,"In the newly downloaded security group table on the ASA, a change in the security group name for a security group tag was detected; however, there was no change in policy status"
766308,"In the newly downloaded security group table on the ASA, a previously unknown security group tag was found in the table; however, there was no change in policy status"
766309,"In the newly downloaded security group table on the ASA, a previously known security group tag no longer exists. There is no change in policy status, and the policy can still be enforced"
766310,"In the newly downloaded security group table on the ASA, a change in the security group tag for a security group name was detected. All policies referencing the name are updated to reflect the new tag, and policies are enforced based on the new tag"
766311,"In the newly downloaded security group table on the ASA, a previously unresolved security group name was resolved to a tag, and the new tag can be used to enforce policies"
766313,An error was encountered in updating the policies. Policy enforcement will continue based on old tag values and is no longer accurate
767001,"A fail-close option was set for a service policy, and a particular inspect received an IPv6, IP64, or IP46 packet. Based on the fail-close option setting, this syslog message is generated and the packet is dropped"
769004,The image verification test failed during the copying of an image file
771002,The system clock was set from a remote source
775001,"A ScanSafe server is configured, and traffic matches a policy that has been configured to redirect the connection to the ScanSafe server for content scanning and other malware protection services"
775003,"The traffic has been matched and does not need to be redirected to the ScanSafe server for content scanning, but can be sent directly to the intended web server"
775004,The primary ScanSafe server is not reachable on either of the configured HTTP or HTTPS ports
775005,The primary ScanSafe server is reachable on both of the configured HTTP and HTTPS ports
775006,"If the primary ScanSafe server becomes unreachable, the ASA checks the connectivity to the configured backup ScanSafe server; if the backup server is reachable, it becomes the active server"
775007,"Neither the primary nor backup ScanSafe server is reachable. Based on the configured default action( fail_close or fail_open), traffic is getting dropped or sent to the web server without being redirected"
109100,The ASA has successfully processed the CoA policy update request from coa-source-ip for user username with session id audit-session-id
109101,The ASA has received a correctly formatted Disconnect-Request for an active VPN session and has successfully terminated the connection
109102,"The ASA has received a valid change of authorization request, but the session ID specified in the request does not match any active sessions on the ASA"
109103,"The ASA has received a correctly formatted change of authorization request, but was unable to process it successfully"
109104,"The ASA has received a correctly formatted change of authorization request, but did not process it because the indicated action is not supported by the ASA"
402140,An error occurred during an RSA public key pair generation
402141,An error occurred during an RSA public key pair generation
402142,An error occurred during a symmetric key operation
402143,An error occurred during anasymmetric key operation
402144,An error occurred during digital signature generation
402145,A hash generation error occurred
402146,A keyed hash generation error occurred
402147,An HMAC generation error occurred
402148,A random number generator error occurred
711006,CPU profiling has started
716600,"When the size of the receivedHostscan data exceeds the limit configured on the ASA, the data is discarded"
716601,"When the amount of Hostscan data storedon the ASA exceeds the limit, new Hostscan results are rejected"
716602,An error occurred while memory was being allocated for Hostscan data
750011,The tunnel was rejected because the selected IKEv2 encryption algorithm is not strong enough to secure the proposed IPSEC encryption algorithm
750012,The selected IKEv2 encryption algorithm is not strong enough to secure the proposed IPSEC encryption algorithm
751023,An unknown non-Cisco IKEv2 client has connected to the ASA
768001,"A system resource allocation level has reached its warning threshold. In the case of a management session, the resource is simultaneous administrative sessions"
768002,A request for a system resource would have exceeded its configured limit and was denied
768003,An SSH session was disconnected because of inactivity
769001,The system image has been updated
769002,The system image has been updated
769003,The system image has been updated
771001,The system clock was set from a local source
772002,"A user logged into the system console with an expired password, which is permitted to avoid system lockout"
772003,A user logged tried to log into the system with an expired password and was denied access
772004,A user logged tried to log into the system with an expired password and was denied access
772005,The user authenticated successfully after changing the password
772006,"The user entered the wrong password while trying to change it. As a result, the password was not changed"
774001,The crypto service provider failed the power on self-test
774002,The crypto service provider failed the power on self-test
746001,"A database (user groups, hostnames, or IP addresses) download has started"
746002,"A database (user groups, hostnames, or IP addresses) download has completed"
746003,"A database (user groups, hostnames, or IP addresses) download has failed because of a timeout"
746004,The total number of activated user groups exceeds the maximum number of 256 user groups for this platform
746005,"The ASA cannot reach the AD agent. There has been no response from the AD agent, or the RADIUS registration failed because the buffer was too small"
746006,The AD agent cannot update the IP-user mapping events on the ASA and the AD agent event log overflows
746007,No NetBIOS response was received for the number of retries made
746008,The NetBIOS process has started.
746009,The NetBIOS process has stopped
746010,Entering the user-identity update import-user usernamecommand failed to update a user element
746011,The AD group has more than the hard-coded maximum number (64000) of levels
746016,"A DNS lookup has failed. Failure reasons include timeout, unresolvable, and no memory"
746017,The user-identity update import-usercommand has been issued
746018,"The user-identity update import-usercommand has been issued, and the import has been completed successfully"
746019,The ASA failed to update or remove an IP-user mapping on the AD agent
444008,"The specific license has expired, which will cause the system to reload in x days"
444009,The specific license expired 30 days ago. The system will reload.
716061,"The IPv6 VPN filter has been deprecated and if it is configured instead of a unified filter for IPv6 traffic access control, the connection will be terminated"
743010,The service failed to start for a particular client of the EOBC RPC service on the server
743011,The EOBC RPC client failed to make an RPC to the intended server
747031,The joining unit's platform type does not match with that of the cluster master
747032,The joining unit's external modules are not consistent (module type and order in which they are installed) with those on the cluster master
747033,The joining unit's interfaces are not the same as those on the cluster master
750010,"The ASA overflowed its throttle request queue to the specified peer, indicating that the peer is slow"
780001,The rule engine has started compilation for an access group transaction
780003,The rule engine has started compilation for a NAT transaction
780004,The rule engine has finished compilation for a NAT transaction
751024,"The IPv6 VPN filter has been deprecated and if it is configured instead of a unified filter for IPv6 traffic access control, the connection will be terminated"
780002,The rule engine has finished compilation for a transaction
113042,"For the CoA feature, the redirect ACL filter drops the matching non-HTTP traffic during the redirect processing and provides information about the terminated traffic flow"
328002,"In the FASTCASE registry, the key has to be smaller than the size specified when the registry was created"
336012,"An interface is going down or is being removed from routing through IGRP, but not all links (neighbors) have been removed from the topology table"
336013,A hardware or software error occurred
336014,A hardware or software error occurred
336015,A hardware or software error occurred
336016,A hardware or software error occurred
336018,process_name as_number: prefix_source threshold prefix level (prefix_threshold) reached
336019,The number of prefixes in the topology database has reached the configured or default threshold level
520001,A malloc failure occurred in ID Manager
520002,A bad new table request to the ID Manager occurred
520003,An ID Manager error occurred
520004,An id_get was attempted at the interrupt level
520005,An internal error occurred with the ID Manager.
520010,An internal software error occurred
520011,An internal software error occurred
520013,A pointer to an access list is invalid
520020,The system is out of memory
520021,A software programming error occurred
520022,A software or hardware error occurred
520023,A software programming error occurred
520024,A software error occurred
520025,The system ran out of memory during initialization
613004,An internal software error occurred
613005,The router was flagged as an Area Border Router (ABR) without a backbone area in the router
613006,An internal software error in this router has resulted in an invalid neighbor state during database exchange
613007,OSPF is trying to add an existing LSA to the database
613008,An internal error occurred
613011,"An OSPF process is being reset, and it is going to select a new router ID"
613013,OSPF found inconsistency between its database and the IP routing table
613014,OSPF interfaces attached to MTR-compatible OSPF areas require the base topology to be enabled
613015,A router is extensively re-originating or flushing the LSA reported by this error message
613016,The router tried to build a router-LSA that is larger than the huge system buffer size or the OSPF protocol imposed maximum
613017,The router received an LSA with an invalid LSA mask because of an incorrect configuration from the LSA originator
613018,The maximum number of non self-generated LSAs has been exceeded
613019,The threshold for the maximum number of non self-generated LSAs has been reached
613021,An internal error occurred
613022,An internal error occurred
613023,An internal error occurred
613024,An internal error occurred
613025,An internal error occurred
613026,An internal error occurred
613027,The OSPF process was removed from the interface because of an IP VRF.
613028,"The virtual interface type was not recognized by OSPF, so it is treated as a loopback interface stub route"
613029,The ASA attempted to assign a router ID that is in use by another process
613030,An ASBR must be attached to an area that can carry AS external or NSSA LSAs
613031,The interface is not point-to-point and is unnumbered
613032,The interface initialization failed
613033,The interface is on the interface list for an area other than the one to which the interface links
613034,The configured neighbor options are not valid
613035,An internal error occurred
613036,The configured neighbor was found on an NBMA network and either the cost or database-filter option was configured
613037,The configured neighbor was found on a point-to-multipoint network and either the poll or priority option was configured
613038,The configured neighbor was found on a point-to-multipoint broadcast network. Either the costor database-filteroption needs to be configured
613039,The configured neighbor was found on a network for which the network type was neither NBMA nor point-to-multipoint
613040,The router indicated in this message has originated an LSA with an invalid metric
613041,An internal error has corrected itself. There is no operational effect related to this error message
613042,"here is no viable forwarding address in the NSSA area. As a result, the P-bit must be cleared and the Type 7 LSA is not translated into a Type 5 LSA by the NSSA translator."
778001,"The ASA tries to create an inner connection for a VXLAN packet, but the VXLAN packet has an invalid segment ID"
778002,"A decapsulated ingress VXLAN packet is discarded, because the segment ID in the VXLAN header does not match the segment ID of any VNI interface configured on the ASA"
778003,The ASA Fast Path sees a VXLAN packet with an invalid segment ID
778004,The ASA VTEP sees a VXLAN packet with an invalid VXLAN header
778005,A VXLAN packet is denied by a Fast Path L2 check
778006,The ASA VTEP received a VXLAN packet with an invalid UDP checksum value
778007,The ASA VTEP received a VXLAN packet from an IP address that is different from the configured NVE peer
779001,"The ASA tries to create a connection for a VXLAN packet, but failed to use the STS lookup table to locate the out-tag for the in-tag (segment ID) in the VXLAN packe"
779002,"The ASA tries to create a connection for a VXLAN packet, but the STS lookup table and NAT policy locate a different egress interface"
779003,"The ASA tried to read the tag-switching table, but failed"
779004,"The ASA tried to write to the tag-switching table, but failed"
779005,"The ASA tried to parse the HTTP request to see what to do on the tag-switching table, but failed"
779006,"The ASA tried to save the tag-switching table to flash memory, but failed"
779007,"The ASA attempts to replicate the tag-switching table to the failover standby unit or clustering slave units, but failed to do so"
713191,"To minimize CPU-intensive cryptographic calculations, the ASA limits the number of connection negotiations in progress"
410001,Transport protocol request to drop packet
505003,A module is being reset
505005,An IPS module has been detected
710005,The device does not have a transport protocol server
209005,An IP fragment is malformed
505013,An application version changed
