event.externalId,event.deviceEventCategory,set.event.name
20,System,The event logging service encountered an error while obtaining or processing configuration for channel
21,System,The event logging service encountered a configuration-related error for channel. The error was encountered while processing the %3 configuration property
22,System,"The event logging service encountered an error while initializing publishing resources for channel. If channel type is Analytic or Debug, then this could mean there was an error initializing logging resources as well."
23,System,The event logging service encountered an error while initializing logging resources for channel
25,System,The event logging service encountered a corrupt log file for channel. The log was renamed with a .corrupt extension
26,System,The event logging service encountered a log file for channel which is an unsupported version. The log was renamed with a .UnsupportedVer extension
27,System,The event logging service encountered an error while opening log file for channel. Trying again using default log file path
28,System,The event logging service encountered an error while parsing filter for channel. Will continue without filter
29,System,The event logging service encountered a fatal error when applying settings to the channel. The service is shutting down since this channel is vital to its operation
30,System,"The event logging service encountered an error while enabling publisher to channel. This doesn't affect operation of the channel, but does affect the ability for the publisher to raise events to the channel. One common reason for this error is that Provider is using ETW Provider Security and has not granted enable permissions to the Eventlog service identity."
31,System,The event logging service encountered an error while opening configuration for primary channel. Trying again using default configuration. This problem usually occurs if registry has been corrupted or explicitly misconfigured
40,System,The event logging service encountered an error when attempting to apply one or more policy settings
100,System,The event logging service encountered an error while processing an incoming event published from
102,System,The event logging service encountered an error while processing an incoming event from publisher and trying to process the metadata for it
103,System,Events have been dropped by the transport
104,System,The log file was cleared
105,System,Event log automatic backup
106,System,Corruption was detected in the log for the channel and some data was erased
1100,System,The event logging service has shut down
1101,System,Audit events have been dropped by the transport
1102,System,The audit log was cleared
1103,System,The security log is now percent full
1104,System,The security log is now full
1105,System,Event log automatic backup
1106,System,Events have been dropped by the event logging service
1107,System,The event logging service encountered an error while processing an incoming event from publisher and trying to process the metadata for it
1108,System,The event logging service encountered an error while processing an incoming event published
6000,System,The log file is full
