"4647","User initiated logoff","Subject:Security ID","Subject:Account Name","Subject:Account Domain","Subject:Logon ID","Message:This event is generated when a logoff is initiated. No further user-initiated activity can occur. This event can be interpreted as a logoff event."
"4776","The computer attempted to validate the credentials for an account.","Authentication Package","Logon Account","Source Workstation","Error Code"
"4946","A change was made to the Windows Firewall exception list. A rule was added.","Profile Changed","Added Rule:Rule ID","Added Rule:Rule Name"
"4954","Group Policy settings for Windows Firewall were changed, and the new settings were applied."
"4956","Windows Firewall changed the active profile.","New Active Profile"
"5024","The Windows Firewall service started successfully."
"5025","The Windows Firewall service was stopped."
"5140","A network share object was accessed.","Subject:Security ID","Subject:Account Name","Subject:Account Domain","Subject:Logon ID","Network Information:Object Type","Network Information:Source Address","Network Information:Source Port","Share Name","Share Path","Access Request Information:Access Mask","Access Request Information:Accesses"
"5156","The Windows Filtering Platform has allowed a connection.","Application Information:Process ID","Application Information:Application Name","Network Information:Direction","Network Information:Source Address","Network Information:Source Port","Network Information:Destination Address","Network Information:Destination Port","Network Information:Protocol","Filter Information:Filter Run-Time ID","Filter Information:Layer Name","Filter Information:Layer Run-Time ID","Remote User ID","Remote Machine ID"
"5478","The IPsec Policy Agent service was started."
"5479","The IPsec Policy Agent service was stopped. Stopping this service can put the computer at greater risk of network attack or expose the computer to potential security risks."
