event.deviceCustomString2,set.event.deviceCustomString2
104,Non Audit:Log clear
12288,System:Security State Change
12289,System:Security System Extension
12290,System:System Integrity
12291,System:IPsec Driver
12292,System:Other System Events
12544,Logon/Logoff:Logon
12545,Logon/Logoff:Logoff
12546,Logon/Logoff:Account Lockout
12547,Logon/Logoff:IPsec Main Mode
12548,Logon/Logoff:Special Logon
12549,Logon/Logoff:IPsec Quick Mode
12550,Logon/Logoff:IPsec Extended Mode
12551,Logon/Logoff:Other Logon/Logoff Events
#Logon/Logoff:Network Policy Server,
12800,Object Access:File System
12801,Object Access:Registry
12802,Object Access:Kernel Object
12803,Object Access:SAM
12804,Object Access:Other Object Access Events
12805,Object Access:Certification Services
12806,Object Access:Application Generated
12807,Object Access:Handle Manipulation
12808,Object Access:File Share
12809,Object Access:Filtering Platform Packet Drop
12810,Object Access:Filtering Platform Connection
#Object Access:Special Multi-use Subcategory,
13056,Privilege Use:Sensitive Privilege Use
13057,Privilege Use:Non Sensitive Privilege Use
13058,Privilege Use:Other Privilege Use Events
13312,Detailed Tracking:Process Creation
13313,Detailed Tracking:Process Termination
13314,Detailed Tracking:DPAPI Activity
13315,Detailed Tracking:RPC Events
13568,Policy Change:Audit Policy Change
13569,Policy Change:Authentication Policy Change
13570,Policy Change:Authorization Policy Change
13571,Policy Change:MPSSVC Rule-Level Policy Change
13572,Policy Change:Filtering Platform Policy Change
#Filtering Platform Policy Change Events,
#PAStore Engine applied locally cached copy of Active Directory storage IPsec policy on the computer.,
#PAStore Engine applied Active Directory storage IPsec policy on the computer.,
#PAStore Engine applied local registry storage IPsec policy on the computer.,
#PAStore Engine failed to apply locally cached copy of Active Directory storage IPsec policy on the computer.,
#PAStore Engine failed to apply Active Directory storage IPsec policy on the computer.,
#PAStore Engine failed to apply local registry storage IPsec policy on the computer.,
#PAStore Engine failed to apply some rules of the active IPsec policy on the computer.,
#PAStore Engine failed to load directory storage IPsec policy on the computer.,
#PAStore Engine loaded directory storage IPsec policy on the computer.,
#PAStore Engine failed to load local storage IPsec policy on the computer.,
#PAStore Engine loaded local storage IPsec policy on the computer.,
#PAStore Engine polled for changes to the active IPsec policy and detected no changes.,
13573,Policy Change:Other Policy Change Events
#Policy Change:Special Multi-use Subcategory,
13824,Account Management:User Account Management
13825,Account Management:Computer Account Management
13826,Account Management:Security Group Management
13827,Account Management:Distribution Group Management
13828,Account Management:Application Group Management
13829,Account Management:Other Account Management Events
14080,DS Access:Directory Service Access
14081,DS Access:Directory Service Changes
14082,DS Access:Directory Service Replication
14083,DS Access:Detailed Directory Service Replication
14336,Account Logon:Credential Validation
14337,Account Logon:Kerberos Ticket Events
14338,Account Logon:Other Account Logon Events
#Account Logon:Kerberos Authentication Service,
#Account Logon:Kerberos Service Ticket Operations,
65280,Subcategory could not be determined