"4886","Les services de certificats ont reçu une demande de certificat."
"4887","Les services de certificats ont approuvé une demande de certificat et émis un certificat."
"4884","Les services de certificats ont importé un certificat dans sa base de données."
"4885","Le filtre d'audit des services de certificats modifié."
"4882","Les autorisations de sécurité pour les services de certificats ont été modifiées."
"4883","Les services de certificats ont récupéré une clé archivée."
"4880","Les services de certificats ont démarré."
"4881","Les services de certificats se sont arrêtés."
"4894","Les services de certificats ont importé et archivé une clé."
"4895","Les services de certificats ont publié un certificat autorité de CERTIFICATION dans les services de domaine Active Directory."
"4892","Une propriété des services de certificats a été modifiée."
"4893","Les services de certificats ont archivé une clé."
"4890","Les paramètres du Gestionnaire de certificats services de certificats ont changé."
"4891","Une entrée de configuration a changé dans Services de certificats."
"4888","Services de certificats ont refusé une demande de certificat."
"4889","Les services de certificats ont défini le statut d'une requête de certificat sur en attente."
"5485","Les services IPsec n'a pas pu traiter certains filtres IPsec sur un événement plug-and-play pour les interfaces réseau. Cela pose un risque potentiel car certaines interfaces réseau receviez la protection fournie par les filtres IPsec appliqués. Utilisez le composant logiciel enfichable Moniteur de sécurité IP pour diagnostiquer le problème."
"4871","Les services de certificats ont reçu une requête pour publier la liste de révocation de certificats (CRL)."
"5484","Les services IPsec a rencontré une erreur critique et a été arrêté. L'arrêt des services IPsec peut placer l'ordinateur plus exposés d'attaque du réseau ou exposer l'ordinateur des risques de sécurité potentiels."
"4870","Les services de certificats ont révoqué un certificat."
"4869","Services de certificats ont reçu une demande rééditée de certificat."
"4868","Le Gestionnaire de certificats a refusé une demande de certificat en attente."
"4867","Une entrée comportant des informations sur la forêt approuvée a été modifiée."
"5480","Les services IPsec Impossible d'obtenir la liste complète des interfaces réseau sur l'ordinateur. Cela pose un risque potentiel car certaines interfaces réseau receviez la protection fournie par les filtres IPsec appliqués. Utilisez le composant logiciel enfichable Moniteur de sécurité IP pour diagnostiquer le problème."
"4866","Une entrée comportant des informations sur la forêt approuvée a été supprimée."
"5483","Services IPsec n'ont pas pu initialiser le serveur RPC. Les services IPsec n'a pas pu être démarrés."
"4865","Une entrée comportant des informations sur la forêt approuvée a été ajoutée."
"4864","Une collision d'espace de noms a été détectée."
"5477","Le moteur PAStore a Impossible d'ajouter le filtre de mode rapide."
"4879","Restauration des services terminée le certificat."
"4878","Restauration des services de certificat démarrée."
"5479","Les services IPsec a été arrêté correctement. L'arrêt des services IPsec peut placer l'ordinateur plus exposés d'attaque du réseau ou exposer l'ordinateur des risques de sécurité potentiels."
"4877","Certificat services sauvegarde terminée."
"5478","Les services IPsec a démarré correctement."
"4876","Sauvegarde des services de certificat démarrée."
"5473","Le moteur PAStore a chargé répertoire stratégie IPsec de stockage sur l'ordinateur."
"4875","Les services de certificats ont reçu une requête pour arrêter."
"5472","Le moteur PAStore n'a pas réussi à charger la stratégie IPsec sur l'ordinateur de stockage local."
"4874","Un ou plusieurs attributs de demande de certificat ont changé."
"4873","Une extension de demande de certificat a changé."
"5474","Le moteur PAStore n'a pas réussi à charger la stratégie IPsec sur l'ordinateur de stockage de répertoire."
"4872","Les services de certificats ont publié la liste de révocation de certificats (CRL)."
"5471","Le moteur PAStore a chargé la stratégie IPsec sur l'ordinateur de stockage local."
"5468","Le moteur PAStore a effectué un sondage pour détecter des modifications apportées à la stratégie IPsec Active Directory, détecté que Active Directory peut être contacté, trouver les modifications apportées à la stratégie et appliqué ces modifications. La copie mise en cache de la stratégie IPsec Active Directory est plus utilisée."
"5466","Le moteur PAStore a effectué un sondage pour détecter des modifications apportées à la stratégie IPsec Active Directory, détecté que Active Directory ne peut pas être atteint et utilisera place la copie mise en cache de la stratégie IPsec Active Directory. Les modifications apportées à la stratégie IPsec Active Directory depuis le dernier sondage Impossible d'appliquer."
"4912","Par la stratégie d'audit utilisateur a été modifiée."
"5467","Le moteur PAStore a effectué un sondage pour détecter des modifications apportées à la stratégie IPsec Active Directory, détecté que Active Directory est accessible et trouvé ne change pas la stratégie. La copie mise en cache de la stratégie IPsec Active Directory est plus utilisée."
"5464","Le moteur PAStore a interrogé pour modifications la stratégie IPsec active a détecté des modifications et les appliqués aux services IPsec."
"5465","Le moteur PAStore a reçu un contrôle pour recharger forcé de stratégie de sécurité IP et traitée avec succès le contrôle."
"5462","Échec de l'application des règles de la stratégie IPsec active sur l'ordinateur du moteur PAStore a. Utilisez le composant logiciel enfichable Moniteur de sécurité IP pour diagnostiquer le problème."
"5463","Le moteur PAStore a interrogé pour modifications la stratégie IPsec active et a détecté aucune modification."
"5460","Le moteur PAStore a appliqué la stratégie IPsec de stockage du Registre local sur l'ordinateur."
"5461","Échec de l'application de stratégie IPsec de stockage du Registre local sur l'ordinateur du moteur PAStore a."
"5458","Le moteur PAStore a appliqué copie localement en cache de stratégie IPsec de stockage Active Directory sur l'ordinateur."
"5459","Échec de l'application copie localement en cache de stratégie IPsec de stockage Active Directory sur l'ordinateur du moteur PAStore a."
"5456","Le moteur PAStore a appliqué la stratégie IPsec de stockage Active Directory sur l'ordinateur."
"5457","Échec de l'application de stratégie IPsec de stockage Active Directory sur l'ordinateur du moteur PAStore a."
"4900","Sécurité du modèle de certificat Services a été mis à jour."
"5453","Une négociation IPsec avec un ordinateur distant a échoué car le service IKE et AuthIP IPsec génération de clés modules (IKEEXT) n'est pas démarré."
"4902","La table de stratégie d'audit par utilisateur a été créée."
"5452","Une association de sécurité IPsec en mode rapide s'est terminée."
"5451","Une association de sécurité IPsec en mode rapide a été établie."
"4897","Séparation de rôle activée :"
"5450","Un sub-layer plateforme de filtrage Windows a été modifié."
"4896","Une ou plusieurs lignes ont été supprimés de la base de données de certificat."
"5449","Un contexte de fournisseur plateforme de filtrage Windows a été modifié."
"4899","Un modèle Certificate Services a été mis à jour."
"5448","Un fournisseur de la plateforme WFP (Windows Filtering Platform) a été modifié."
"4898","Les services de certificats ont chargé un modèle."
"5447","Un filtre de la plateforme de filtrage Windows a été modifié."
"4909","Les paramètres de stratégie locale pour le service TBS ont été modifiés."
"5446","Une légende de la plateforme WFP (Windows Filtering Platform) a été modifiée."
"4908","Table d'ouverture de session des groupes spéciale modifiée."
"4910","Les paramètres de stratégie de groupe pour le service TBS ont été modifiés."
"5444","Le sub-layer suivant était présent au moment moteur de filtrage de base de la plateforme de filtrage Windows démarrage."
"5443","Le contexte de fournisseur suivant était présent au moment démarrage du moteur de filtrage de base de la plateforme de filtrage Windows."
"4905","Annuler l'inscription une source d'événements de sécurité a été tenté."
"5442","Le fournisseur suivant était présent au moment démarrage du moteur de filtrage de base de la plateforme de filtrage Windows."
"4904","Enregistrer une source d'événements de sécurité a été tenté."
"5441","Le filtre suivant était présent au moment démarrage du moteur de filtrage de base de la plateforme de filtrage Windows."
"4907","Paramètres d'audit sur objet ont été modifiées."
"5440","L'appel suivant était présent au moment démarrage du moteur de filtrage de base de la plateforme de filtrage Windows."
"4906","La valeur de CrashOnAuditFail a changé."
"4946","Une modification a été apportée à liste des exceptions du Pare-feu Windows. Une règle a été ajoutée."
"4947","Une modification a été apportée à liste des exceptions du Pare-feu Windows. Une règle a été modifiée."
"4944","La stratégie suivante lors active le Pare-feu Windows a démarré."
"4945","Une règle a été répertoriée lorsque le Pare-feu Windows a démarré."
"4950","Un paramètre du Pare-feu Windows a changé."
"4951","Une règle a été ignorée car son numéro de version principale n'a pas été reconnu par le pare-feu Windows."
"4948","Une modification a été apportée à liste des exceptions du Pare-feu Windows. Une règle a été supprimée."
"4949","Paramètres du Pare-feu Windows ont été restaurés aux valeurs par défaut."
"4954","Paramètres de stratégie de groupe du Pare-feu Windows ont changé. Les nouveaux paramètres ont été appliqués."
"4952","Parties d'une règle ont été ignorées car son numéro de version secondaire n'a pas reconnu par le pare-feu Windows. Les autres parties de la règle sont appliquées."
"4953","Une règle a été ignorée par le pare-feu Windows car il Impossible d'analyser la règle."
"4958","Le pare-feu Windows n'a pas appliqué la règle suivante car la règle référence articles ne pas configurés sur cet ordinateur :"
"4956","Le pare-feu Windows a changé le profil actif."
"4957","Le pare-feu Windows n'a pas appliqué la règle suivante :"
"4931","Un contexte de nommage destination de réplica Active Directory a été modifié."
"4930","Un contexte de nommage source du réplica Active Directory a été modifié."
"4929","Un contexte de nommage source du réplica Active Directory a été supprimé."
"4928","Un contexte de nommage source du réplica Active Directory a été établi."
"4935","Échec de la réplication commence."
"4934","Attributs d'un objet Active Directory ont été répliqués."
"4933","La synchronisation d'un réplica d'un contexte de nommage Active Directory est terminée."
"4932","La synchronisation d'un réplica d'un contexte de nommage Active Directory a commencé."
"4937","Un objet en attente a été supprimé d'un réplica."
"4936","Échec de la réplication se termine."
"5890","Un objet a été ajouté à un catalogue COM +."
"5889","Un objet a été supprimé à partir du catalogue COM +."
"5888","Un objet dans le catalogue COM + a été modifié."
"4976","Durant la négociation de mode principal, IPsec a reçu un paquet de négociation non valide. Si le problème persiste, cela peut indiquer un problème de réseau ou d'une tentative de modifier ou de relecture de cette négociation."
"4977","Durant la négociation de mode rapide, IPsec a reçu un paquet de négociation non valide. Si le problème persiste, cela peut indiquer un problème de réseau ou d'une tentative de modifier ou de relecture de cette négociation."
"4978","Durant la négociation en mode étendu, IPsec a reçu un paquet de négociation non valide. Si le problème persiste, cela peut indiquer un problème de réseau ou d'une tentative de modifier ou de relecture de cette négociation."
"4979","Associations de sécurité en mode principal IPsec et en mode étendu a été établies."
"4980","Associations de sécurité en mode principal IPsec et en mode étendu a été établies."
"4981","Associations de sécurité en mode principal IPsec et en mode étendu a été établies."
"4982","Associations de sécurité en mode principal IPsec et en mode étendu a été établies."
"4983","Échec d'une négociation en mode étendu IPsec. L'association de sécurité de mode principal correspondante a été supprimée."
"4984","Échec d'une négociation en mode étendu IPsec. L'association de sécurité de mode principal correspondante a été supprimée."
"4985","L'état d'une transaction a changé."
"4961","IPsec a ignoré un paquet entrant qui a échoué une vérification de relecture. Si le problème persiste, cela peut indiquer une attaque par relecture contre cet ordinateur."
"4960","IPsec a ignoré un paquet entrant qui a échoué une vérification d'intégrité. Si le problème persiste, cela peut indiquer qu'un problème de réseau ou que les paquets sont en cours modifiés en transit vers cet ordinateur. Vérifiez que les paquets envoyés à partir de l'ordinateur distant sont identiques à celles reçues par cet ordinateur. Cette erreur peut également indiquer des problèmes d'interopérabilité avec d'autres implémentations IPsec."
"4963","IPsec a ignoré un paquet entrant en texte clair qui aurait dû être sécurisé. Cela est généralement dû à l'ordinateur distant modifier sa stratégie IPsec sans informer cet ordinateur. Il peut également s'agir d'une tentative d'attaque d'usurpation d'identité."
"4962","IPsec a ignoré un paquet entrant qui a échoué une vérification de relecture. Le paquet entrant avait trop bas un numéro de séquence pour vous assurer qu'il n'était pas une relecture."
"4965","IPsec a reçu un paquet à partir d'un ordinateur distant d'avec un incorrect paramètre de sécurité index (SPI). Cela est généralement dû par du matériel défectueux est corruption de paquets. Si ces erreurs persistent, vérifiez que les paquets envoyés à partir de l'ordinateur distant sont identiques à celles reçues par cet ordinateur. Cette erreur peut également indiquer des problèmes d'interopérabilité avec d'autres implémentations IPsec. Dans ce cas, si la connectivité n'est pas affectée, puis ces événements peuvent être ignorés."
"4964","Groupes spéciaux ont été affectés à une nouvelle ouverture de session."
"5378","La délégation d'informations d'identification demandée a été interdite par la stratégie."
"5377","Informations d'identification du gestionnaire d'informations d'identification ont été restaurées à partir d'une sauvegarde."
"5376","Informations d'identification du gestionnaire d'informations d'identification ont été sauvegardées."
"5049","Une association de sécurité IPsec a été supprimée."
"5048","Une modification a été apportée aux paramètres IPsec. Un jeu de chiffrement a été supprimé."
"5051","Un fichier a été virtualisé."
"5050","Une tentative de désactivation par programmation le pare-feu Windows utilisant un appel à INetFwProfile.FirewallEnabled(FALSE) interface a été rejetée car cette API n'est pas prise en charge sur Windows Vista. Cette erreur est probablement dû à un programme qui est incompatible avec Windows Vista. Veuillez contacter fabricant le programme pour vous assurer que vous disposez d'une version du programme compatible avec Windows Vista."
"5045","Une modification a été apportée aux paramètres IPsec. Une règle de sécurité de connexion a été supprimée."
"5044","Une modification a été apportée aux paramètres IPsec. Une règle de sécurité de connexion a été modifiée."
"5047","Une modification a été apportée aux paramètres IPsec. Un jeu de chiffrement a été modifié."
"5046","Une modification a été apportée aux paramètres IPsec. Un jeu de chiffrement a été ajouté."
"5041","Une modification a été apportée aux paramètres IPsec. Un jeu d'authentification a été modifié."
"5040","Une modification a été apportée aux paramètres IPsec. Un jeu d'authentification a été ajouté."
"5043","Une modification a été apportée aux paramètres IPsec. Une règle de sécurité de connexion a été ajoutée."
"5042","Une modification a été apportée aux paramètres IPsec. Un jeu d'authentification a été supprimé."
"5037","Le pilote du Pare-feu Windows a détecté erreur d'exécution critique. Termine."
"5038","Intégrité du code a déterminé que le hachage de l'image d'un fichier n'est pas valide. Le fichier a est endommagé en raison de modifications non autorisées ou le hachage non valide peut venir d'une erreur de périphérique disque potentielle."
"5039","Une clé de Registre a été virtualisée."
"5032","Le pare-feu Windows n'a pas pu notifier l'utilisateur qu'il a empêché une application d'accepter les connexions entrantes sur le réseau."
"5033","Le pilote du Pare-feu Windows a démarré."
"5034","Le pilote du Pare-feu Windows a été arrêté."
"5035","Impossible de démarrer le pilote du Pare-feu Windows."
"5028","Le service de pare-feu Windows n'a pas pu analyser la nouvelle stratégie de sécurité. Le service va continuer avec stratégie actuellement appliquée."
"5029","Le service Pare-feu Windows n'a pas pu initialiser le pilote. Le service continuera à appliquer la stratégie actuelle."
"5030","Le service Pare-feu Windows n'a pas pu démarrer."
"5031","Le service Pare-feu Windows a empêché une application d'accepter des connexions entrantes sur le réseau."
"5024","Le service Pare-feu Windows a démarré."
"5025","Le service Pare-feu Windows a été arrêté."
"5027","Le service de pare-feu Windows n'a pas pu retrouver la stratégie de sécurité du stockage local. Le service va continuer à appliquer la stratégie actuelle."
"5066","Une opération de la fonction de chiffrement a été tentée."
"5067","Une modification de la fonction de chiffrement a été tentée."
"5064","Une opération de contexte de chiffrement a été tentée."
"5065","Une modification de contexte de chiffrement a été tentée."
"5070","Une modification de propriété de fonction de chiffrement a été tentée."
"5068","Une opération de fournisseur de fonction de chiffrement a été tentée."
"5069","Une opération de propriété de fonction de chiffrement a été tentée."
"5058","Opération de fichier de clé."
"5059","Opération de migration de clé."
"5056","Un autotest de chiffrement a été effectué."
"5057","Une opération primitive cryptographique a échoué."
"5062","Un noyau chiffrement qu'autotest a été effectuée."
"5063","Une opération de fournisseur de chiffrement a été tentée."
"5060","Opération de vérification a échoué."
"5061","Opération de chiffrement."
"4612","Ressources internes allouées pour la file d'attente des messages d'audit ont été atteint, entraînant la perte de certaines audits."
"4615","Utilisation incorrecte du port LPC."
"4614","Un package de notification a été chargé par le Gestionnaire de comptes de sécurité."
"4609","Arrêt de Windows."
"4608","Windows est en cours de démarrage."
"4611","Un processus d’ouverture de session approuvé a été inscrit auprès de l’autorité de sécurité locale. Ce processus d’ouverture de session sera autorisé à soumettre des demandes d’ouverture de session."
"4610","Un package d'authentification a été chargé par l'autorité de sécurité locale."
"4621","L'administrateur a récupéré le système à partir de CrashOnAuditFail. Les utilisateurs qui ne sont pas administrateurs seront désormais autorisés pour ouvrir une session. Certaines activités pouvant être auditées ne peut-être pas ont été enregistrées."
"4622","Un package de sécurité a été chargé par l'autorité de sécurité locale."
"4616","L'heure du système a été modifié."
"4618","Un modèle d'événement sécurité surveillés s'est produite."
"4624","Un compte s'est été connecté correctement."
"4625","Un compte n'a pas pu se connecter."
"5712","Un appel de procédure distante (RPC) a été tentée."
"4634","Un compte a été déconnecté."
"4647","Un utilisateur a initié la fermeture de session."
"4646","Mode de prévention DoS IKE démarré."
"4655","Une association de sécurité en mode principal IPsec s'est terminée."
"4654","Échec d'une négociation IPsec en mode rapide."
"4653","Échec d'une négociation en mode principal IPsec."
"4652","Échec d'une négociation en mode principal IPsec."
"4651","Une association de sécurité en mode principal IPsec a été établie. En mode étendu n'a pas activé. Un certificat a été utilisé pour l'authentification."
"4650","Une association de sécurité en mode principal IPsec a été établie. En mode étendu n'a pas activé. L'authentification par certificat pas a été utilisée."
"4649","Une attaque par relecture a été détectée."
"4648","Une ouverture de session a été tentée à l'aide des informations d'identification explicites."
"4662","Une opération a été effectuée sur un objet."
"6280","Serveur de stratégie réseau déverrouillé le compte d'utilisateur."
"4663","Un accès à un objet a été tenté."
"4660","Un objet a été supprimé."
"4661","Un handle vers un objet a été demandé."
"4658","Le handle vers un objet a été fermé."
"4659","Un handle vers un objet a été demandé avec intention de supprimer."
"4656","Un handle vers un objet a été demandé."
"4657","Une valeur de Registre a été modifiée."
"4670","Des autorisations sur un objet ont été modifiées."
"6272","Serveur de stratégie réseau autorisé à accéder à un utilisateur."
"4671","Une application a tenté d'accéder à un terminal bloqué via le TBS."
"6273","Serveur de stratégie réseau a refusé l'accès à un utilisateur."
"6274","Serveur de stratégie réseau a supprimé la demande pour un utilisateur."
"4668","Une application a été initialisée."
"6275","Serveur de stratégie réseau a supprimé la demande de comptabilité pour un utilisateur."
"6276","Serveur de stratégie de réseau a mis en quarantaine un utilisateur."
"4666","Une application a tenté une opération :"
"6277","Réseau de serveur de stratégie a accordé l'accès à un utilisateur mais l'a placé en probation, car l'ordinateur hôte répond à la stratégie d'intégrité définie."
"4667","Un contexte client d'application a été supprimé."
"6278","Serveur de stratégie réseau accordé l'accès complet à un utilisateur car la ordinateur hôte remplie de la stratégie d'intégrité définie."
"4664","Une tentative de création d'un lien dur a eu lieu."
"6279","Serveur de stratégie réseau a verrouillé le compte utilisateur en raison de  plusieurs tentatives d'authentification échouées."
"4665","Tentative de création d'un contexte d'application client."
"4673","Un service privilégié a été appelé."
"4672","Privilèges spéciaux attribués à une nouvelle ouverture de session."
"4675","Des SID ont été filtrés."
"4674","Une opération a été tentée sur un objet privilégié."
"5155","La plateforme de filtrage Windows a empêché une application ou un service d'écouter sur un port pour les connexions entrantes."
"5154","La plateforme de filtrage Windows a autorisé une application ou un service pour écouter sur un port pour les connexions entrantes."
"5153","Un filtre plateforme de filtrage Windows plus restrictif a bloqué un paquet."
"5152","La plateforme de filtrage Windows a bloqué un paquet."
"5159","La plateforme de filtrage Windows a bloqué une liaison à un port local."
"5633","Une demande a été effectuée pour s'authentifier sur un réseau câblé."
"5158","La plateforme de filtrage Windows a autorisé une liaison à un port local."
"5632","Une demande a été effectuée pour s'authentifier sur un réseau sans fil."
"5157","La plateforme de filtrage Windows a bloqué une connexion."
"5156","La plateforme de filtrage Windows a autorisé une connexion."
"4688","Un nouveau processus a été créé."
"4689","Un processus s'est terminé."
"4690","Une tentative de duplication d'un handle vers un objet a eu lieu."
"4691","Accès indirect à un objet a été demandé."
"4692","Sauvegarde de clé principale de protection de données a été tentée."
"4693","Récupération de clé principale de protection de données a été tentée."
"4694","Protection des données protégées pouvant être auditées a été tentée."
"4695","Une protection des données protégées pouvant être auditées a été tentée."
"4696","Un jeton principal a été affecté à traiter."
"4697","Un service a été installé dans le système."
"4698","Une tâche planifiée a été créée."
"4699","Une tâche planifiée a été supprimée."
"4700","Une tâche planifiée a été activée."
"4701","Une tâche planifiée a été désactivée."
"4702","Une tâche planifiée a été mise à jour."
"4707","Une relation d'approbation à un domaine a été supprimée."
"4706","Une nouvelle approbation a été créée à un domaine."
"4705","Un droit d'utilisateur a été supprimé."
"4704","Un droit d'utilisateur a été affecté."
"4711","Le moteur PAStore"
"4710","Les services IPsec a été désactivé."
"4709","Les services IPsec a démarré."
"4715","La stratégie d'audit (SACL) sur un objet a été modifiée."
"5121","LE service du répondeur OCSP est arrêté."
"4714","Stratégie de récupération des données chiffrées a été modifiée."
"5120","LE service du répondeur OCSP est démarré."
"4713","La stratégie Kerberos a été modifiée."
"5123","Une entrée de configuration a changé dans le service du répondeur OCSP."
"4712","Services IPsec ont rencontré un échec potentiellement grave."
"5122","Une entrée de configuration a changé dans le service du répondeur OCSP."
"4719","Stratégie d'audit système a été modifiée."
"5125","Une demande a été soumise au service du répondeur OCSP."
"4718","Accès à la sécurité du système a été supprimé d'un compte."
"5124","Un paramètre de sécurité a été mis à jour sur le service du répondeur OCSP."
"4717","Accès à la sécurité du système a été accordé à un compte."
"5127","Le fournisseur de révocation OCSP a correctement ces mis à jour les informations de révocation."
"4716","Informations de domaine approuvé a été modifiées."
"5126","Le certificat de signature a été automatiquement mis à jour par le service du répondeur OCSP."
"4722","Un compte d'utilisateur a été activé."
"4723","Modifier mot de passe d'un compte a été tenté."
"4720","Un compte d'utilisateur a été créé."
"4726","Un compte d'utilisateur a été supprimé."
"4727","Un groupe global dont la sécurité est activée a été créé."
"4724","Réinitialiser un compte a été tenté."
"4725","Un compte d'utilisateur a été désactivé."
"5136","Un objet du service d'annuaire a été modifié."
"4730","Un groupe global dont la sécurité est activée a été supprimé."
"5137","Un objet de service d'annuaire a été créé."
"4731","Un groupe local dont la sécurité est activée a été créé."
"5138","Il a un service été objet annuaire récupéré."
"4728","Un membre a été ajouté à un groupe global dont la sécurité est activée."
"5139","Un objet du service d'annuaire a été déplacé."
"4729","Un membre a été supprimé d'un groupe global dont la sécurité est activée."
"4734","Un groupe local dont la sécurité est activée a été supprimé."
"5140","Un objet de partage réseau est accessible."
"5141","Un objet du service d'annuaire a été supprimé."
"4735","Un groupe local dont la sécurité est activée a été modifié."
"4732","Un membre a été ajouté à un groupe local dont la sécurité est activée."
"4733","Un membre a été supprimé d'un groupe local dont la sécurité est activée."
"4748","Un groupe local dont la sécurité est désactivée a été supprimé."
"4749","Un groupe global dont la sécurité est désactivée a été créé."
"4750","Un groupe global dont la sécurité est désactivée a été modifié."
"4751","Un membre a été ajouté à un groupe global dont la sécurité est désactivée."
"4744","Un groupe local dont la sécurité est désactivée a été créé."
"4745","Un groupe local dont la sécurité est désactivée a été modifié."
"4746","Un membre a été ajouté à un groupe local dont la sécurité est désactivée."
"4747","Un membre a été supprimé d'un groupe local dont la sécurité est désactivée."
"4740","Un compte d'utilisateur a été verrouillé."
"4741","Un compte d'ordinateur a été créé."
"4742","Un compte d'ordinateur a été modifié."
"4743","Un compte d'ordinateur a été supprimé."
"4737","Un groupe global dont la sécurité est activée a été modifié."
"4738","Un compte d'utilisateur a été modifié."
"4739","Stratégie de domaine a été modifié."
"4765","L'historique des SID a été ajouté à un compte."
"4764","Type ’s un groupe a été modifié."
"4767","Un compte d'utilisateur n'a pas déverrouillé."
"4766","Une tentative pour ajouter l'historique des SID à un compte a échoué."
"4761","Un membre a été ajouté à un groupe universel de sécurité est désactivée."
"4760","Un groupe universel dont la sécurité est désactivée a été modifié."
"4762","Un membre a été supprimé d'un groupe universel de sécurité est désactivée."
"4757","Un membre a été supprimé d'un groupe universel de sécurité est activée."
"4756","Un membre a été ajouté à un groupe universel de sécurité est activée."
"4759","Un groupe universel dont la sécurité est désactivée a été créé."
"4758","Un groupe universel dont la sécurité est activée a été supprimé."
"4753","Un groupe global dont la sécurité est désactivée a été supprimé."
"4752","Un membre a été supprimé d'un groupe global dont la sécurité est désactivée."
"4755","Un groupe universel dont la sécurité est activée a été modifié."
"4754","Un groupe universel dont la sécurité est activée a été créé."
"4782","Le hachage de mot de passe d'un compte est accessible."
"4783","Un groupe d'applications de base a été créé."
"4780","La liste de contrôle d'accès a été définie sur les comptes qui sont membres des groupes administrateurs."
"4781","Le nom d'un compte a été modifié :"
"4778","Une session a été reconnectée à une station de fenêtre."
"4779","Une session a été déconnectée à partir d'une station de fenêtre."
"4776","Le contrôleur de domaine a tenté de valider les informations d'identification d'un compte."
"4777","Le contrôleur de domaine Impossible de valider les informations d'identification d'un compte."
"4774","Un compte a été mappé pour ouverture de session."
"4775","Un compte ne peut pas être mappé pour ouverture de session."
"4772","Une demande de ticket d'authentification Kerberos a échoué."
"4773","Une demande de ticket de service Kerberos a échoué."
"4770","Un ticket de service Kerberos a été renouvelé."
"4771","Pré-authentification Kerberos a échoué."
"4768","Un ticket de l'authentification Kerberos (TGT) a été demandé."
"4769","Un ticket de service Kerberos a été demandé."
"6145","Un ou plusieurs erreurs sont survenues lors du traitement de stratégie de sécurité dans les objets stratégie de groupe."
"6144","Stratégie de sécurité dans les objets stratégie de groupe a été appliqué avec succès."
"4794","Tentative de pour définir le mode de restauration des services d'annuaire."
"4793","L'API de vérification de stratégie de mot de passe a été appelée."
"4792","Un groupe de requêtes LDAP a été supprimé."
"4791","Un groupe d'applications de base a été modifié."
"4790","Un groupe de requêtes LDAP a été créé."
"4789","Un groupe d'applications de base a été supprimé."
"4788","Un non membre a été supprimé d'un groupe application de base."
"4787","Un non membre a été ajouté à un groupe d'applications de base."
"4786","Un membre a été supprimé d'un groupe d'applications de base."
"4785","Un membre a été ajouté à un groupe d'applications de base."
"4784","Un groupe d'applications de base a été modifié."
"4800","La station de travail était verrouillée."
"4801","La station de travail était déverrouillée."
"4802","L'écran de veille a été appelé."
"4803","L'écran de veille a été abandonné."
"4816","RPC a détecté une violation d'intégrité lors du déchiffrement d'un message entrant."
"4626","Informations sur les revendications utilisateur/de périphérique."
"4817","Les paramètres d’audit sur l’objet ont changé."
"4818","La stratégie d’accès centralisée proposée n’accorde pas les mêmes autorisations d’accès que la stratégie d’accès centralisée actuelle."
"4819","Les stratégies d’accès centralisées sur l’ordinateur ont été modifiées."
"4911","Les attributs de ressource de l’objet ont été modifiés."
"4913","La stratégie d’accès centralisée sur l’objet a été modifiée."
"5142","Un objet de partage réseau a été ajouté."
"5143","Un objet du partage réseau a été modifié."
"5144","Un objet de partage réseau a été supprimé"
"5145","Un objet du partage réseau a été vérifié afin de savoir si l’accès souhaité peut être accordé au client."
"4797","Tentative d’interrogation de l’existence d’un mot de passe vide pour un compte."
"5071","Accès à la clé refusé par le service de distribution de clés Microsoft."
"5146","La plateforme de filtrage Windows a bloqué un paquet."
"5147","Un filtre plus restrictif de la plateforme de filtrage Windows a bloqué un paquet."
"6409","BranchCache : un objet de point de connexion de service n’a pas pu être analysé."