regex.event.message,set.event.deviceEventClassId,set.event.name
Parameter 'Connections hash table size' changed from .* to .*,Connections hash table changed,Connections hash table changed
Parameter 'Maximum concurrent connections' changed from .* to .*,Maximum concurrent connections changed,Maximum concurrent connections changed
"Following a modification in your license information, the number of permitted cores has changed from \\d+ to .*",Permitted cores changed,Permitted cores changed
All log clients are disconnected,Log clients disconnected,Log clients disconnected
