regex.event.message,set.event.deviceEventClassId,set.event.name
AD Query unavailable for domain controller .*,AD Query unavailable,AD Query unavailable
Countries DB download has succeeded,Countries DB download has succeeded,Countries DB download has succeeded
Identity information was synchronized .*,Identity information was synchronized,Identity information was synchronized
installed Standard,Installed standard,Installed standard
Status of communication .*,Status of communication channel,Status of communication channel
