event.reason,set.event.message,set.event.name
AppOffline,The service is not available because application errors caused the application to be taken offline,Application Taken Offline
AppPoolTimer,The service is not available because the application pool process is too busy to handle the request,Application Pool too busy to handle request
AppShutdown,The service is not available because the application shut down automatically in response to administrator policy,Application is shutdown in response to policy
BadRequest,A parse error occurred while processing a request,Error while parsing the request
Client_Reset,The connection between the client and the server was closed before the request could be assigned to a worker process,Connection Reset
Connection_Abandoned_By_AppPool,A worker process from the application pool has quit unexpectedly or orphaned a pending request by closing its handle,The connection was abandoned by application pool
Connection_Abandoned_By_ReqQueue,A worker process from the application pool has quit unexpectedly or orphaned a pending request by closing its handle,The connection was abandoned by request queue
Connection_Dropped,The connection between the client and the server was closed before the server could send its final response packet,Connection Dropped
Connection_Dropped_List_Full,The list of dropped connections between clients and the server is full,List of dropped connections is full
ConnLimit,The service is not available because the site level connection limit has been reached or exceeded,The site level connection limit has been reached or exceeded
Connections_Refused,The kernel NonPagedPool memory has dropped below 20MB and http.sys has stopped receiving new connections,Service has stopped receiving new connections
Disabled,The service is not available because an administrator has taken the application offline,Application is taken offline by administrator
EntityTooLarge,An entity exceeded the maximum size that is permitted,An entity exceeded the maximum size that is permitted
FieldLength,A field length limit was exceeded,A field length limit was exceeded
Forbidden,A forbidden element or sequence was encountered while parsing,A forbidden element or sequence was encountered while parsing
Header,A parse error occurred in a header,A parse error occurred in a header
Hostname,A parse error occurred while processing a Hostname,A parse error occurred while processing a Hostname
Internal,An internal server error occurred (an HTTP error 500),An internal server error occurred
Invalid_CR/LF,An illegal carriage return or line feed occurred,An illegal carriage return or line feed occurred
LengthRequired,A required length value was missing,A required length value was missing
N/A,The service is not available because an internal error (such as a memory allocation failure or URL Reservation List conflict) occurred,An internal server error occurred
N/I,"A not-implemented error occurred (an HTTP error 501), or a service unavailable error occurred (an HTTP error 503) because of an unknown transfer encoding",A service unavailable error occurred
Number,A parse error occurred while processing a number,A parse error occurred while processing a number
Precondition,A required precondition was missing,A required precondition was missing
QueueFull,The service is not available because the application request queue is full,The application request queue is full
RequestLength,A request length limit was exceeded,A request length limit was exceeded
Timer_AppPool,The connection expired because a request waited too long in an application pool queue for a server application to de-queue and process it,The connection expired
Timer_ConnectionIdle,The connection expired and remains idle,The connection expired and remains idle
Timer_EntityBody,The connection expired before the request entity body arrived,The connection expired before the request entity body arrived
Timer_HeaderWait,The connection expired because the header parsing for a request took more time than the default limit of two minutes,Connection expired - Header parsing took too long
Timer_MinBytesPerSecond,The connection expired because the client was not receiving a response at a reasonable speed,Connection expired - no response at reasonable speed
Timer_ReqQueue,The connection expired because a request waited too long in an application pool queue for a server application to de-queue,Connection expired - Request took too long
Timer_Response,"Reserved, currently not used",Timer Response
Timer_SslRenegotiation,The connection expired because SSL renegotiation between the client and server took longer than the default time-out of two minutes,Connection expired - SSL renegotiation took too long
URL,A parse error occurred while processing a URL,A parse error occurred while processing a URL
URL_Length,A URL exceeded the maximum permitted size,A URL exceeded the maximum permitted size
Verb,A parse error occurred while processing a verb,A parse error occurred while processing a verb
Version_N/S,A version-not-supported error occurred (an HTTP error 505),A version-not-supported error occurred
