event.deviceEventClassId,set.event.deviceEventClassId
1,nnmiMgmtEvAddressNotResponding
2,nnmiMgmtEvAggregatorDegraded
3,nnmiMgmtEvAggregatorDown
4,nnmiMgmtEvAggregatorLinkDegraded
5,nnmiMgmtEvAggregatorLinkDown
6,nnmiMgmtEvBufferOutOfRangeOrMalfunctioning
7,nnmiMgmtEvConnectionDown
8,nnmiMgmtEvConnectionPartiallyUnresponsive
9,nnmiMgmtEvCpuOutOfRangeOrMalfunctioning
10,nnmiMgmtEvCustomPollCritical
11,nnmiMgmtEvCustomPollMajor
12,nnmiMgmtEvCustomPollMinor
13,nnmiMgmtEvCustomPollWarning
14,nnmiMgmtEvDuplicateCorrelation
15,nnmiMgmtEvFanOutOfRangeOrMalfunctioning
16,nnmiMgmtEvImportantNodeOrConnectionDown
17,nnmiMgmtEvImportantNodeUnmanageable
18,nnmiMgmtEvInterfaceDisabled
19,nnmiMgmtEvInterfaceDown
20,nnmiMgmtEvInterfacePerformanceCritical
21,nnmiMgmtEvInterfacePerformanceWarning
22,nnmiMgmtEvIslandGroupDown
23,nnmiMgmtEvLicenseExpired
24,nnmiMgmtEvLicenseMismatch
25,nnmiMgmtEvLicenseNodeCountExceeded
26,nnmiMgmtEvMemoryOutOfRangeOrMalfunctioning
27,nnmiMgmtEvModifiedConnectionDown
28,nnmiMgmtEvNnmClusterFailover
29,nnmiMgmtEvNnmClusterLostStandby
30,nnmiMgmtEvNnmClusterStartup
31,nnmiMgmtEvNnmClusterTransfer
32,nnmiMgmtEvNodeDown
33,nnmiMgmtEvNodeOrConnectionDown
35,nnmiMgmtEvNonSNMPNodeUnresponsive
36,nnmiMgmtEvPowerSupplyOutOfRangeOrMalfunctioning
37,nnmiMgmtEvRateCorrelation
38,nnmiMgmtEvRrgDegraded
39,nnmiMgmtEvRrgFailover
40,nnmiMgmtEvRrgMultiplePrimary
41,nnmiMgmtEvRrgMultipleSecondary
42,nnmiMgmtEvRrgNoPrimary
43,nnmiMgmtEvRrgNoSecondary
44,nnmiMgmtEvRrgSecondaryChanged
45,nnmiMgmtEvSnmpTrapLimitCritical
46,nnmiMgmtEvSnmpTrapLimitMajor
47,nnmiMgmtEvSnmpTrapLimitWarning
48,nnmiMgmtEvTemperatureOutOfRangeOrMalfunctioning
49,nnmiMgmtEvTrapStorm
50,nnmiMgmtEvVoltageOutOfRangeOrMalfunctioning
51,nnmiMgmtEvMessageQueueIncidentRateExceeded
52,nnmiMgmtEvMessageQueueSizeExceeded
53,nnmiMgmtEvPipelineQueueSizeExceeded
54,nnmiMgmtEvCardDown
55,nnmiMgmtEvCardRemoved
56,nnmiMgmtEvCardDisabled
57,nnmiMgmtEvCrgNoPrimary
58,nnmiMgmtEvCrgMultiplePrimary
59,nnmiMgmtEvCrgNoSecondary
60,nnmiMgmtEvCrgFailover
61,nnmiMgmtEvLicensePointCountNearCapacity
62,nnmiMgmtEvLicenseCapacityCountExceeded
63,nnmiMgmtEvCardInserted
64,nnmiMgmtEvNnmHealthOverallStatus
65,nnmiMgmtEvCardUndeterminedState
66,nnmiMgmtEvDiskOutOfRangeOrMalfunctioning
67,nnmiMgmtEvBackplaneOutOfRangeOrMalfunctioning
69,nnmiMgmtEvIpSubnetContainsIpWithNewMac
70,nnmiMgmtEvSNMPAgentNotResponding
71,nnmiMgmtEvCpuAbnormal
72,nnmiMgmtEvMemoryAbnormal
73,nnmiMgmtEvBufferAbnormal
74,nnmiMgmtEvBackplaneAbnormal
75,nnmiMgmtEvDiskAbnormal
9999,nnmiMgmtEvGenericIncident
1000,nnmiEvClosed
1001,nnmiEvLifecycleStateChanged
1100,nnmiEvCorrelationDedup
1101,nnmiEvCorrelationImpact
1102,nnmiEvCorrelationPairwise
1103,nnmiEvCorrelationRate
1104,nnmiEvCorrelationApa
1105,nnmiEvCorrelationCustom
2100,nnmiEvCorrelationGrpDedup
2101,nnmiEvCorrelationGrpImpact
2102,nnmiEvCorrelationGrpPairwise
2103,nnmiEvCorrelationGrpRate
2104,nnmiEvCorrelationGrpApa
2105,nnmiEvCorrelationGrpCustom
3000,nnmiEvDeleted
