event.name,set.event.name,set.event.deviceEventClassId,set.event.deviceEventCategory
1000,Get status,AUDIT_GET,AUDIT_GET
1001,Set status (enable/disable/auditd),AUDIT_SET,AUDIT_SET
1002,List filtering rules,AUDIT_LIST,AUDIT_LIST
1003,Add filtering rule,AUDIT_ADD,AUDIT_ADD
1004,Delete filtering rule,AUDIT_DEL,AUDIT_DEL
1005,Send a message from user-space,AUDIT_USER,AUDIT_USER
1006,Define the login id and information,AUDIT_LOGIN,AUDIT_LOGIN
1007,Insert file/dir watch entry,AUDIT_WATCH_INS,AUDIT_WATCH_INS
1008,Remove file/dir watch entry,AUDIT_WATCH_REM,AUDIT_WATCH_REM
1009,List all watches,AUDIT_WATCH_LIST,AUDIT_WATCH_LIST
1010,Get information about sender of signal,AUDIT_SIGNAL_INFO,AUDIT_SIGNAL_INFO
1014,Trim junk from watched tree,AUDIT_TRIM,AUDIT_TRIM
1015,Append to watched tree,AUDIT_MAKE_EQUIV,AUDIT_MAKE_EQUIV
1016,Get TTY auditing status,AUDIT_TTY_GET,AUDIT_TTY_GET
1017,Set TTY audit status,AUDIT_TTY_SET,AUDIT_TTY_SET
1100,User space authentication,AUDIT_USER_AUTH,AUDIT_USER_AUTH
1101,User space acct change,AUDIT_USER_ACCT,AUDIT_USER_ACCT
1102,User space acct management,AUDIT_USER_MGMT,AUDIT_USER_MGMT
1103,User space credential acquired,AUDIT_CRED_ACQ,AUDIT_CRED_ACQ
1104,User space credential disposed,AUDIT_CRED_DISP,AUDIT_CRED_DISP
1105,User space session start,AUDIT_USER_START,AUDIT_USER_START
1106,User space session end,AUDIT_USER_END,AUDIT_USER_END
1107,User space avc message,AUDIT_USER_AVC,AUDIT_USER_AVC
1108,User space acct attr changed,AUDIT_USER_CHAUTHTOK,AUDIT_USER_CHAUTHTOK
1109,User space acct state err,AUDIT_USER_ERR,AUDIT_USER_ERR
1110,User space credential refreshed,AUDIT_CRED_REFR,AUDIT_CRED_REFR
1111,User space system config change,AUDIT_USYS_CONFIG,AUDIT_USYS_CONFIG
1112,User space user has logged in,AUDIT_USER_LOGIN,AUDIT_USER_LOGIN
1113,User space user has logged out,AUDIT_USER_LOGOUT,AUDIT_USER_LOGOUT
1114,User space user account added,AUDIT_ADD_USER,AUDIT_ADD_USER
1115,User space user account deleted,AUDIT_DEL_USER,AUDIT_DEL_USER
1116,User space group added,AUDIT_ADD_GROUP,AUDIT_ADD_GROUP
1117,User space group deleted,AUDIT_DEL_GROUP,AUDIT_DEL_GROUP
1118,User space DAC check results,AUDIT_DAC_CHECK,AUDIT_DAC_CHECK
1119,User space group ID changed,AUDIT_CHGRP_ID,AUDIT_CHGRP_ID
1120,Used for test success messages,AUDIT_TEST,AUDIT_TEST
1121,Trusted app msg - freestyle text,AUDIT_TRUSTED_APP,AUDIT_TRUSTED_APP
1122,SE Linux user space error,AUDIT_USER_SELINUX_ERR,AUDIT_USER_SELINUX_ERR
1123,User shell command and args,AUDIT_USER_CMD,AUDIT_USER_CMD
1124,Non-ICANON TTY input meaning,AUDIT_USER_TTY,AUDIT_USER_TTY
1125,Changed user ID supplemental data,AUDIT_CHUSER_ID,AUDIT_CHUSER_ID
1126,Authentication for group password,AUDIT_GRP_AUTH,AUDIT_GRP_AUTH
1127,System boot,AUDIT_SYSTEM_BOOT,AUDIT_SYSTEM_BOOT
1128,System shutdown,AUDIT_SYSTEM_SHUTDOWN,AUDIT_SYSTEM_SHUTDOWN
1129,System runlevel change,AUDIT_SYSTEM_RUNLEVEL,AUDIT_SYSTEM_RUNLEVEL
1129|success,System runlevel change,AUDIT_SYSTEM_RUNLEVEL|success,AUDIT_SYSTEM_RUNLEVEL
1129|failed,System runlevel change,AUDIT_SYSTEM_RUNLEVEL|failed,AUDIT_SYSTEM_RUNLEVEL
1199,Last user space message,AUDIT_LAST_USER_MSG,AUDIT_LAST_USER_MSG
1200,AUDIT_FIRST_DAEMON,AUDIT_FIRST_DAEMON,AUDIT_FIRST_DAEMON
1204,Auditd should reconfigure,AUDIT_DAEMON_RECONFIG,AUDIT_DAEMON_RECONFIG
1205,Auditd should rotate logs,AUDIT_DAEMON_ROTATE,AUDIT_DAEMON_ROTATE
1206,Auditd should resume logging,AUDIT_DAEMON_RESUME,AUDIT_DAEMON_RESUME
1207,Auditd accepted remote connection,AUDIT_DAEMON_ACCEPT,AUDIT_DAEMON_ACCEPT
1208,Auditd closed remote connection,AUDIT_DAEMON_CLOSE,AUDIT_DAEMON_CLOSE
1299,AUDIT_LAST_DAEMON,AUDIT_LAST_DAEMON,AUDIT_LAST_DAEMON
1301,Filesystem watch event,AUDIT_FS_WATCH,AUDIT_FS_WATCH
1302,Filname path information,AUDIT_PATH,AUDIT_PATH
1303,IPC record,AUDIT_IPC,AUDIT_IPC
1304,Socket record,AUDIT_SOCKET,AUDIT_SOCKET
1305,Audit system configuration change,AUDIT_CONFIG_CHANGE,AUDIT_CONFIG_CHANGE
1307,Current working directory,AUDIT_CWD,AUDIT_CWD
1309,execve arguments,AUDIT_EXECVE,AUDIT_EXECVE
1311,IPC new permissions record type,AUDIT_IPC_SET_PERM,AUDIT_IPC_SET_PERM
1312,POSIX MQ open record type,AUDIT_MQ_OPEN,AUDIT_MQ_OPEN
1313,POSIX MQ send/receive record type,AUDIT_MQ_SENDRECV,AUDIT_MQ_SENDRECV
1314,POSIX MQ notify record type,AUDIT_MQ_NOTIFY,AUDIT_MQ_NOTIFY
1315,POSIX MQ get/set attribute record type,AUDIT_MQ_GETSETATTR,AUDIT_MQ_GETSETATTR
1316,For use by - 3rd party modules,AUDIT_KERNEL_OTHER,AUDIT_KERNEL_OTHER
1317,audit record for pipe/socketpair,AUDIT_FD_PAIR,AUDIT_FD_PAIR
1318,signal or ptrace target,AUDIT_OBJ_PID,AUDIT_OBJ_PID
1319,Input on an administrative TTY,AUDIT_TTY,AUDIT_TTY
1320,End of event,AUDIT_EOE,AUDIT_EOE
1321,file caps increasing perms,AUDIT_BPRM_FCAPS,AUDIT_BPRM_FCAPS
1322,Capability syscall structures,AUDIT_CAPSET,AUDIT_CAPSET
1325,Netfilter change modification,AUDIT_NETFILTER_CFG,AUDIT_NETFILTER_CFG
1399,AUDIT_LAST_EVENT,AUDIT_LAST_EVENT,AUDIT_LAST_EVENT
1400,AUDIT_FIRST_SELINUX,AUDIT_FIRST_SELINUX,AUDIT_FIRST_SELINUX
1403,Policy file load,AUDIT_MAC_POLICY_LOAD,AUDIT_MAC_POLICY_LOAD
1404,Changed enforcing - permissive - off,AUDIT_MAC_STATUS,AUDIT_MAC_STATUS
1405,Changes to booleans,AUDIT_MAC_CONFIG_CHANGE,AUDIT_MAC_CONFIG_CHANGE
1406,NetLabel: allow unlabeled traffic,AUDIT_MAC_UNLBL_ALLOW,AUDIT_MAC_UNLBL_ALLOW
1407,NetLabel: add CIPSOv4 DOI entry,AUDIT_MAC_CIPSOV4_ADD,AUDIT_MAC_CIPSOV4_ADD
1408,NetLabel: del CIPSOv4 DOI entry,AUDIT_MAC_CIPSOV4_DEL,AUDIT_MAC_CIPSOV4_DEL
1409,NetLabel: add LSM domain mapping,AUDIT_MAC_MAP_ADD,AUDIT_MAC_MAP_ADD
1410,NetLabel: del LSM domain mapping,AUDIT_MAC_MAP_DEL,AUDIT_MAC_MAP_DEL
1411,Add a XFRM state,AUDIT_MAC_IPSEC_ADDSA,AUDIT_MAC_IPSEC_ADDSA
1412,Delete a XFRM state,AUDIT_MAC_IPSEC_DELSA,AUDIT_MAC_IPSEC_DELSA
1413,Add a XFRM policy,AUDIT_MAC_IPSEC_ADDSPD,AUDIT_MAC_IPSEC_ADDSPD
1414,Delete a XFRM policy,AUDIT_MAC_IPSEC_DELSPD,AUDIT_MAC_IPSEC_DELSPD
1415,Audit an IPSec event,AUDIT_MAC_IPSEC_EVENT,AUDIT_MAC_IPSEC_EVENT
1416,NetLabel: add a static label,AUDIT_MAC_UNLBL_STCADD,AUDIT_MAC_UNLBL_STCADD
1417,NetLabel: del a static label,AUDIT_MAC_UNLBL_STCDEL,AUDIT_MAC_UNLBL_STCDEL
1499,AUDIT_LAST_SELINUX,AUDIT_LAST_SELINUX,AUDIT_LAST_SELINUX
1500,Not upstream yet,AUDIT_AA,AUDIT_AA
1501,AUDIT_APPARMOR_AUDIT,AUDIT_APPARMOR_AUDIT,AUDIT_APPARMOR_AUDIT
1502,AUDIT_APPARMOR_ALLOWED,AUDIT_APPARMOR_ALLOWED,AUDIT_APPARMOR_ALLOWED
1503,AUDIT_APPARMOR_DENIED,AUDIT_APPARMOR_DENIED,AUDIT_APPARMOR_DENIED
1504,AUDIT_APPARMOR_HINT,AUDIT_APPARMOR_HINT,AUDIT_APPARMOR_HINT
1505,AUDIT_APPARMOR_STATUS,AUDIT_APPARMOR_STATUS,AUDIT_APPARMOR_STATUS
1506,AUDIT_APPARMOR_ERROR,AUDIT_APPARMOR_ERROR,AUDIT_APPARMOR_ERROR
1599,AUDIT_LAST_APPARMOR,AUDIT_LAST_APPARMOR,AUDIT_LAST_APPARMOR
1600,AUDIT_FIRST_KERN_CRYPTO_MSG,AUDIT_FIRST_KERN_CRYPTO_MSG,AUDIT_FIRST_KERN_CRYPTO_MSG
1699,AUDIT_LAST_KERN_CRYPTO_MSG,AUDIT_LAST_KERN_CRYPTO_MSG,AUDIT_LAST_KERN_CRYPTO_MSG
1700,Device changed promiscuous mode,AUDIT_ANOM_PROMISCUOUS,AUDIT_ANOM_PROMISCUOUS
1701,Process ended abnormally,AUDIT_ANOM_ABEND,AUDIT_ANOM_ABEND
1799,AUDIT_LAST_KERN_ANOM_MSG,AUDIT_LAST_KERN_ANOM_MSG,AUDIT_LAST_KERN_ANOM_MSG
1800,Data integrity verification,AUDIT_INTEGRITY_DATA,AUDIT_INTEGRITY_DATA
1801,Metadata integrity verification,AUDIT_INTEGRITY_METADATA,AUDIT_INTEGRITY_METADATA
1802,Integrity enable status,AUDIT_INTEGRITY_STATUS,AUDIT_INTEGRITY_STATUS
1803,Integrity HASH type,AUDIT_INTEGRITY_HASH,AUDIT_INTEGRITY_HASH
1804,PCR invalidation msgs,AUDIT_INTEGRITY_PCR,AUDIT_INTEGRITY_PCR
1805,Policy rule,AUDIT_INTEGRITY_RULE,AUDIT_INTEGRITY_RULE
1899,AUDIT_INTEGRITY_LAST_MSG,AUDIT_INTEGRITY_LAST_MSG,AUDIT_INTEGRITY_LAST_MSG
2000,AUDIT_KERNEL,AUDIT_KERNEL,AUDIT_KERNEL
2100,Failed login limit reached,AUDIT_ANOM_LOGIN_FAILURES,AUDIT_ANOM_LOGIN_FAILURES
2101,Login attempted at bad time,AUDIT_ANOM_LOGIN_TIME,AUDIT_ANOM_LOGIN_TIME
2102,Max concurrent sessions reached,AUDIT_ANOM_LOGIN_SESSIONS,AUDIT_ANOM_LOGIN_SESSIONS
2103,Login attempted to watched acct,AUDIT_ANOM_LOGIN_ACCT,AUDIT_ANOM_LOGIN_ACCT
2104,Login from forbidden location,AUDIT_ANOM_LOGIN_LOCATION,AUDIT_ANOM_LOGIN_LOCATION
2105,Max DAC failures reached,AUDIT_ANOM_MAX_DAC,AUDIT_ANOM_MAX_DAC
2106,Max MAC failures reached,AUDIT_ANOM_MAX_MAC,AUDIT_ANOM_MAX_MAC
2107,AMTU failure,AUDIT_ANOM_AMTU_FAIL,AUDIT_ANOM_AMTU_FAIL
2108,RBAC self test failure,AUDIT_ANOM_RBAC_FAIL,AUDIT_ANOM_RBAC_FAIL
2109,RBAC file integrity failure,AUDIT_ANOM_RBAC_INTEGRITY_FAIL,AUDIT_ANOM_RBAC_INTEGRITY_FAIL
2110,Crypto system test failure,AUDIT_ANOM_CRYPTO_FAIL,AUDIT_ANOM_CRYPTO_FAIL
2111,Access of file or dir,AUDIT_ANOM_ACCESS_FS,AUDIT_ANOM_ACCESS_FS
2112,Execution of file,AUDIT_ANOM_EXEC,AUDIT_ANOM_EXEC
2113,Make an executable,AUDIT_ANOM_MK_EXEC,AUDIT_ANOM_MK_EXEC
2114,Adding an acct,AUDIT_ANOM_ADD_ACCT,AUDIT_ANOM_ADD_ACCT
2115,Deleting an acct,AUDIT_ANOM_DEL_ACCT,AUDIT_ANOM_DEL_ACCT
2116,Changing an acct,AUDIT_ANOM_MOD_ACCT,AUDIT_ANOM_MOD_ACCT
2117,User became root,AUDIT_ANOM_ROOT_TRANS,AUDIT_ANOM_ROOT_TRANS
2199,AUDIT_LAST_ANOM_MSG,AUDIT_LAST_ANOM_MSG,AUDIT_LAST_ANOM_MSG
2200,Anomaly not reacted to,AUDIT_RESP_ANOMALY,AUDIT_RESP_ANOMALY
2201,Alert email was sent,AUDIT_RESP_ALERT,AUDIT_RESP_ALERT
2202,Kill program,AUDIT_RESP_KILL_PROC,AUDIT_RESP_KILL_PROC
2203,Terminate session,AUDIT_RESP_TERM_ACCESS,AUDIT_RESP_TERM_ACCESS
2204,Acct locked from remote access,AUDIT_RESP_ACCT_REMOTE,AUDIT_RESP_ACCT_REMOTE
2205,User acct locked for time,AUDIT_RESP_ACCT_LOCK_TIMED,AUDIT_RESP_ACCT_LOCK_TIMED
2206,User acct unlocked from time,AUDIT_RESP_ACCT_UNLOCK_TIMED,AUDIT_RESP_ACCT_UNLOCK_TIMED
2207,User acct was locked,AUDIT_RESP_ACCT_LOCK,AUDIT_RESP_ACCT_LOCK
2208,Terminal was locked,AUDIT_RESP_TERM_LOCK,AUDIT_RESP_TERM_LOCK
2209,Set an SE Linux boolean,AUDIT_RESP_SEBOOL,AUDIT_RESP_SEBOOL
2210,Execute a script,AUDIT_RESP_EXEC,AUDIT_RESP_EXEC
2211,Go to single user mode,AUDIT_RESP_SINGLE,AUDIT_RESP_SINGLE
2212,take the system down,AUDIT_RESP_HALT,AUDIT_RESP_HALT
2299,AUDIT_LAST_ANOM_RESP,AUDIT_LAST_ANOM_RESP,AUDIT_LAST_ANOM_RESP
2300,User changed to a new role,AUDIT_USER_ROLE_CHANGE,AUDIT_USER_ROLE_CHANGE
2301,Admin assigned user to role,AUDIT_ROLE_ASSIGN,AUDIT_ROLE_ASSIGN
2302,Admin removed user from role,AUDIT_ROLE_REMOVE,AUDIT_ROLE_REMOVE
2303,Admin is overriding a label,AUDIT_LABEL_OVERRIDE,AUDIT_LABEL_OVERRIDE
2304,Object's level was changed,AUDIT_LABEL_LEVEL_CHANGE,AUDIT_LABEL_LEVEL_CHANGE
2305,Object exported with label,AUDIT_USER_LABELED_EXPORT,AUDIT_USER_LABELED_EXPORT
2306,Object exported without label,AUDIT_USER_UNLABELED_EXPORT,AUDIT_USER_UNLABELED_EXPORT
2307,Device was allocated,AUDIT_DEV_ALLOC,AUDIT_DEV_ALLOC
2308,Device was deallocated,AUDIT_DEV_DEALLOC,AUDIT_DEV_DEALLOC
2309,Filesystem relabeled,AUDIT_FS_RELABEL,AUDIT_FS_RELABEL
2310,Userspc daemon loaded policy,AUDIT_USER_MAC_POLICY_LOAD,AUDIT_USER_MAC_POLICY_LOAD
2399,AUDIT_LAST_USER_LSPP_MSG,AUDIT_LAST_USER_LSPP_MSG,AUDIT_LAST_USER_LSPP_MSG
2400,Crypto test results,AUDIT_CRYPTO_TEST_USER,AUDIT_CRYPTO_TEST_USER
2401,Crypto attribute change,AUDIT_CRYPTO_PARAM_CHANGE_USER,AUDIT_CRYPTO_PARAM_CHANGE_USER
2402,Logged in as crypto officer,AUDIT_CRYPTO_LOGIN,AUDIT_CRYPTO_LOGIN
2403,Logged out from crypto,AUDIT_CRYPTO_LOGOUT,AUDIT_CRYPTO_LOGOUT
2404,Create - delete - negotiate,AUDIT_CRYPTO_KEY_USER,AUDIT_CRYPTO_KEY_USER
2405,Fail decrypt - encrypt - randomiz,AUDIT_CRYPTO_FAILURE_USER,AUDIT_CRYPTO_FAILURE_USER
2406,Crypto replay detected,AUDIT_CRYPTO_REPLAY_USER,AUDIT_CRYPTO_REPLAY_USER
2407,Record parameters set during TLS session establishment ,AUDIT_CRYPTO_SESSION,AUDIT_CRYPTO_SESSION
2499,AUDIT_LAST_CRYPTO_MSG,AUDIT_LAST_CRYPTO_MSG,AUDIT_LAST_CRYPTO_MSG
2500,Start - Pause - Stop VM,AUDIT_VIRT_CONTROL,AUDIT_VIRT_CONTROL
2501,Resource assignment,AUDIT_VIRT_RESOURCE,AUDIT_VIRT_RESOURCE
2502,Binding of label to VM,AUDIT_VIRT_MACHINE_ID,AUDIT_VIRT_MACHINE_ID
2599,AUDIT_LAST_VIRT_MSG,AUDIT_LAST_VIRT_MSG,AUDIT_LAST_VIRT_MSG
2999,AUDIT_LAST_USER_MSG2,AUDIT_LAST_USER_MSG2,AUDIT_LAST_USER_MSG3
