event.deviceCustomString4,set.event.name
01,ACID suspended
02,Initiation failed by site exit
03,ACID missing (from job card)
04,Facility is inactive
05,ACID access has expired
06,Cannot use this facility
07,Password is missing
08,Password supplied with LOGON
09,Incorrect password
0A,Password has expired
0B,New Password invalid
0C,End-of-Day Access revoked
0D,Operator ID card required
0E,Incorrect OID card
0F,New password reverified incorrectly
10,VTHRESH (cancellation)
11,Undefined Started Task
13,Terminal locked due to violations
14,Already signed on
15,Not a User - Control ACID
16,Reader is protected
17,TSS DOWN - cannot LOGON
18,User still on vacation
19,NOATS
1A,Invalid source of submission
1B,PTHRESH limit exceeded
1C,ACID inactive too long
1D,Bad image
1E,Invalid internal parameter passed
1F,No authority for internal function
20,classname unrecognized
21,Internal system error or abend
22,TSS command failed
23,Unknown Facility
24,GETAR error
25,Unable to obtain security record
26,Internal integrity check failed
2A,New password invalid
2C,Insufficient CSA storage
2D,SFS - Internal error
2E,SFS - Internal error
2F,SFS - Internal error
30,SFS - Internal error
31,SFS - Internal error
32,SFS - Internal error
33,SFS - Internal error
34,SFS - Internal error
35,SFS - Internal error
36,SFS - Internal error
37,SFS - Internal error
38,SFS - Internal error
39,Incorrect customer key
3A,SFS - Internal error
3B,SFS - Internal error
3C,SFS - Internal error
3D,SFS - Internal error
3E,SFS - Internal error
3F,SFS - Internal error
40,SFS - Internal error
41,SFS - Invalid volser
42,SFS - Internal error
43,SFS - IO error
44,SFS - Internal error
45,SFS - abend
46,ACID not defined
47,SFS - ACID already exists
48,SFS - Internal error
49,SFS - Internal error
4A,SFS - Invalid resource name length
4B,SFS - Internal error
4C,SFS - Internal error
4D,SFS - Error during backup
4E,ACID has no INSTDATA for DUF.
4F,SFS - Internal error
50,SFS - Internal error
51,SFS - Volume not found
52,SFS - Volume not owned
53,SFS - Volume not owned
54,SFS - Volume already defined
55,SFS - Volume already defined
56,SFS - Volume prefix not owned
57,SFS - DSNAME/prefix not defined
58,SFS - DSNAME/prefix already defined
59,SFS - Prefix owned
5A,SFS - Resource already defined
5B,SFS - Resource not found
5C,SFS - Resource not owned
5D,SFS - Internal error
5E,SFS - Internal error
5F,SFS - Internal error
60,SFS - Internal error
61,SFS - Internal error
62,SFS - Internal error
63,SFS - Internal error
64,TSS is down - unable to perform
65,Data set not defined
66,Unauthorized access
67,Bad VSAM opn - no ABSTRACT(CATAPE)
68,FETCH-only data set violation
69,Unable to erase residual data on a scratch request
6A,Data set accessed with wrong program
6B,Data set accessed from wrong library
6C,FETCH violation
6D,Data set access rejected by exit
6E,Data set accessed at wrong time
6F,Data set accessed on wrong day
70,Data set accessed thru wrong facility
71,Reserved
72,Reserved
73,Volume access denied by exit
74,BLP violation
75,Volume access not authorized
76,Volume Not Available from this System
77,Volume access at wrong level
78,Cannot create on this volume
79,System error getting volume info
7A,Cannot access volume w - o data set
7B,Data set not available from this system
7C,Reserved
7D,Reserved
7E,Volume accessed on wrong day
7F,Volume accessed at wrong time
80,Volume accessed through wrong facility
81,Volume accessed with wrong program
82,Reserved
83,Reserved
84,Minidisk not owned
85,No authority for minidisk
86,Reserved
87,Reserved
88,Resource - Access denied
89,Reserved
8A,Reserved
8B,Reserved
8C,IMS xactn denied - no password
8D,Reserved
8E,IMS xactn denied - bad password
8F,Reserved
90,Resource access denied by site exit
91,Resource accessed on wrong day
92,Resource accessed at wrong time
93,Terminal locked
94,Unlock failed - bad password
95,Resource accessed via wrong program
96,Resource accessed via wrong facility
97,Resource access level not authorized
98,VTHRESH locked
99,Bypass active - not a violation
9A,ACID submit through wrong facility
9B,ACID submit through wrong program
9C,ACID submit failed by site exit
9D,Not authorized to submit this acid
9E,Not authorized to use this command
9F,Not authorized to use this program
A0,Facility accessed at wrong time
A1,Facility accessed on wrong day
A2,CMD UNAUTHORIZED FOR APPL
A3,CMD NOT AUTHORIZED FROM POE
A4,CMD DUPLICATE RDT NAME
A5,Resource access denied to a record
A6,Resource access denied to a screen
A7,Illegal facility for this system
A8,RLP logic error--access denied to a record
A9,SLP logic error--access denied to a screen
AA,CMD ADMIN SCOPE MUST BE LSCA
AB,CMD RXE17-WORKATTR FIELD NF
AC,CMD APPCLU INVALID FUNCTION
AD,CMD APPLCU ETAL NOT FOUND
AE,Target node admin ACID missing
AF,CPF (SEV) PSWD VERIFICATION FAILED
B0,DUPLICATE PROFILE FOR ACID
B1,RESULT=FAILURE ON RACROUTE=AUDIT
B2,USER NOT AUTHORIZED TO SECLABEL
B3,DSN ACCESS DENIED: NO SECLABEL
B4,RESOURCE ACCESS DENIED: NO SECLABELS
B5,DSN ACCESS DENIED: NO SECLABEL
B6,RESOURCE ACCESS DENIED: NO SECLABEL
B7,SUBJECT NEVER DOMINATES
B8,BAD SDT RECORD PASSED FOR ADD
B9,CERTIFICATE NOT FOUND FOR REM
BA,EXPIRE DATE NOT AFTER START DATE
BD,WRITE-DOWN NOT ALLOWED
C0,INVALID SUSPEND USE
C1,NO ROOM IN ACID RECORD FOR UNDERCUT
C4,DIRAUTH PROCESSING FAILED
C5,PASSWORD IS INCORRECT
DC,CROSS MEMORY COMMUNICATION FAILED
DD,ATTENTION INTERUPT REQUESTED
E8,LOCKED:UNLOCK FAILED-WRONG PASSWORD:ILL
F3,LLY RESTRICTED:IMS XACTN DENIED-BAD PAS
