event.deviceCustomString2,set.event.deviceCustomString2
a,CA-IDMS SUBSCHEMA
b,AllFusion CA-IDMS� AREA
c,Adabas database
d,IMS DBD
e,JESINPUT
f,IBM Facility
g,TSO account number
h,TSO authority
i,TSO procedure name
j,TSO performance group
k,VAX file
l,VAX device
m,VM IUCV
n,VM VMCF
o,TSAF
p,JESPOOL
q,JESJOBS
r,OPERCMDS
s,CICS CEMT SPI
t,DEVICES (for VTAM 3.2)
u,CA REPORT
v,CA TAPE
w,SMESSAGE (TSO/E)
x,VTAMAPPL (VTAM 3.2)
y,CAADMIN
z,CAVAPPL
',SYSCONS
A,Application
B,Audited job submission
C,Mode by user
D,Data set
E,CICS DCT
F,CICS FCT
G,Authentication call
H,TOTAL file
I,IMSDBD
J,CICS JCT
K,Terminal unlock
L,Terminal lock
M,UR1
N,UR2
O,TSS control options
P,Program
Q,CICS PPT
R,Database field
S,DL/1 PST
T,Terminal
U,Abstract
V,Tape volume
W,DASD volume
X,Transaction
Y,USERn
Z,CICS TST
1,Change propagation
2,CA jobname
3,CA panel
4,DUFXTR
5,DUFUPD
6,User logging
7,VM MDISK
8,VM CP CMD
9,VM diagnose
0,VM network
*,Reserved
#,VM RDR
%,Logging DB2 resources
$,VM DCSS
@,VM dial
+,Logging installation exit call
=,CACMD
-,CA Scheduler
?,Non printable resource type
<,Operation commands
>,Owned transactions
.,Data set
/,Dasdvold
!,CA Station
&,Recipid
:,Reserved
�,VMANAPPL
\,UNVRPRT
~,UNVPGM
",",CPU
|,SDSF userclass
},VM Machine
{,IMBGROUP
`,PROPCNTL
_,Librarian resource CALIBMEM
;,Librarian resource CACCFMEM
(,SMS management class
),SMS storage class
