event.externalId,event.deviceEventCategory,set.event.name
0,System,Terminal Server Licensing was started
1,System,FW1 Action
2,System,Printer was created
3,System,FW1 Action
4,System,Driver detected an internal error in its data structures for
5,System,The kerberos client received an error from the server. This indicates that the ticket used against that server is not yet valid (in relationship to that server time)
7,System,The device has a bad block
8,System,Printer was purged
9,System,The device did not respond within the timeout period
12,System,The device disappeared from the system without first being prepared for removal
14,System,The time provider NtpClient was unable to find a domain controller to use as a time source
16,System,The description for Event ID cannot be found
17,System,Time Provider NtpClient: An error occurred during DNS lookup of the manually configured peer
18,System,Installation Ready
19,System,Installation Successful
20,System,Installation Failure
21,System,Restart Required
22,System,Restart Required
23,System,The KDC received invalid messages of type changepassword
24,System,Time Provider NtpClient: No valid response has been received from domain controller
26,System,Unable to Load Device Driver : device driver could not be loaded
27,System,Network Connection Link has been disconnected
28,System,Could not successfully write the Controller Command Byte
29,System,"The time provider NtpClient is configured to acquire time from one or more time sources, however none of the sources are currently accessible."
31,System,Network Connection :Spanning Tree Protocol has been detected on the device your network connection is attached to
32,System,Network Connection Link has been established
33,System,Network Connection Link has been established
34,System,Driver entry successful
35,System,The time service is now synchronizing the system time with the time source
36,System,The time service has not been able to synchronize the system time because none of the time providers has been able to provide a usable time stamp. The system clock is unsynchronized
41,System,Network Connection driver has been stopped
42,System,Network Connection driver had been started
43,System,The description for Event ID cannot be found
50,System,The RDP protocol component detected an error in the protocol stream and has disconnected the client
51,System,An error was detected on device during a paging operation
57,System,The system failed to flush data to the transaction log. Corruption may occur
59,System,Resolve Partial Assembly failed for Microsoft.VC80.MFC
98,System,RSM was stopped
100,System,The server was unable to logon the Windows NT account.  The data is the error code
108,System,The driver for the display device got stuck in an infinite loop
240,System,A request to suspend power was denied
256,System,Timed out sending notification of device interface change to window
420,System,Pickup Directory Status Report
421,System,Post Status Report
1000,System,Your computer has lost the lease to its IP address on the Network Card
1001,System,The computer has rebooted from a bugcheck
1002,System,The IP address lease for the Network Card has been denied by the DHCP server (The DHCP Server sent a DHCPNACK message)
1003,System,Your computer was not able to renew its address from the network (from the DHCP Server)
1005,System,Your computer has detected that the IP address for the Network Card is already in use on the network
1007,System,Your computer has automatically configured the IP address for the Network Card
1008,System,Your computer was unable to initialize a Network Interface attached to the system
1009,System,A network error occurred when trying to send a message
1010,System,A process serving application pool failed to respond to a ping
1011,System,The terminal server client has been disconnected because its temporary license has expired
1012,System,Remote session from client exceeded the maximum allowed failed logon attempts. The session was forcibly terminated
1041,System,Autoreconnect failed to reconnect user to session because authentication failed
1059,System,The DHCP service failed to see a directory server for authorization
1073,System,The attempt to power off the computer failed
1074,System,The process has initiated the restart of computer
1076,System,The reason supplied by user for the last unexpected shutdown of this computer
1081,System,Successfully fetched updated mapping information from User Name Mapping
1082,System,Updated mapping information could not be obtained from Username mapping - the Server will use the old data
1111,System,Driver required for printer is unknown
2012,System,"While transmitting or receiving data, the server encountered a network error."
2504,System,The server could not bind to the transport
2505,System,The server could not bind to the transport because another computer on the network has the same name
3033,System,The redirector was unable to register the address for transport
3224,System,Changing machine account password for account failed
3260,System,This computer has been successfully joined to workgroup
4097,System,WINS initialized properly and is now fully operational
4098,System,WINS was terminated by the service controller. WINS will gracefully terminate
4102,System,The connection was aborted by the remote WINS. Remote WINS may not be configured to replicate with the server
4119,System,"WINS received a packet that has the wrong format. For example, a label may be  More than 63 octets."
4143,System,WINS scavenged its records in the WINS database. The number of records scavenged  is given in the data section
4181,System,"The WINS\Parameters\ConsistencyCheck subkey could not be created or opened.  This key should be there if you want WINS to do consistency checks on its database periodically.   NOTE: Consistency checks have the potential of consuming large amounts  of network bandwidth.  Check to see if the permissions on the key are set properly, system resources are low, or the registry is having a problem."
4201,System,"The system detected that network adapter was connected to the network, and has initiated normal operation over the network adapter."
4202,System,"The system detected that network adapter was disconnected from the network, and the adapter's network configuration has been released."
4208,System,WINS could not send a User Datagram Protocol (UDP) message to a WINS client
4226,System,TCP/IP has reached the security limit imposed on the number of concurrent TCP connect attempts
4245,System,WINS TCP Listener thread encountered an exception
4252,System,WINS did not find any subkeys under the Pull key
4253,System,WINS did not find any subkeys under the Push key
4294,System,"The IPSec driver has entered Secure mode. IPSec policies, if they have been configured, are now being applied to this computer."
4295,System,"The IPSec Driver is starting in Bypass mode. No IPSec security is being applied while this computer starts up. IPSec policies, if they have been assigned, will be applied to this computer after the IPSec services start."
4306,System,"The length of the message sent by another WINS indicates a very big message. There may have been corruption of the data. WINS will ignore this message, terminate the connection with the remote WINS, and continue."
4309,System,This WINS computer has x processors. It has x bytes of physical memory and x bytes of memory available for allocation
4319,System,A duplicate name has been detected on the TCP network. The IP address of the machine that sent the message is in the data. Use nbtstat -n in a command window to see which name is in the Conflict state
4321,System,The name could not be registered on the Interface with IP address
4325,System,WINS could not read the Initial Challenge Retry Interval from the registry
4326,System,WINS could not read the Challenge Maximum Number of Retries from the registry
4329,System,The WINS server has started a scavenging operation
4330,System,The WINS server has completed the scavenging operation
4377,System,Windows Hotfix was installed
5000,System,WINS has received a PnP notification that the IP address of the server has changed. The old IP address and the new IP address are given in the second and the third words in the data section
5001,System,"WINS is scavenging the locally owned records from the database. The version number range that is scavenged is given in the data section, in the second to fifth words, in the order:  from_version_number (low word, high word) to_version_number (low word, high word)."
5002,System,"WINS is scavenging a chunk of N records in the version number range from X to Y.  N, X and Y (low word, high word for version numbers) are given in the second to sixth  words in the data section."
5719,System,No Domain Controller is available for domain
5721,System,The session setup to the Windows NT or Windows 2000 Domain Controller for the domain failed because the Domain Controller does not have an account for the computer
5723,System,The session setup from computer failed because the security database does not contain a trust account referenced by the specified computer
5774,System,The dynamic registration of the DNS record failed
5781,System,Dynamic registration or deletion of one or more DNS records associated with DNS domain failed.  These records are used by other computers to locate this server as a domain controller (if the specified domain is an Active Directory domain) or as an LDAP server (if the specified domain is an application partition)
5782,System,Dynamic registration or deregistration of one or more DNS records failed
5805,System,The session setup from the computer N112-H214 failed to authenticate
6005,System,The Event log service was started
6006,System,The Event log service was stopped
6008,System,The previous system shutdown was unexpected
6009,System,Microsoft (R) Windows (R) version
6011,System,The NetBIOS name and DNS host name of this machine have been changed
6013,System,The system uptime
6028,System,EFS recovery policy contains invalid recovery certificate
7000,System,The VMware Registration Service service failed to start
7001,System,The DHCP Client service depends on the NetBios over Tcpip service which failed to start
7009,System,Timeout waiting for the VMware Registration Service service to connect
7011,System,Timeout waiting for a transaction response from the Schedule service
7026,System,The boot-start or system-start driver(s) failed to load
7031,System,The Bluetooth Service service terminated unexpectedly
7034,System,The Check Point VPN-1 Securemote service service terminated unexpectedly
7035,System,The Logical Disk Manager Administrative Service service was successfully sent a start control
7036,System,The Logical Disk Manager Administrative Service service entered the running state
7038,System,The MSADC service was unable to log on with the currently configured password
7040,System,The start type of the Background Intelligent Transfer Service service was changed from auto start to demand start
8003,System,The master browser has received a server announcement from the computer that believes that it is the master browser for the domain on transport. The master browser is stopping or an election is being forced
8005,System,"The browser has received a server announcement indicating that the computer is a master browser, but this computer is not a master browser."
8015,System,The browser has forced an election on network because a Windows Server (or domain master) browser is started
8033,System,The browser has forced an election on network because a master browser was stopped
8035,System,The browser has forced an election on network because the Domain Controller (or Server) has changed its role
9216,System,The Exchange IFS driver loaded successfully
10005,System,"DCOM got error, attempting to start the service"
10010,System,The server did not register with DCOM within the required timeout
10026,System,The COM sub system is suppressing duplicate event log entries. The suppression timeout can be controlled by a REG_DWORD value named SuppressDuplicateDuration under the following registry key: HKLM\Software\Microsoft\Ole\EventLog
11050,System,The DNS Client service could not contact any DNS servers for a repeated number of attempts
11163,System,The system failed to update and remove host (A) resource records (RRs) for network adapter
11166,System,The system failed to register host (A) resource records (RRs) for network adapter
11193,System,The system failed to update and remove host (A) resource records (RRs) for network adapter
11194,System,The system failed to update and remove host (A) resource records (RRs) for network adapter
11196,System,The system failed to update and remove host (A) resource records (RRs) for network adapter
11197,System,The system failed to update and remove host (A) resource records (RRs) for network adapter
12503,System,"The WinHTTP Web Proxy Auto-Discovery Service has been idle, it will be shut down."
12506,System,"Ownership of the volume ID for D: has been successfully claimed.  This volume ID is used by Distributed Link Tracking to automatically repair file links, such as Shell Shortcuts and OLE links, when for some reason those links become broken."
12517,System,The WinHTTP Web Proxy Auto-Discovery Service suspended operation
14201,System,Service is already installed
14204,System,Service stopped
14205,System,Service stopped
14531,System,DFS server has finished initializing
14533,System,DFS has finished building all namespaces
15007,System,Reservation for namespace was successfully added
15008,System,Reservation for namespace was successfully deleted
16388,System,The administrator took ownership of job
24580,System,WPD Class Installer: Drivers for device(s) were successfully uninstalled while migrating a dual-mode mass storage class device to Media Transfer Protocol (MTP)
24581,System,WPD Class Installer: Drivers for device(s) were successfully uninstalled while migrating a Media Transfer Protocol (MTP) device
32003,System,"The Network Address Translator (NAT) was unable to request an operation of the kernel-mode translation module. This may indicate misconfiguration, insufficient resources, or an internal error. The data is the error code."
36874,System,"An SSL connection request was received from a remote client application, but none of the cipher suites supported by the client application are supported by the server. The SSL connection request has failed."
40960,System,The Security System detected an attempted downgrade attack for server
40961,System,The Security System could not establish a secured connection with the server.  No authentication protocol was available
40968,System,The Security System has received an authentication request that could not be decoded. The request has failed
43033,System,Edid checksum error
51228,System,"An error occurred while saving the metabase file. This can happen when the metabase XML file is in use by another program, or if the disk is full. Check for corresponding events in the event log for more details"
64002,System,File replacement was attempted on the protected system file atrace.dll. This file was restored to the original version to maintain system stability
