"546","L'établissement de l'association de sécurité IKE a échoué car le pair a envoyé une proposition non valide."
"547","La négociation de l'association de sécurité IKE a échoué."
"544","L'établissement de l'association de sécurité IKE a échoué car l'homologue n'a pas pu être authentifié."
"545","L'authentification de l'homologue IKE a échoué."
"566","Opération sur objet :"
"565","Objet ouverture :"
"564","Objet supprimé"
"563","Objet ouvert pour suppression"
"562","Handle fermé"
"561","Handle alloué"
"560","Objet ouvert"
"516","Les ressources internes allouées pour la file d'attente des messages d'audit sont épuisées. Certains audits ont été perdus."
"517","Le journal d'audit a été effacé"
"518","Un package de notification a été chargé par le gestionnaire des comptes de sécurité."
"512","WindowsNT se met en route."
"513","Windows NT s'arrête."
"514","Un package d'authentification a été chargé par l'autorité de sécurité locale."
"515","Ce processus d'ouverture de session sera autorisé à soumettre des requêtes d'ouverture de session."
"533","Échec d'ouverture de session : Raison : Utilisateur non autorisé à se connecter sur cet ordinateur"
"532","Échec d'ouverture de session : Raison : Le compte utilisateur mentionné est expiré"
"535","Échec d'ouverture de session : Raison : Le mot de passe spécifié pour ce compte est expiré"
"534","Échec d'ouverture de session : Raison : l'utilisateur ne bénéficie pas du type d'ouverture de session demandé sur cet ordinateur"
"529","Échec d'ouverture de session : Raison : Nom d'utilisateur inconnu ou mot de passe incorrect"
"528","Sessions acceptées :"
"531","Échec d'ouverture de session : Raison : Compte actuellement désactivé"
"530","Échec d'ouverture de session : Raison : Violation de la limite de temps d'accès au compte"
"541","Association de sécurité IKE établie."
"540","Ouverture de session réseau réussie"
"543","Association de sécurité IKE terminée."
"542","Association de sécurité IKE terminée."
"537","Échec d'ouverture de session : Raison : Erreur inattendue lors de l'ouverture de session"
"536","Échec d'ouverture de session : Raison : Le composant NetLogon n'est pas actif"
"539","Échec d'ouverture de session : Raison : Compte verrouillé"
"538","Fermeture de la session utilisateur"
"610","Nouveau domaine approuvé"
"611","Suppression du domaine approuvé"
"608","Droit assigné à l'utilisateur"
"609","Droit de l'utilisateur supprimé :"
"614","L'Agent de stratégie IPSec a été désactivé"
"615","Service Agent de stratégie IPSec"
"612","Modification de la stratégie d'audit"
"613","L'Agent de stratégie IPSec a démarré"
"618","Stratégie de récupération de données cryptées modifiée"
"619","Stratégie Qualité de service (QoS) modifié"
"616","L'Agent de stratégie IPSec a subi un échec potentiellement grave."
"617","Stratégie Kerberos modifiée"
"620","Informations sur le domaine approuvé modifiées :"
"627","Tentative de changement de mot de passe"
"626","Compte utilisateur établi"
"625","Changement du type de compte utilisateur"
"624","Compte utilisateur créé"
"631","Groupe global de sécurité activée créé"
"630","Compte utilisateur supprimé"
"628","Établissement d'un mot de passe de compte d'utilisateur"
"635","Groupe global de sécurité activée créé"
"634","Groupe global de sécurité activée supprimé"
"633","Membre du groupe global de sécurité activée supprimé"
"632","Membre du groupe global de sécurité activée ajouté"
"639","Groupe local de sécurité activée modifié"
"638","Groupe local de sécurité activée supprimé"
"637","Membre du groupe local de sécurité activée supprimé"
"636","Membre du groupe local de sécurité activée ajouté"
"576","Privilèges spéciaux assignés à la nouvelle session :"
"577","Service privilégié appelé"
"578","Opération sur objet privilégié"
"593","Un processus s'est terminé"
"592","Un nouveau processus a été créé"
"595","Un accès indirect à un objet a été obtenu"
"594","Un handle d'objet a été dupliqué"
"683","Session déconnectée de la station Windows"
"682","Session reconnectée à la station Windows"
"681","Échec de l'ouverture de session sur le compte depuis la station de travail"
"680","Compte utilisé pour l'ouverture de session"
"679","Le nom n'a pas pu être mappé pour l'ouverture de session"
"678","Compte mappé pour l'ouverture de session"
"677","Échec de la demande de ticket d'authentification"
"676","Échec de la demande de ticket d'authentification"
"675","Échec de la pré-authentification"
"674","Ticket d'authentification renouvelé"
"673","Ticket du service accordé"
"672","Ticket d'authentification accordé"
"653","Groupe global de sécurité désactivée créé"
"652","Groupe local de sécurité désactivée supprimé"
"655","Membre du groupe global de sécurité désactivée ajouté"
"654","Groupe global de sécurité désactivée modifié"
"649","Groupe local de sécurité désactivée modifié"
"648","Groupe local de sécurité désactivée créé"
"651","Membre du groupe local de sécurité désactivée supprimé"
"650","Membre du groupe local de sécurité désactivée ajouté"
"645","Compte d'ordinateur créé"
"644","Compte d'utilisateur verrouillé"
"647","Compte d'ordinateur supprimé"
"646","Compte d'ordinateur modifié"
"641","Groupe global de sécurité activée modifié"
"640","Modification de la base de données des comptes généraux"
"643","Stratégie de domaine modifiée %1 modifié"
"642","Compte utilisateur modifié"
"668","Type de groupe modifié"
"669","Ajout d'un historique SID"
"670","Ajout d'un historique SID"
"664","Groupe universel de sécurité désactivée modifié"
"665","Membre du groupe universel de sécurité désactivée ajouté"
"666","Membre du groupe universel de sécurité désactivée supprimé"
"667","Groupe universel de sécurité désactivée supprimé"
"660","Membre du groupe universel de sécurité activée ajouté"
"661","Membre du groupe universel de sécurité activée supprimé"
"662","Groupe universel de sécurité activée supprimé"
"663","Groupe universel de sécurité désactivée créé"
"656","Membre du groupe global de sécurité désactivée supprimé"
"657","Groupe global de sécurité désactivée supprimé"
"658","Groupe universel de sécurité activée créé"
"659","Groupe universel de sécurité activée modifié"
