event.deviceEventClassId,set.event.name,set.event.deviceAction,set.event.message
1,Unsuccessful File Read,,Error reading file
2,Unsuccessful File Write,,Error writing file
3,Directory Access Denied,,Directory could not be accessed
4,Cannot Execute Program,,Cannot execute program (error)
5,Unsuccessful Memory Mapping,,Error mapping a file to the address space of the process
100,On-Access Virus Alert,,Infection found in object
101,Manual Scanning Aborted,,Manual scanning was not completed successfully
103,Manual Scanning Finished: Infection,,Manual scanning was finished - workstation was found infected!
104,Manual Scanning Finished: Spyware found,,Manual scanning was finished - spyware was found in the system
105,Manual Scanning Finished: OK,,Manual scanning was finished - no infection was detected
200,Virus Alert,,Malicious code found in file
201,Virus Alert,Disinfected,Malicious code found in file
202,Virus Alert,Deleted,Malicious code found in file
203,Virus Alert,Renamed,Malicious code found in file
204,Virus Alert,Not Disinfected,Malicious code found in file. The scanner was unable to disinfect it
205,Virus Alert,Failed,Malicious code found in file
206,Virus Alert,Unspecified,Malicious code found in file
220,Boot Sector Virus Alert,,Malicious code found in boot sector of drive
221,Boot Sector Virus Alert,Disinfected,Malicious code found in boot sector of drive
224,Boot Sector Virus Alert,Not Disinfected,Malicious code found in boot sector of drive. The scanner was unable to disinfect it
225,Boot Sector Virus Alert,Failed,Malicious code found in boot sector of drive
226,Boot Sector Virus Alert,Unspecified,Malicious code found in boot sector of drive
240,Memory Virus Alert,,Malicious code found in memory
241,Memory Virus Alert,Disinfected,Malicious code found in memory
244,Memory Virus Alert,Not Disinfected,Malicious code found in memory. The scanner was unable to disinfect it.
245,Memory Virus Alert,Failed,Malicious code found in memory
246,Memory Virus Alert,Unspecified,Malicious code found in memory
260,Master Boot Record Virus Alert,,Malicious code found in Master Boot Record of disk
261,Master Boot Record Virus Alert,Disinfected,Malicious code found in Master Boot Record of disk
264,Master Boot Record Virus Alert,Not Disinfected,Malicious code found in Master Boot Record of disk. The scanner was unable to disinfect it
265,Master Boot Record Virus Alert,Failed,Malicious code found in Master Boot Record of disk
266,Master Boot Record Virus Alert,Unspecified,Malicious code found in Master Boot Record of disk
290,Spyware Alert,,Spyware detected
291,Spyware Alert,Removed,Spyware detected. Spyware was removed from the system
295,Spyware Alert,Failed,Spyware detected. Removal from the system failed
296,Spyware Alert,Unspecified,Spyware detected
297,Spyware Alert,Removed and Quarantined,Spyware detected. Spyware was removed from the system and placed in the quarantine
298,Spyware Alert,Removed Quarantining Failed,Spyware detected. Spyware was removed from the system but error occurred in placing the spyware to the quarantine.  It is not possible to restore the removed spyware from the quarantine
299,Spyware Alert,Removal Failed,Spyware detected. Removal from the system failed. Additional error information (error code or textual description)
301,Scanning Error,,An error occurred while scanning
302,Internal Error 302,,Multiple initialization
303,Internal Error 303,,Not initialized
304,Not Enough Memory During Scan,,Not enough memory while scanning
305,Missing Program File,,Required program file is missing. The scanning engine cannot start
306,Missing Database File,,One of the scanners could not scan because definition database was not available at this time. Scanning passed to the next scanner
307,Invalid Database File,,Required database file is invalid. The scanning engine cannot start
308,Cannot Open File,,Cannot open file
309,File Encrypted,,File is encrypted
310,Cannot Read File,,Scanning could not be completed at this time
311,Cannot Write File,,Cannot write to file
312,Cannot Read Sector,,Cannot read sector while scanning
313,Cannot Write Sector,,Cannot write sector while scanning
314,Disk Write-Protected,,Disk is write-protected
315,Internal Error 315,,Function not supported
316,Internal Error 316,,Invalid parameter
317,Internal Error 317,,Wrong API version
318,Scanning Aborted,,Scanning was aborted due to exceeded scanning time limit. The file may be in use or reading it was too slow (e.g. network connection was under stress)
320,Database Delivery Failed,,Updated virus definition database(s) could not be applied. Update will be attempted later
321,Invalid Database Index File,,Database index file DBINDEX.CPT is invalid
322,Database Files Received Successfully,,Virus definition database(s) updated successfully
323,Not A Database File,,The following database files are invalid. The files do not seem to be database files for this scanning engine
324,Database File Corrupt,,The following database files are invalid: %1. Integrity check failed for the files
325,Incompatible Database File,,The following database files are invalid. File versions are incompatible with this scanning engine version
326,Database File Not Replaced,,Database file could not be replaced
327,Not Enough Space To Update Database Files,,Database files cannot be updated not enough disk space
330,Database Updating Configuration Error,,Automatic updating of virus definition databases has been incorrectly configured: the primary updating method is not available
340,Databases Are Old,,Databases are old: the latest database file is old
351,Scanner Cannot Start,,The scanning engine cannot start
354,Not Enough Memory During Startup,,Not enough memory. The scanning engine cannot start
400,Registry Settings Missing,,Required registry settings cannot be read. The scanning engine cannot start
401,Scanner Registration Failed,,Scanning engine registration failed. The scanning engine cannot start
402,Scanner Crash Detected,,Crash detected
403,No Scanners Available,,No scanner engines loaded and enabled. Virus protection is disabled
420,Gatekeeper Driver Not Found,,Gatekeeper was not reached
421,Gatekeeper Handler Alert Buffer Full,,Alert buffer of Gatekeeper Handler is full. Subsequent alerts will be discarded until there is enough room for new alerts to be buffered
450,Cannot Open File in Archive,,Cannot open a file in archive
500,Virus Definition Database Integrity Verified Successfully,,The integrity of virus definition database update %1 has been successfully verified
501,Virus Definition Database Accepted Without Verification,,The virus definition database update was accepted without an integrity verification because the integrity checking feature has been disabled
502,Virus Definition Database Rejected,,The virus definition database update was rejected
506,Virus Definition Database Verification,Extra Files Detected,Extra files were detected in the database update package.  The extra files will be ignored
510,Virus Definition Database Verification,Module Not Available,Virus definition database updates cannot be accepted by the product because the database verification module is not available or it has been corrupted.  Please reinstall the product or contact the administrator to resolve the problem
512,Virus Definition Database Verification,Package Modified,The package has been modified: files have been changed or removed from the package
513,Virus Definition Database Verification,No Manifest File,Bad or missing manifest file
514,Virus Definition Database Verification,No Manifest File Certificate,Bad or missing manifest file certificate
515,Virus Definition Database Verification,Newer or Same Database in Use,The virus definition database update was not accepted because it is not newer than the currently used one
516,Virus Definition Database Verification,No Matching Manifest File Certificate,The manifest file does not have a matching certificate
518,Virus Definition Database Verification,No F-Secure Corporation Certificate,Bad or missing certificate of F-Secure Corporation
519,Virus Definition Database Verification,No Publisher Certificate,Bad or missing virus definition database publisher's certificate
520,Virus Definition Database Verification,No Matching Certificate,No publisher's certificate matching the manifest file certificate
521,Virus Definition Database Verification,Certificate Not Authorized,The certificate in the package has not been issued by F-Secure Corporation
522,Virus Definition Database Verification,Certificate Validity Time Error,The publisher's certificate was not valid when the database update was published
523,Virus Definition Database Verification,Certificate Privilege Error,The publisher's certificate in the package does not express the right to publish database updates
530,Virus Definition Database Verification,Certificate Revoked,The publisher's certificate in the package had been revoked when the database update was being published
531,Virus Definition Database Verification,Certificate Revoked,The publisher's certificate in the package has been revoked with high severity
535,Virus Definition Database Verification,No Revocation File,Bad or missing revocation file
550,Virus Definition Database Verification,Not Enough Memory,There was not enough memory to complete the operation
551,Virus Definition Database Verification,I/O Error,A file I/O error occurred during the operation
602,E-Mail Scanning Session Failed,System Error,Connection to the server was terminated by E-Mail Scanning due to a system error.  E-Mail Scanning continues to be functional
603,E-Mail Scanning Malfunctioning,System Error,E-Mail scanning is not functioning due to a severe error.  If the problem persists please contact the system administrator
604,E-Mail Scanning Message Parser Failed,System Error,Could not scan an e-mail due to message parser error.  The session was not aborted the specific message was not scanned
610,E-Mail Scanning Initialization Failed,,E-Mail scanning initialization failed
620,E-Mail Attachment Virus Alert,Infection was only reported,E-Mail Virus Alert! 
621,E-Mail Attachment Virus Alert,Attachment Disinfected,E-Mail Virus Alert! 
622,E-Mail Attachment Virus Alert,Attachment Dropped,E-Mail Virus Alert! 
623,E-Mail Attachment Virus Alert,Infected E-Mail Blocked,E-Mail Virus Alert! 
630,Malformed E-Mail Alert,Malformed message part was only reported,Malformed E-Mail Alert! 
632,Malformed E-Mail Alert,Malformed Message Part Dropped,Malformed E-Mail Alert! 
633,Malformed E-Mail Alert,Malformed e-mail was blocked,Malformed E-Mail Alert! 
640,E-Mail Attachment Scanning Failure,Scanning failure was only reported,E-Mail Attachment Scanning Failure
642,E-Mail Attachment Scanning failure,Attachment was dropped,E-Mail Attachment Scanning failure
643,E-Mail Attachment Scanning failure,E-Mail was blocked,E-Mail Attachment Scanning failure
1100,System Control,New Registry Value,System Control detected a new registry value created.
1101,System Control,Changed Registry Value,System Control detected a changed registry value
1110,System Control,New Registry Value Blocked,System Control blocked an attempt to create a new registry value
1111,System Control,Changed Registry Value Blocked,System Control blocked an attempt to change the registry value Changed value data removed. Old value data restored
1120,System Control Error,,A System Control error occurred. System Control is still operating in normal mode
1121,System Control Fatal Error,,A fatal System Control  error occurred. System Control cannot continue and will exit
