Version=10,,
TypeID,FieldName,FieldType (int long dd_string ascii_string num_string time_from_up byte_array byte_hex_string)
-5,scope_template,dd_string
-4,scope_netflow_cache,dd_string
-3,scope_line_card,dd_string
-2,scope_interface,dd_string
-1,scope_system,dd_string
1,bytes,int
2,pkts,int
4,protocol,num_string
5,ip_tos,num_string
6,tcp_flags,int
7,l4_src_port,long
8,ip_src_addr,long
9,src_mask,num_string
10,interface_input_snmp,long
11,l4_dst_port,long
12,ip_dst_addr,long
13,dst_mask,num_string
14,interface_output_snmp,long
15,ip_next_hop,long
16,src_as,num_string
17,dst_as,num_string
21,last_switched,time_from_up
22,first_switched,time_from_up
27,ipv6_src_addr,byte_hex_string
28,ipv6_dst_addr,byte_hex_string
40,total_bytes_exp,long
41,total_pkts_exp,long
42,total_flows_exp,long
82,interface_name,byte_hex_string
142,scope_portId,long
143,scope_meteringProcessId,long
32770,undefined_32770,num_string
32769,undefined_32769,byte_hex_string