event.deviceEventClassId,set.event.name,set.event.deviceSeverity
34260,Threat detected,High
34261,Scan timed out,Medium
34262,Protection enabled,Low
34263,Protection disabled,Medium
34266,Offload Scan server stopped,Informational
34269,On-Demand Scan started,Informational
34270,On-Demand Scan complete,Informational
34271,On-Demand Scan terminated. Scan time limit reached,Informational
34272,On-Demand Scan terminated. Scan disabled in policy,Informational
34273,On-Demand Scan terminated. Exceeded maximum number of concurrent scans,Informational
34274,On-Demand Scan terminated. Scan failure on client,High
34275,On-Demand Scan terminated. Unexpected termination,High
34400,On-Demand Scan started,Informational
34401,On-Demand Scan completed,Informational
34402,On-Demand Scan found malware,High
34403,On-Demand Scan failed to start,High
34404,On-Demand Scan terminated. Scan time limit reached,Informational
34405,On-Demand Scan terminated. Scan target powered off,Informational
34406,On-Demand Scan terminated. Scan disabled in policy,Informational
34407,On-Demand Scan resumed,Informational
34410,Scanner service started,Informational
34411,Scanner service ended,Informational
34412,"Scanner service error, hypervisor initialization failed",High
34413,"Scanner service error, unable to register with the hypervisor",High
34414,"Scanner service error, unable to initialize AV engine",High
34415,"Scanner service error, unable to initialize MOVE AV Agentless",High
34416,"Scanner service error, unable to load new DAT",High
34417,"Scanner service error, invalid DNS setting",High
34418,"Scanner service error, error sending DNS request to GTI",High
34419,"Scanner service error, error receiving DNS response from GTI",High
34421,Malware detected and successfully deleted,Medium
34426,"Malware detected, access denied",High
34427,"Malware detected, delete failed, access denied",High
34428,"Malware detected, notify only",High
34429,"Malware detected, file could not be deleted. No action taken",High
34431,Virtual machine protected,Info
34432,Virtual machine unprotected,High
34433,Cache Statistics,Info
34440,Scan Timed Out,Medium
34441,"Scanner service error, the SVA Policy contains invalid values and was not applied",High
34442,"Scanner service error, the Scan Policy contains invalid values and was not applied",High
34443,"Scanner service warning, unable to contact the hypervisor. Please update the SVA policy on ePO and provide credentials for the hypervisor",Medium
34444,"Scanner service warning, the SVA Policy contains blank values for the hypervisor information and therefore the policy was not applied",Medium
34445,Writing the quarantine file failed,Medium
34446,Mounting the quarantine location failed,Medium