regex.event.message,set.event.deviceEventClassId,set.event.name
XML Parser error .*,XML Parser Error,XML Parser Error
WebSession::sessionTask TLS connection exception.*,TLS connection failure,TLS connection failure
valueIgnored:Summary-Key Axxb is not supported for Signature.*,The unsupported key is auto converted,The unsupported key is auto converted
valueIgnored:cannot specify external-rate-limit-percentage for sig.*,cannot specify external rate limit for signature,cannot specify external rate limit for signature
valueIgnored:Signature.* is retired by default.*,Signature retired  by default,Signature retired  by default
unspecifiedWarning:Flow Depth will only be applicable to new flows.*,Flow Depth will only be applicable to new flows,Flow Depth will only be applicable to new flows
Inline data bypass has started due to reason.*,Inline data bypass has started due to reason unknown,Inline data bypass has started due to reason unknown
- MainApp is exiting.* ,Exiting MainApp based on reboot requested by user,Exiting MainApp based on reboot requested by user
rebootRequired:change to Service Activity will take effect after next restart.*,Enabling option that will impact performance,Enabling option that will impact performance
Session was closed by the remote end.*,Session was closed by the remote end,Session was closed by the remote end
New host ip.*,New host IP,New host IP
unspecifiedWarning:There are no interfaces assigned to any virtual sensors.*,No assigned interface to virtual sensors,No assigned interface to virtual sensors
AnalysisEngine reconfiguration starting.*,AnalysisEngine reconfiguration starting,AnalysisEngine reconfiguration starting
AnalysisEngine is temporarily unresponsive to user queries.*,AnalysisEngine is temporarily unresponsible to user queries,AnalysisEngine is temporarily unresponsible to user queries
AnalysisEngine reconfiguration complete.*,AnalysisEngine reconfiguration complete,AnalysisEngine reconfiguration complete
AnalysisEngine is temporarily unresponsive to user queries.*,AnalysisEngine is temporarily unresponsible to user queries,AnalysisEngine is temporarily unresponsible to user queries
Disabled status event logging for status category.*,Disabled status event logging for status category,Disabled status event logging for status category
Error - .* call returned.*,Call ACCEPT function returned error,Call ACCEPT function returned error
Error -- Item.* not found.*,Proxy server not found,Proxy server not found
MainApplication::processExecRebootCtlTrans.*,Rebooting the OS,Rebooting the OS
Null Http Proxy Address.*,Missing HTTP Proxy Settings,Missing HTTP Proxy Settings
Null Http Proxy Port.*,Missing HTTP Proxy Settings,Missing HTTP Proxy Settings
Network interface Management.* has been added to the system,Network interface management added to the system,Network interface management added to the system
The AIC.* engine will soon be deprecated and is off by default.*,AIC engine will soon be deprecated,AIC engine will soon be deprecated
Retaining old certificate of 2048 bits,Retaining old certificate,Retaining old certificate bits
Warning - Global correlation inspection and reputation filtering have been disabled because there is not a current license installed.*,Correlation inspection and reputation filtering disabled due to license,Correlation inspection and reputation filtering disabled due to license
WARNING: Signature.* will continue to use the default settings and modify packets inline.*,Signature will continue to modify packets inline,Signature will continue to modify inline packets
WARNING: Disabling.* may cause Normalizer state issues and result in false positives.,Modification of Signature may cause false positive,Modification of Signature may cause false positive
Warning - DNS or HTTP proxy is required for global correlation inspection and reputation filtering.*,Missing DNS or Proxy configuration,Missing DNS or Proxy configuration
- status message received from cids-shared for an unknown physical interface.*,Status message for an unknown physical interface,Status message for an unknown physical interface
- ct-mainApp.1124 not responding.*,ctlTrans Timeout,ctlTrans Timeout
Throttled connect timed out.*,Clientpipe Connection timed out,Clientpipe Connection timed out
No installable auto update package found on server.*,No installable auto update package on server,No installable auto update package on server
- Control transaction has unregistered.*,Control transaction has unregistered,Control transaction has unregistered
Network interface PortChannel.* has been added to the system,Network interface PortChannel added to the system,Network interface PortChannel added to the system
srvcReq protoErr:.*,System Event Error Logs,System Event Error Logs
AppManager::ApplicationEntry::updateProcessStatus .*,Application AnalysisEngine terminated prematurely,Application AnalysisEngine terminated prematurely