event.deviceCustomString5,set.event.applicationProtocol
"FTPSE-6-NETWRTFAILED","FTP"
"FTPSERVER-4-XFER_WARNING","FTP"
"FTPSERVER-6-CONNCLOSED","FTP"
"FTPSERVER-6-NETRDFAILED","FTP"
"FTPSERVER-6-NETWRTFAILED","FTP"
"FTPSERVER-6-NEWCONN","FTP"
"FTPSERVER-6-REPLYLOGN","FTP"
"FTPSERVER-6-TOPDIRTEST","FTP"
"HTTP-3-INIT_FAIL","HTTP"
"HTTP-3-OUTOF_MEM","HTTP"
"HTTP-3-PROC_NOCREAT","HTTP"
"HTTP-6-SERVER_SETUP_FAILED","HTTP"
"HTTPC-3-CONNECT_NULL","HTTP"
"HTTPC-3-COOKIE_MEM","HTTP"
"HTTPC-3-RECEIVE_SOCK_READ_EVENT_WHILE_DISABLED","HTTP"
"PPP-3-AUXFAST","PPP"
"PPP-4-IPXNET","PPP"
"PPP-4-NOAPPOINT","PPP"
"PPP-4-NOCLEAR","PPP"
"PPP-4-NOEXTTACACS","PPP"
"PPP-4-NOGROUP","PPP"
"PPP-4-NOMAC","PPP"
"PPP-4-NOSUCHREQ","PPP"
"SNMP-3-BADOID","SNMP"
"SNMP-3-BADVALUE","SNMP"
"SNMP-3-CPUHOG","SNMP"
"SNMP-3-TRAPBLOCK","SNMP"
"SNMP-3-TRAPINTR","SNMP"
"SNMP-4-NOFLASH","SNMP"
"SNMP-5-COLDSTART","SNMP"
"SNMP-5-WARMSTART","SNMP"
"SNMP-6-VIEWNAMELENGTH","SNMP"
"SNMP_BULKSTAT-3-NO_MEMORY","SNMP"
"SNMP_BULKSTAT-3-TOOSMALL_BUFFER","SNMP"
"SNMP_BULKSTAT-4-BUFFER_OVERFLOW","SNMP"
"SNMP_BULKSTAT-4-PRI_URL_UNREACHABLE","SNMP"
"SNMP_BULKSTAT-4-SEC_URL_UNREACHABLE","SNMP"
"SNMP_MGR-3-BADAGETIMER","SNMP"
"SNMP_MGR-3-BADINFORMTRANSPORT","SNMP"
"SNMP_MGR-3-BADOP","SNMP"
"SNMP_MGR-3-BADPDUTYPE","SNMP"
"SNMP_MGR-3-BADTRANSPORT","SNMP"
"SNMP_MGR-3-BADUSECOUNT","SNMP"
"SNMP_MGR-3-NOPROC","SNMP"
"SNMP_MGR-3-RESPDROP","SNMP"
"SNMP_MGR-3-SESSIONINUSE","SNMP"
"SNMP_MGR-4-BADAUTHTYPE","SNMP"
"SNMP_MGR-4-BADRESPONSESTATUS","SNMP"
"SNMP_MGR-4-EMPTYQUEUE","SNMP"
"SNMP_MGR-4-NOCANCEL","SNMP"
"SSH-3-KEYPAIR","SSH"
"SSH-3-PRIVATEKEY","SSH"
"SSH-5-DISABLED","SSH"
"SSH-5-ENABLED","SSH"
"SNMP-STDBY-5-COLDSTART","SNMP"
"HTTPC-3-INIT_FAIL","HTTP"
"HTTPC-3-OUTOF_MEM","HTTP"
"HTTPC-3-OUTOF_SYNC","HTTP"
"HTTPC-3-PROC_NOCREAT","HTTP"
"HTTPC-6-REQUEST_FAILED","HTTP"
"SNMP-3-AUTHFAILIPV6","SNMP"
"SNMP-3-DVR_DUP_REGN_ERR","SNMP"
"SNMP-3-DVR_DUP_REGN_WARNING","SNMP"
"SNMP-3-INPUT_QFULL_ERR","SNMP"
"SNMP-4-HIGHCPU","SNMP"
"SNMP_CONTEXT_MAPPING-3-TOPO_NOT_BASE","SNMP"
"SNMP_MGR-3-MISSINGHOSTIPV6","SNMP"
"FTPSERVER-6-REPLYLOGTEXT","FTP"
"SNMP-4-TRAPDROP","SNMP"