event.deviceEventClassId,set.event.agentSeverity
iLO:1,Low
iLO:2,Low
iLO:3,Low
iLO:4,Low
iLO:5,Low
iLO:6,Low
iLO:7,Low
iLO:8,Low
iLO:9,Low
iLO:10,Low
iLO:11,Low
iLO:12,Low
iLO:13,Low
iLO:14,Low
iLO:15,Low
iLO:16,Low
iLO:17,Low
iLO:18,Low
iLO:19,Low
iLO:20,Low
iLO:21,Low
iLO:22,Low
iLO:23,Low
iLO:24,Low
iLO:25,Low
iLO:26,Low
iLO:27,Low
iLO:28,Low
iLO:29,Low
iLO:30,Low
iLO:31,Low
iLO:32,Low
iLO:33,Low
iLO:34,Low
iLO:35,Low
iLO:36,Low
iLO:37,Low
iLO:38,Low
iLO:39,Low
iLO:40,Low
iLO:41,Low
iLO:42,Low
iLO:43,Low
iLO:44,Low
iLO:45,Low
iLO:46,Low
iLO:47,Low
iLO:48,Low
iLO:49,Low
iLO:50,Low
iLO:51,Low
iLO:52,Low
iLO:53,Low
iLO:54,Low
iLO:55,Low
iLO:56,Low
iLO:57,Low
iLO:58,Low
iLO:59,Low
iLO:60,Low
iLO:61,Low
iLO:62,Low
iLO:63,Low
iLO:64,Low
iLO:65,Low
iLO:66,Low
iLO:67,Low
iLO:68,Low
iLO:69,Low
iLO:70,Low
iLO:71,Low
iLO:72,Low
iLO:73,Low
iLO:74,Low
iLO:75,Low
iLO:76,Low
iLO:77,Low
iLO:78,Low
iLO:79,Low
iLO:80,Low
iLO:81,Low
iLO:82,Low
iLO:83,Low
iLO:84,Low
iLO:85,Low
iLO:86,Low
iLO:87,Low
iLO:88,Low
iLO:89,Low
iLO:91,Low
iLO:92,Low
iLO:93,Low
iLO:94,Low
iLO:95,Low
iLO:96,Low
iLO:97,Low
iLO:98,Low
iLO:99,Low
iLO:100,Low
iLO:101,Low
iLO:102,Low
iLO:103,Low
iLO:104,Low
iLO:105,Low
iLO:106,Low
iLO:107,Low
iLO:108,Low
iLO:110,Low
iLO:111,Low
iLO:112,Low
iLO:113,Low
iLO:114,Low
iLO:115,Low
iLO:116,Low
iLO:117,Low
iLO:118,Low
iLO:119,Low
iLO:120,Low
iLO:121,Low
iLO:122,Low
iLO:123,Low
iLO:124,Low
iLO:127,Low
iLO:128,Low
iLO:129,Low
iLO:130,Low
iLO:131,Low
iLO:132,Low
iLO:133,Low
iLO:134,Low
iLO:135,Low
iLO:136,Low
iLO:137,Low
iLO:138,Low
iLO:139,Low
iLO:140,Low
iLO:141,Low
iLO:142,Low
iLO:143,Low
iLO:144,Low
iLO:145,Low
iLO:146,Low
iLO:147,Low
iLO:148,Low
iLO:149,Low
iLO:150,Low
iLO:151,Low
iLO:152,Low
iLO:153,Low
iLO:154,Low
iLO:155,Low
iLO:156,Low
iLO:157,Low
iLO:158,Low
iLO:159,Low
iLO:160,Low
iLO:161,Low
iLO:162,Low
iLO:163,Low
iLO:164,Low
iLO:165,Low
iLO:166,Low
iLO:167,Low
iLO:168,Low
iLO:169,Low
iLO:170,Low
iLO:171,Low
iLO:172,Low
iLO:173,Low
iLO:174,Low
iLO:175,Low
iLO:176,Low
iLO:177,Low
iLO:178,Low
iLO:179,Low
iLO:180,Low
iLO:181,Low
iLO:182,Low
iLO:183,Low
iLO:184,Low
iLO:185,Low
iLO:186,Low
iLO:187,Low
iLO:188,Low
iLO:189,Low
iLO:190,Low
iLO:191,Low
iLO:192,Low
iLO:193,Low
iLO:194,Low
iLO:195,Low
iLO:196,Low
iLO:197,Low
iLO:198,Low
iLO:199,Low
iLO:200,Low
iLO:201,Low
iLO:202,Low
iLO:203,Low
iLO:204,Low
iLO:205,Low
iLO:206,Low
iLO:207,Low
iLO:208,Low
iLO:209,Low
iLO:210,Low
iLO:211,Low
iLO:212,Low
iLO:213,Low
iLO:214,Low
iLO:215,Low
