event.name,set.event.deviceSeverity
"Logging stopped",High
"Logging started",High
"Logging Started",High
"Copy Job Completion",Low
"Print Job Completion",Low
"Stored Job Completion",Low
"Retrieved Job Completion",Low
"PrintAndHold Job Completion",Low
"Fax Stored Job Completion",Low
"Inactivity timeout - login session termination",Low
"Fax Print Job Completion",Low
"Fax job Completion",Low
"Fax job Email Notify Completion",Low
"InternalPagePrint Job Completion",Low
"Email job Completion",Low
"Email job Notify Completion",Low
"Send-to-folder job Completion",Low
"Send-to-folder Email Notify Completion",Low
"Disk wipe flag modification",Info
"File Erase Mode Modification",Info
"PJL Password Modification",Info
"Authentication Manager",Medium
"User PIN database Modification",Medium
"System time change",Medium