event.flexString1,set.event.deviceAction,set.event.message
RECV_SCAN:0,Allowed,Allowed Message
RECV_SCAN:1,Aborted,Aborted Message
RECV_SCAN:2,Blocked,Blocked Message
RECV_SCAN:3,Quarantined,Quarantined Message
RECV_SCAN:4,Tagged,Tagged Message
RECV_SCAN:5,Deferred,Deferred Message
RECV_SCAN:6,Quarantined,Per-User Quarantined Message
RECV_SCAN:7,Whitelisted,Whitelisted Message
RECV_SCAN:8,Encrypted,Encrypted Message 
RECV_SCAN:9,Redirected,Redirected Message
RECV_SCAN:10,Stubbed,Attachments Stubbed
SEND:1,Delivered,Delivered Message
SEND:2,Rejected,Rejected Message
SEND:3,Deferred,Deferred Message
SEND:4,Expired,Expired Message
