event.deviceEventCategory,set.event.message
AD,A change was made to the auditing attribute.
AF,All authority failures.
AP,A change was made to program adopt.
AU,"Attribute changes.CA,Changes to object authority (authorization list or object)."
CA,Changes to object authority (authorization list or object).
CD,A change was made to a command string.
CO,Create object.
CV,Connection verification.
CP,"Create, change, restore user profiles."
CQ,A change was made to a change request descriptor.
CU,Cluster operation
CY,Cryptographic configuration
DI,Directory services
DO,All delete operations on the system.
DS,DST security officer password reset.
EV,Environment variable
GR,General purpose audit record
GS,A descriptor was given.
IM,Intrusion monitor.
IP,Inter-process communication event.
IR,IP rules actions
IS,Internet security management
JD,Changes to the USER parameter of a job description.
JS,A change was made to job data.
KF,Key ring file name.
LD,"A link, unlink, or lookup operation to a directory."
ML,A change was made to office services mail.
NA,Changes to network attributes.
ND,Directory search violations.
NE,End point violations.
OM,Object management change.
OR,Object restored.
OW,Changes to object ownership.
O1,Single optical object access.
O2,Dual optical object access.
O3,Optical volume access.
PA,Changes to programs (CHGPGM) that will now adopt the owner's authority.
PG,Changes to an object's primary group.
PO,A change was made to printed output.
PS,Profile swap.
PW,Passwords used that are not valid.
RA,Restore of objects when authority changes.
RJ,Restore of job descriptions that contain user profile names.
RO,Restore of objects when ownership information changes.
RP,Restore of programs that adopt their owner's authority.
RQ,A change request descriptor was restored.
RU,Restore of authority for user profiles.
RZ,The primary group for an object was changed during a restore operation.
SD,A change was made to the system directory.
SE,Changes to subsystem routing.
SF,A change was made to a spooled output file.
SG,Asynchronous signals
SK,Secure sockets connection
SM,A change was made by system management.
SO,A change was made by server security.
ST,A change was made by system tools.
SV,Changes to system values.
VA,Changes to access control list.
VC,Connection started or ended.
VF,Server files were closed.
VL,An account limit was exceeded.
VN,A logon or logoff operation on the network.
VO,Actions on validation lists.
VP,A network password error.
VR,A network resources was accessed.
VS,A server session started or ended.
VU,A network profile was changed.
VV,Service status was changed.
X0,Network authentication.
X1,Reserved for future audit entry.
X2,Reserved for future audit entry.
X3,Reserved for future audit entry.
X4,Reserved for future audit entry.
X5,Reserved for future audit entry.
X6,Reserved for future audit entry.
X7,Reserved for future audit entry.
X8,Reserved for future audit entry.
X9,Reserved for future audit entry.
XD,Directory server extension.
YC,A change was made to DLO change access.
YR,A change was made to DLO read access.
ZC,9 A change was made to object change access.
ZM,An object was accessed using a method.
ZR,A change was made to Object read access.
AA,User-specified. 
XP,Internal entry.
RD,Delete receiver.
RS,Receiver saved.
