event.deviceEventClassId,set.event.deviceSeverity,set.event.agentSeverity
0,fatal,High
1,info,Low
2,info,Low
3,info,Low
4,warning,Medium
5,info,Low
7,debug,Low
8,info,Low
9,info,Low
11,warning,Medium
12,info,Low
13,info,Low
14,fatal,High
16,fatal,High
17,warning,Medium
18,info,Low
19,warning,Medium
20,info,Low
21,info,Low
36,warning,Medium
37,warning,Medium
38,warning,Medium
39,warning,Medium
40,warning,Medium
41,warning,Medium
43,warning,Medium
44,warning,Medium
45,warning,Medium
46,warning,Medium
47,warning,Medium
48,warning,Medium
49,warning,Medium
50,warning,Medium
51,warning,Medium
52,warning,Medium
53,warning,Medium
54,warning,Medium
55,warning,Medium
56,info,Low
57,info,Low
58,warning,Medium
59,warning,Medium
60,warning,Medium
61,info,Low
62,info,Low
63,info,Low
64,info,Low
65,fatal,High
66,info,Low
67,info,Low
68,info,Low
69,fatal,High
70,warning,Medium
71,info,Low
72,warning,Medium
74,warning,Medium
75,warning,Medium
76,info,Low
77,info,Low
78,info,Low
79,info,Low
80,debug,Low
81,info,Low
82,warning,Medium
83,info,Low
84,warning,Medium
85,warning,Medium
86,warning,Medium
87,warning,Medium
88,warning,Medium
89,warning,Medium
90,info,Low
91,info,Low
92,info,Low
93,info,Low
94,info,Low
95,info,Low
96,info,Low
97,info,Low
98,info,Low
99,info,Low
110,info,Low
111,info,Low
112,info,Low
114,warning,Medium
115,standard,High
118,info,Low
119,info,Low
120,info,Low
121,info,Low
122,info,Low
126,info,Low
127,info,Low
128,info,Low
129,info,Low
130,info,Low
131,info,Low
132,warning,Medium
133,warning,Medium
134,warning,Medium
135,warning,Medium
136,warning,Medium
137,warning,Medium
138,debug,Low
139,warning,Medium
140,warning,Medium
141,warning,Medium
142,warning,Medium
143,warning,Medium
150,info,Low
151,warning,Medium
152,warning,Medium
153,warning,Medium
154,warning,Medium
155,warning,Medium
156,warning,Medium
157,warning,Medium
158,warning,Medium
159,info,Low
160,info,Low
161,warning,Medium
162,warning,Medium
163,info,Low
164,warning,Medium
176,debug,Low
177,info,Low
178,info,Low
179,info,Low
180,warning,Medium
181,warning,Medium
182,info,Low
183,warning,Medium
184,info,Low
187,warning,Medium
188,warning,Medium
189,warning,Medium
190,warning,Medium
191,warning,Medium
192,warning,Medium
193,warning,Medium
194,warning,Medium
195,warning,Medium
196,warning,Medium
197,warm,Medium
198,warning,Medium
200,warning,Medium
201,warning,Medium
202,warning,Medium
203,warning,Medium
204,warning,Medium
206,warning,Medium
207,warning,Medium
209,warning,Medium
210,warning,Medium
211,warning,Medium
212,warning,Medium
213,warning,Medium
214,warning,Medium
215,warning,Medium
217,info,Low
218,info,Low
219,info,Low
220,info,Low
221,info,Low
222,info,Low
223,info,Low
224,warn,Medium
225,warning,Medium
226,warning,Medium
227,standard,High
228,warning,Medium
229,warning,Medium
230,warning,Medium
233,warning,Medium
234,warning,Medium
235,warning,Medium
236,warning,Medium
237,warning,Medium
238,warning,Medium
239,warning,Medium
240,warning,Medium
241,warning,Medium
242,warning,Medium
243,fatal,High
244,fatal,High
245,warning,Medium
246,warning,Medium
247,warning,Medium
248,warning,Medium
249,warning,Medium
255,warning,Medium
260,info,Low
261,info,Low
262,info,Low
263,info,Low
264,warning,Medium
265,warning,Medium
266,info,Low
267,info,Low
268,warning,Medium
269,info,Low
270,warning,Medium
271,warning,Medium
272,info,Low
273,info,Low
274,warning,Medium
275,warning,Medium
276,info,Low
277,warn,Medium
278,info,Low
285,warning,Medium
287,debug,Low
290,warning,Medium
291,info,Low
292,warning,Medium
293,warning,Medium
294,info,Low
295,info,Low
296,info,Low
297,debug,Low
298,info,Low
299,info,Low
300,info,Low
301,info,Low
302,info,Low
306,standard,High
307,warning,Medium
308,warning,Medium
309,warning,Medium
310,warning,Medium
311,standard,High
312,warning,Medium
313,warning,Medium
314,warning,Medium
315,warning,Medium
316,warning,Medium
317,warning,Medium
323,info,Low
324,warning,Medium
325,warning,Medium
326,warning,Medium
327,info,Low
328,info,Low
329,info,Low
330,info,Low
331,info,Low
332,info,Low
333,info,Low
334,warning,Medium
335,info,Low
336,info,Low
337,info,Low
338,info,Low
339,warning,Medium
340,info,Low
341,info,Low
342,warning,Medium
344,info,Low
345,info,Low
346,info,Low
347,warning,Medium
348,warning,Medium
349,warning,Medium
350,info,Low
351,debug,Low
352,debug,Low
353,debug,Low
354,debug,Low
355,debug,Low
356,debug,Low
357,warning,Medium
358,debug,Low
359,info,Low
360,info,Low
361,info,Low
362,info,Low
363,info,Low
364,info,Low
365,info,Low
366,warning,Medium
367,warning,Medium
368,warning,Medium
369,warning,Medium
370,warning,Medium
371,warning,Medium
372,warning,Medium
373,warning,Medium
374,warning,Medium
375,info,Low
376,info,Low
377,warning,Medium
378,info,Low
379,info,Low
380,warning,Medium
381,warning,Medium
382,warning,Medium
383,warning,Medium
384,warning,Medium
385,warning,Medium
386,warning,Medium
387,info,Low
389,info,Low
390,info,Low
391,info,Low
392,info,Low
393,info,Low
394,info,Low
395,info,Low
396,info,Low
397,info,Low
398,info,Low
399,info,Low
400,info,Low
401,debug,Low
402,warning,Medium
403,info,Low
404,info,Low
405,info,Low
406,info,Low
407,info,Low
408,info,Low
409,info,Low
410,debug,Low
411,info,Low
412,info,Low
413,info,Low
414,info,Low
415,info,Low
416,info,Low
417,info,Low
418,info,Low
419,warning,Medium
420,info,Low
421,info,Low
422,info,Low
423,warning,Medium
424,warning,Medium
425,warning,Medium
426,info,Low
427,info,Low
428,info,Low
429,info,Low
430,info,Low
431,info,Low
432,info,Low
433,info,Low
434,info,Low
435,info,Low
436,warning,Medium
437,warning,Medium
438,warning,Medium
439,warning,Medium
440,warning,Medium
441,warning,Medium
442,warning,Medium
443,warning,Medium
444,warning,Medium
445,warning,Medium
446,warning,Medium
447,info,Low
448,warning,Medium
449,info,Low
450,info,Low
451,warning,Medium
452,warning,Medium
453,warning,Medium
463,info,Low
464,info,Low
465,warning,Medium
466,warning,Medium
467,warning,Medium
478,fatal,High
479,standard,High
480,standard,High
481,standard,High
482,fatal,High
483,fatal,High
484,warning,Medium
485,standard,High
486,info,Low
487,info,Low
488,warning,Medium
489,warning,Medium
490,standard,High
491,standard,High
492,warning,Medium
493,warning,Medium
494,warning,Medium
495,warning,Medium
496,warning,Medium
497,warning,Medium
498,warning,Medium
499,warning,Medium
500,fatal,High
501,info,Low
502,warning,Medium
503,warning,Medium
504,warning,Medium
505,standard,High
506,warning,Medium
507,standard,High
508,info,Low
509,info,Low
510,info,Low
511,info,Low
514,warning,Medium
515,warning,Medium
516,warning,Medium
517,warning,Medium
518,warning,Medium
519,warning,Medium
520,warning,Medium
521,warning,Medium
522,warning,Medium
523,warning,Medium
524,warning,Medium
525,warning,Medium
526,warning,Medium
532,warning,Medium
533,warning,Medium
534,warning,Medium
535,warning,Medium
536,warning,Medium
537,info,Low
538,info,Low
539,info,Low
540,info,Low
541,info,Low
542,info,Low
549,warning,Medium
550,info,Low
551,warning,Medium
552,warning,Medium
553,warning,Medium
555,warning,Medium
556,warning,Medium
557,info,Low
558,warning,Medium
559,warning,Medium
560,info,Low
561,info,Low
562,warning,Medium
563,warning,Medium
564,warning,Medium
565,info,Low
566,warning,Medium
567,warning,Medium
568,info,Low
569,warning,Medium
570,warning,Medium
572,warning,Medium
573,info,Low
574,warning,Medium
575,warning,Medium
576,warning,Medium
577,fatal,High
578,warning,Medium
579,info,Low
580,info,Low
581,info,Low
582,info,Low
583,info,Low
584,info,Low
585,info,Low
586,info,Low
587,info,Low
592,warning,Medium
593,warning,Medium
594,warning,Medium
595,warning,Medium
600,warning,Medium
602,warning,Medium
603,info,Low
604,fatal,High
605,fatal,High
606,warning,Medium
607,standard,High
608,warning,Medium
609,info,Low
610,info,Low
611,warning,Medium
612,warning,Medium
613,warning,Medium
614,warning,Medium
615,fatal,High
616,fatal,High
617,info,Low
618,fatal,High
619,info,Low
620,info,Low
621,info,Low
622,info,Low
623,info,Low
624,fatal,High
625,info,Low
626,warning,Medium
627,fatal,High
628,info,Low
629,info,Low
630,standard,High
631,standard,High
632,warning,Medium
633,warning,Medium
634,info,Low
635,info,Low
636,info,Low
637,info,Low
638,info,Low
639,info,Low
640,warning,Medium
641,warning,Medium
642,info,Low
643,info,Low
644,info,Low
645,info,Low
646,info,Low
647,info,Low
648,fatal,High
649,fatal,High
650,fatal,High
651,fatal,High
652,fatal,High
653,fatal,High
654,fatal,High
655,fatal,High
656,info,Low
657,fatal,High
658,fatal,High
659,fatal,High
660,fatal,High
661,info,Low
662,fatal,High
663,warning,Medium
664,info,Low
665,info,Low
666,info,Low
667,info,Low
668,info,Low
669,info,Low
670,fatal,High
671,info,Low
672,warning,Medium
673,info,Low
674,info,Low
675,info,Low
676,info,Low
677,info,Low
678,info,Low
679,info,Low
680,info,Low
681,info,Low
682,info,Low
683,info,Low
686,fatal,High
687,info,Low
688,info,Low
689,info,Low
690,info,Low
691,info,Low
692,info,Low
693,info,Low
694,warning,Medium
695,warning,Medium
696,warning,Medium
697,info,Low
698,info,Low
699,info,Low
700,info,Low
701,info,Low
702,info,Low
703,info,Low
704,info,Low
705,info,Low
706,info,Low
707,info,Low
708,info,Low
709,info,Low
710,info,Low
711,info,Low
712,info,Low
713,info,Low
714,info,Low
715,info,Low
716,info,Low
717,info,Low
719,info,Low
720,info,Low
721,info,Low
723,warning,Medium
724,info,Low
731,info,Low
732,warning,Medium
733,warning,Medium
734,info,Low
735,info,Low
736,warning,Medium
737,info,Low
738,warning,Medium
739,warning,Medium
740,warning,Medium
741,info,Low
742,warning,Medium
746,warning,Medium
747,warning,Medium
748,info,Low
749,info,Low
750,info,Low
751,info,Low
752,warning,Medium
753,warning,Medium
754,warning,Medium
755,info,Low
770,standard,High
771,fatal,High
772,warning,Medium
773,warning,Medium
774,warning,Medium
775,warning,Medium
776,warning,Medium
777,warning,Medium
778,warning,Medium
779,warning,Medium
780,warning,Medium
781,info,Low
782,warning,Medium
783,warning,Medium
784,warning,Medium
785,standard,High
786,standard,High
787,standard,High
788,info,Low
789,info,Low
790,info,Low
791,info,Low
792,info,Low
793,warning,Medium
796,info,Low
797,warning,Medium
798,warning,Medium
799,warning,Medium
800,info,Low
801,warning,Medium
802,info,Low
803,info,Low
804,info,Low
805,info,Low
806,info,Low
810,info,Low
811,info,Low
812,warning,Medium
817,warning,Medium
818,warning,Medium
819,warning,Medium
820,warning,Medium
821,fatal,High
822,info,Low
823,info,Low
824,info,Low
825,info,Low
826,info,Low
827,info,Low
828,info,Low
829,warning,Medium
830,warning,Medium
832,info,Low
833,info,Low
839,info,Low
840,info,Low
841,info,Low
842,info,Low
843,info,Low
844,info,Low
850,warning,Medium
851,warning,Medium
852,warning,Medium
853,warning,Medium
854,warning,Medium
855,warning,Medium
856,warning,Medium
857,warning,Medium
858,warning,Medium
859,warning,Medium
860,warning,Medium
861,warning,Medium
862,warning,Medium
863,warning,Medium
864,warning,Medium
865,warning,Medium
866,warning,Medium
867,warning,Medium
868,warning,Medium
869,warning,Medium
870,warning,Medium
871,warning,Medium
872,warning,Medium
883,warning,Medium
884,info,Low
885,info,Low
886,info,Low
887,info,Low
888,info,Low
889,info,Low
890,info,Low
891,info,Low
897,info,Low
898,info,Low
899,info,Low
900,info,Low
901,warning,Medium
902,warning,Medium
903,warning,Medium
904,warning,Medium
905,warning,Medium
906,warning,Medium
907,warning,Medium
908,warning,Medium
928,info,Low
929,warning,Medium
930,warning,Medium
931,warning,Medium
932,warning,Medium
933,info,Low
934,warning,Medium
935,info,Low
936,info,Low
937,info,Low
938,warning,Medium
939,warning,Medium
940,warning,Medium
943,warning,Medium
944,warning,Medium
945,warning,Medium
946,warning,Medium
947,warning,Medium
948,warning,Medium
949,warning,Medium
950,warning,Medium
951,warning,Medium
952,warning,Medium
953,warning,Medium
954,warning,Medium
955,warning,Medium
956,warning,Medium
957,warning,Medium
958,warning,Medium
959,warning,Medium
960,warning,Medium
961,warning,Medium
962,standard,High
963,standard,High
964,standard,High
965,info,Low
966,info,Low
967,warning,Medium
968,warning,Medium
969,info,Low
970,warning,Medium
971,warning,Medium
972,warning,Medium
973,warning,Medium
974,warning,Medium
975,warning,Medium
976,warning,Medium
977,warning,Medium
978,warning,Medium
979,warning,Medium
980,warning,Medium
981,warning,Medium
982,info,Low
983,info,Low
984,info,Low
985,info,Low
989,warning,Medium
990,warning,Medium
991,warning,Medium
992,info,Low
993,warning,Medium
994,warning,Medium
995,warning,Medium
996,info,Low
997,warning,Medium
2400,warning,Medium
2401,warning,Medium
2402,warning,Medium
2403,warning,Medium
2404,warning,Medium
2405,warning,Medium
2406,warning,Medium
2409,warning,Medium
2410,warning,Medium
2411,warning,Medium
2502,info,Low
2503,info,Low
2504,info,Low
2505,warning,Medium
2506,warning,Medium
2507,warning,Medium
2508,warning,Medium
2509,warning,Medium
2510,warning,Medium
2511,warning,Medium
2512,warning,Medium
2513,warning,Medium
2514,info,Low
2518,warning,Medium
2519,info,Low
2521,warning,Medium
2522,info,Low
2523,info,Low
2524,info,Low
2550,info,Low
2551,fatal,High
2552,info,Low
2553,info,Low
2554,fatal,High
2555,info,Low
2556,info,Low
2557,info,Low
2558,info,Low
2559,info,Low
2560,warn,Medium
2561,warning,Medium
2562,warning,Medium
2568,info,Low
2569,info,Low
2570,warning,Medium
2611,info,Low
2612,info,Low
2613,standard,High
2614,info,Low
2615,info,Low
2616,info,Low
2618,info,Low
2619,info,Low
2620,info,Low
2621,info,Low
2666,info,Low
2671,warning,Medium
2672,warning,Medium
2673,fatal,High
2674,fatal,High
2681,warn,Medium
2682,info,Low
2683,info,Low
2684,warning,Medium
2685,warning,Medium
2686,warning,Medium
2687,warning,Medium
2720,warning,Medium
2721,warning,Medium
2750,info,Low
2751,info,Low
2752,info,Low
2753,info,Low
2754,info,Low
2755,info,Low
2756,info,Low
2757,info,Low
2758,info,Low
2759,info,Low
2762,info,Low
2765,warning,Medium
2766,info,Low
2767,warn,Medium
2768,warn,Medium
2769,warn,Medium
2770,warn,Medium
2771,warn,Medium
3001,fatal,High
3002,fatal,High
3003,info,Low
3004,info,Low
3005,warn,Medium
3006,warn,Medium
3007,info,Low
3008,info,Low
3009,warn,Medium
3010,warn,Medium
3011,warn,Medium
3012,warn,Medium
3013,warn,Medium
3014,warn,Medium
3015,warn,Medium
3016,warn,Medium
3051,info,Low
3052,info,Low
3053,info,Low
3054,info,Low
3055,warning,Medium
3056,info,Low
3057,info,Low
3058,info,Low
3071,info,Low
3072,info,Low
3073,warning,Medium
3074,warning,Medium
3075,warning,Medium
3076,info,Low
3077,warning,Medium
3078,info,Low
3079,info,Low
3080,info,Low
3081,info,Low
3082,warning,Medium
3083,info,Low
3084,info,Low
3085,info,Low
3086,info,Low
3087,info,Low
3088,info,Low
3089,info,Low
3090,info,Low
3091,warning,Medium
3125,info,Low
3170,warn,Medium
3171,warn,Medium
3172,warn,Medium
3173,warn,Medium
3174,warn,Medium
3207,warn,Medium
3211,info,Low
3212,info,Low
3213,info,Low
3220,warn,Medium
3225,info,Low
3226,info,Low
3227,info,Low
3228,info,Low
3229,info,Low
3230,info,Low
3231,info,Low
3232,info,Low
3233,info,Low
3234,info,Low
3235,info,Low
3250,info,Low
3251,warn,Medium
3252,info,Low
3253,warn,Medium
3254,warn,Medium
3255,warn,Medium
3256,warn,Medium
3257,info,Low
3258,info,Low
3259,info,Low
3260,warn,Medium
3261,warn,Medium
3262,info,Low
3263,info,Low
3264,info,Low
3265,info,Low
3266,info,Low
3267,warn,Medium
3268,info,Low
3269,info,Low
3270,warn,Medium
3271,warn,Medium
3272,warn,Medium
3273,warn,Medium
3274,warn,Medium
3275,info,Low
3276,info,Low
3277,fatal,High
3305,info,Low
3306,warn,Medium
3307,info,Low
3350,warning,Medium
3360,fatal,High
3361,fatal,High
3362,info,Low
3371,fatal,High
3372,fatal,High
3373,fatal,High
3374,fatal,High
3375,fatal,High
3376,info,Low
3400,info,Low
3401,info,Low
3402,fatal,High
3500,info,Low
3510,info,Low
3511,fatal,High
3512,info,Low
3513,fatal,High
3514,info,Low
3515,info,Low
3516,info,Low
3517,info,Low
3518,info,Low
3519,info,Low
3520,fatal,High
3561,info,Low
3562,fatal,High
3563,warning,Medium
3564,warning,Medium
3565,warning,Medium
3566,warning,Medium
3567,warning,Medium
3568,warning,Medium
3569,debug,Low
3570,debug,Low
3571,debug,Low
3572,debug,Low
3573,warning,Medium
3574,warning,Medium
3612,debug,Low
3613,warn,Medium
3614,warn,Medium
3615,warn,Medium
3616,info,Low
3617,warn,Medium
3618,warn,Medium
3619,info,Low
3620,debug,Low
3621,info,Low
3622,info,Low
3623,info,Low
3624,info,Low
3625,info,Low
3626,info,Low
3627,info,Low
3628,info,Low
3629,info,Low
3700,warning,Medium
3701,warning,Medium
3750,warn,Medium
3751,warn,Medium
3752,warn,Medium
3760,warn,Medium
3782,info,Low
3783,info,Low
3784,warning,Medium
3785,warning,Medium
3801,warn,Medium
