"512","Windows NT is starting up."
"513","Windows NT is shutting down. All logon sessions will be terminated by this shutdown."
"514","An authentication package has been loaded by the Local Security Authority. This authentication package will be used to authenticate logon attempts."," Authentication Package Name"
"515","A trusted logon process has registered with the Local Security Authority. This logon process will be trusted to submit logon requests."," Logon Process Name"
"516","Internal resources allocated for the queuing of audit messages have been exhausted, leading to the loss of some audits.","Number of audit messages discarded"
"517","The audit log was cleared"," Primary User Name","Primary Domain","Primary Logon ID","Client User Name","Client Domain","Client Logon ID"
"518","An notification package has been loaded by the Security Account Manager. This package will be notified of any account or password changes."," Notification Package Name"
"520","The system time was changed","Process ID","Process Name","Primary User Name","Primary Domain","Primary Logon ID","Client User Name","Client Domain","Client Logon ID","Previous Date","Previous Time","New Date","New Time"
"521","Unable to log events to security log","Status code","Value of CrashOnAuditFail"
"523","The security log is now percent full"
"528","Successful Logon"," User Name","Domain","Logon ID","Logon Type","Logon Process","Authentication Package","Workstation Name","Logon GUID","Caller User Name","Caller Domain","Caller Logon ID","Caller Process ID","Transited Services","Source Network Address","Source Port"
"529","Logon Failure","User Name","Domain","Logon Type","Logon Process","Authentication Package"," Workstation Name"," Caller User Name","Caller Domain","Caller Logon ID","Caller Process ID","Transited Services","Source Network Address","Source Port"
"530","Logon Failure","User Name","Domain","Logon Type","Logon Process","Authentication Package"," Workstation Name"," Caller User Name","Caller Domain","Caller Logon ID","Caller Process ID","Transited Services","Source Network Address","Source Port"
"531","Logon Failure","User Name","Domain","Logon Type","Logon Process","Authentication Package"," Workstation Name"," Caller User Name","Caller Domain","Caller Logon ID","Caller Process ID","Transited Services","Source Network Address","Source Port"
"532","Logon Failure","User Name","Domain","Logon Type","Logon Process","Authentication Package"," Workstation Name"," Caller User Name","Caller Domain","Caller Logon ID","Caller Process ID","Transited Services","Source Network Address","Source Port"
"533","Logon Failure","User Name","Domain","Logon Type","Logon Process","Authentication Package"," Workstation Name"," Caller User Name","Caller Domain","Caller Logon ID","Caller Process ID","Transited Services","Source Network Address","Source Port"
"534","Logon Failure","User Name","Domain","Logon Type","Logon Process","Authentication Package"," Workstation Name"," Caller User Name","Caller Domain","Caller Logon ID","Caller Process ID","Transited Services","Source Network Address","Source Port"
"535","Logon Failure","User Name","Domain","Logon Type","Logon Process","Authentication Package"," Workstation Name"," Caller User Name","Caller Domain","Caller Logon ID","Caller Process ID","Transited Services","Source Network Address","Source Port"
"536","Logon Failure","User Name","Domain","Logon Type","Logon Process","Authentication Package"," Workstation Name"," Caller User Name","Caller Domain","Caller Logon ID","Caller Process ID","Transited Services","Source Network Address","Source Port"
"537","Logon Failure","User Name","Domain","Logon Type","Logon Process","Authentication Package"," Workstation Name"," Status code","Substatus code","Caller User Name","Caller Domain","Caller Logon ID","Caller Process ID","Transited Services","Source Network Address","Source Port"
"538","User Logoff","User Name","Domain","Logon ID","Logon Type"
"539","Logon Failure","User Name","Domain","Logon Type","Logon Process","Authentication Package","Workstation Name","Caller User Name","Caller Domain","Caller Logon ID","Caller Process ID","Transited Services","Source Network Address","Source Port"
"540","Successful Network Logon"," User Name","Domain","Logon ID","Logon Type","Logon Process","Authentication Package","Workstation Name","Logon GUID","Caller User Name","Caller Domain","Caller Logon ID","Caller Process ID","Transited Services","Source Network Address","Source Port"
"541","IKE security association established."," Mode","Peer Identity","Filter","Parameters"
"542","IKE security association ended. "," Filter","Inbound SPI","Outbound SPI"
"543","IKE security association ended. "," Filter"
"544","IKE security association establishment failed because peer could not authenticate. The certificate trust could not be established."," Peer Identity","Filter"
"545","IKE peer authentication failed."," Peer Identity","Filter"
"546","IKE security association establishment failed because peer sent invalid proposal."," Mode","Filter","Attribute","Expected value","Received value"
"547","IKE security association negotiation failed."," Mode","Filter","Failure Point","Failure Reason"
"548","Logon Failure","Reason","User Name","Domain","Logon Type","Logon Process","Authentication Package","Workstation Name"
"551","User initiated logoff","User Name","Domain","Logon ID"
"552","Logon attempt using explicit credentials","User Name","Domain","Logon ID","Logon GUID","Target User Name","Target Domain","Target Logon GUID","Target Server Name","Target Server Info","Caller Process ID","Source Network Address","Source Port"
"560","Object Open"," Object Server","Object Type","Object Name","Handle ID","ID","Operation ID","Process ID","Image File Name","Primary User Name","Primary Domain","Primary Logon ID","Client User Name","Client Domain","Client Logon ID","Accesses","Privileges","Restricted Sid Count","Access Mask"
"561","Handle Allocated"," Handle ID","Operation ID","Process ID"
"562","Handle Closed"," Object Server","Handle ID","Process ID","Image File Name"
"563","Object Open for Delete"," Object Server","Object Type","Object Name","New Handle ID","Operation ID","Process ID","Primary User Name","Primary Domain","Primary Logon ID","Client User Name","Client Domain","Client Logon ID","Accesses","Privileges"
"564","Object Deleted"," Object Server","Handle ID","Process ID"," Image File Name"
"565","Object Open"," Object Server","Object Type","Object Name","Handle ID","Operation ID[0]","Operation ID[1]","Process ID","Process Name","Primary User Name","Primary Domain","Primary Logon ID","Client User Name","Client Domain","Client Logon ID","Accesses","Privileges","Properties","Access Mask"
"566","Object Operation"," Object Server","Operation Type","Object Type","Object Name","Handle ID","Primary User Name","Primary Domain","Primary Logon ID","Client User Name","Client Domain","Client Logon ID","Accesses","Properties","Additional Info","Additional Info2","Access Mask"
"567","Object Access Attempt","Object Server","Handle ID","Object Type","Process ID","Image File Name","Accesses","Access Mask"
"568","Hard link creation attempt","Primary User Name","Primary Domain","Primary Logon ID","File Name","Link Name"
"570","Application operation attempt","Application Name","Application Instance ID","Object Name","Scope Names","Client Name","Client Domain","Client Context ID","Role","Groups","Operation Name"
"576","Special privileges assigned to new logon","  User Name","Domain","Logon ID","Privileges"
"577","Privileged Service Called"," Server","Service","Primary User Name","Primary Domain","Primary Logon ID","Client User Name","Client Domain","Client Logon ID","Privileges"
"578","Privileged object operation"," Object Server","Object Handle","Process ID","Primary User Name","Primary Domain","Primary Logon ID","Client User Name","Client Domain","Client Logon ID","Privileges"
"592","A new process has been created"," New Process ID","Image File Name","Creator Process ID","User Name","Domain","Logon ID"
"593","A process has exited"," Process ID","Image File Name","User Name","Domain","Logon ID"
"594","A handle to an object has been duplicated"," Source Handle ID","Source Process ID","Target Handle ID","Target Process ID"
"595","Indirect access to an object has been obtained"," Object Type","Object Name","Process ID","Primary User Name","Primary Domain","Primary Logon ID","Client User Name","Client Domain","Client Logon ID","Accesses","Access Mask"
"596","Backup of data protection master key","Key Identifier","Recovery Server","Recovery Key ID","Failure Reason"
"597","Recovery of data protection master key","Key Identifier","Recovery Reason","Recovery Server","Recovery Key ID","Failure Reason"
"598","Protection of auditable protected data","Data Description","Key Identifier","Protected Data Flags","Protection Algorithms","Failure Reason"
"599","Unprotection of auditable protected data","Data Description","Key Identifier","Protected Data Flags","Protection Algorithms","Failure Reason"
"600","A process was assigned a primary token","Process ID","Image File Name","Primary User Name","Primary Domain","Primary Logon ID","Process ID","Image File Name","Target User Name","Target Domain","Target Logon ID"
"601","Attempt to install service","Service Name","Service File Name","Service Type","Service Start Type","Service Account","User Name","Domain","Logon ID"
"602","Scheduled Task created","File Name","Command","Triggers","Time","Flags","Target User","User","Domain","Logon ID"
"608","User Right Assigned"," User Right","Assigned To","Assigned By"," User Name","Domain","Logon ID"
"609","User Right Removed"," User Right","Removed From","Removed By"," User Name","Domain","Logon ID"
"610","New Trusted Domain"," Domain Name","Domain ID"," User Name","Domain","Logon ID"
"611","Removing Trusted Domain"," Domain Name","Domain ID","Removed By"," User Name","Domain","Logon ID"
"612","Audit Policy Change"," New Policy"," Success Failure","System","Logon/Logoff","Object Access","Privilege Use","Detailed Tracking","Policy Change","Account Management User Name","Domain Name","Logon ID"
"613","IPSec policy agent started"," Ipsec Policy Agent","Policy Source","Event Data"
"614","IPSec policy agent disabled"," Ipsec Policy Agent","Event Data"
"615","IPSEC PolicyAgent Service","Event Data"
"616","IPSec policy agent encountered a potentially serious failure."," Event Data"
"617","Kerberos Policy Changed"," User Name","Domain Name","Logon ID","Changes made"
"618","Encrypted Data Recovery Policy Changed"," User Name","Domain Name","Logon ID","Changes made"
"619","Quality of Service Policy Changed"," User Name","Domain Name","Logon ID","Changes made"
"620","Trusted Domain Information Modified","Domain Name","Domain ID"," User Name","Domain","Logon ID","Trust Type"," Trust Direction","Trust Attributes","SID Filtering"
"621","System Security Access Granted","Access Granted","Account Modified","User Name","Domain","Logon ID"
"622","System Security Access Removed","Access Removed","Account Modified","User Name","Domain","Logon ID"
"624","User Account Created"," New Account Name","New Domain","New Account ID","Caller User Name","Caller Domain","Caller Logon ID","Privileges","Sam Account Name","Display Name","User Principal Name","Home Directory","Home Drive","Script Path","Profile Path","User Workstations","Password Last Set","Account Expires","Primary Group ID","AllowedToDelegateTo","Old UAC Value","New UAC Value","User Account Control","User Parameters","Sid History","Logon Hours"
"625","User Account Enabled","Target Account Name","Target Domain","Target Account ID","New Type","Caller User Name","Caller Domain","Caller Logon ID"
"626","User Account Enabled"," Target Account Name","Target Domain","Target Account ID","Caller User Name","Caller Domain","Caller Logon ID"
"627","Change Password Attempt","Target Account Name","Target Domain","Target Account ID","Caller User Name","Caller Domain","Caller Logon ID","Privileges"
"628","User Account password set"," Target Account Name","Target Domain","Target Account ID","Caller User Name","Caller Domain","Caller Logon ID"
"629","User Account Disabled","Target Account Name","Target Domain","Target Account ID","Caller User Name","Caller Domain","Caller Logon ID"
"630","User Account Deleted","  Target Account Name","Target Domain","Target Account ID","Caller User Name","Caller Domain","Caller Logon ID","Privileges"
"631","Security Enabled Global Group Created"," New Account Name","New Domain","New Account ID","Caller User Name","Caller Domain","Caller Logon ID","Privileges","Attributes","Sam Account Name","Sid History"
"632","Security Enabled Global Group Member Added"," Member Name","Member ID","Target Account Name","Target Domain","Target Account ID","Caller User Name","Caller Domain","Caller Logon ID","Privileges"
"633","Security Enabled Global Group Member Removed"," Member Name","Member ID","Target Account Name","Target Domain","Target Account ID","Caller User Name","Caller Domain","Caller Logon ID","Privileges"
"634","Security Enabled Global Group Deleted"," Target Account Name","Target Domain","Target Account ID","Caller User Name","Caller Domain","Caller Logon ID","Privileges"
"635","Security Enabled Local Group Created"," New Account Name","New Domain","New Account ID","Caller User Name","Caller Domain","Caller Logon ID","Privileges","Attributes","Sam Account Name","Sid History"
"636","Security Enabled Local Group Member Added"," Member Name","Member ID","Target Account Name","Target Domain","Target Account ID","Caller User Name","Caller Domain","Caller Logon ID","Privileges"
"637","Security Enabled Local Group Member Removed"," Member Name","Member ID","Target Account Name","Target Domain","Target Account ID","Caller User Name","Caller Domain","Caller Logon ID","Privileges"
"638","Security Enabled Local Group Deleted"," Target Account Name","Target Domain","Target Account ID","Caller User Name","Caller Domain","Caller Logon ID","Privileges"
"639","Security Enabled Local Group Changed"," Target Account Name","Target Domain","Target Account ID","Caller User Name","Caller Domain","Caller Logon ID","Privileges","Changed Attributes","Sam Account Name","Sid History"
"640","General Account Database Change"," Type of change","Object Type","Object Name","Object ID","Caller User Name","Caller Domain","Caller Logon ID"
"641","Security Enabled Global Group Changed"," Target Account Name","Target Domain","Target Account ID","Caller User Name","Caller Domain","Caller Logon ID","Privileges","Changed Attributes","Sam Account Name","Sid History"
"642","User Account Changed","Dummy","Target Account Name","Target Domain","Target Account ID","Caller User Name","Caller Domain","Caller Logon ID","Privileges","Sam Account Name","Display Name","User Principal Name","Home Directory","Home Drive","Script Path","Profile Path","User Workstations","Password Last Set","Account Expires","Primary Group ID","AllowedToDelegateTo","Old UAC Value","New UAC Value","User Account Control","User Parameters","Sid History","Logon Hours"
"643","Domain Policy Changed","Domain Policy Changed","Domain Name","Domain ID","Caller User Name","Caller Domain","Caller Logon ID","Privileges","Min. Password Age","Max. Password Age","Force Logoff","Lockout Threshold","Lockout Observation Window","Lockout Duration","Password Properties","Min. Password Length","Password History Length","Machine Account Quota","Mixed Domain Mode","Domain Behavior Version","OEM Information"
"644","User Account Locked Out"," Target Account Name","Caller Machine Name","Target Account ID","Caller User Name","Caller Domain","Caller Logon ID"
"645","Computer Account Created"," New Account Name","New Domain","New Account ID","Caller User Name","Caller Domain","Caller Logon ID","Privileges","Attributes","Sam Account Name","Display Name","User Principal Name","Home Directory","Home Drive","Script Path","Profile Path","User Workstations","Password Last Set","Account Expires","Primary Group ID","AllowedToDelegateTo","Old UAC Value","New UAC Value","User Account Control","Account Disabled","User Parameters","Sid History","Logon Hours","DNS Host Name","Service Principal Names"
"646","Computer Account Changed"," Target Account Name","Target Domain","Target Account ID","Caller User Name","Caller Domain","Caller Logon ID","Privileges","Sam Account Name","Display Name","User Principal Name","Home Directory","Home Drive","Script Path","Profile Path","User Workstations","Password Last Set","Account Expires","Primary Group ID","AllowedToDelegateTo","Old UAC Value","New UAC Value","User Account Control","User Parameters","Sid History","Logon Hours","DNS Host Name","DummyKey","Service Principal Names"
"647","Computer Account Deleted"," Target Account Name","Target Domain","Target Account ID","Caller User Name","Caller Domain","Caller Logon ID","Privileges"
"648","Security Disabled Local Group Created"," Target Account Name","Target Domain","Target Account ID","Caller User Name","Caller Domain","Caller Logon ID","Privileges","Attributes","Sam Account Name","Sid History"
"649","Security Disabled Local Group Changed"," Target Account Name","Target Domain","Target Account ID","Caller User Name","Caller Domain","Caller Logon ID","Privileges","Changed Attributes","Sam Account Name","Sid History"
"650","Security Disabled Local Group Member Added"," Member Name","Member ID","Target Account Name","Target Domain","Target Account ID","Caller User Name","Caller Domain","Caller Logon ID","Privileges"
"651","Security Disabled Local Group Member Removed"," Member Name","Member ID","Target Account Name","Target Domain","Target Account ID","Caller User Name","Caller Domain","Caller Logon ID","Privileges"
"652","Security Disabled Local Group Deleted"," Target Account Name","Target Domain","Target Account ID","Caller User Name","Caller Domain","Caller Logon ID","Privileges"
"653","Security Disabled Global Group Created"," New Account Name","New Domain","New Account ID","Caller User Name","Caller Domain","Caller Logon ID","Privileges"
"654","Security Disabled Global Group Changed"," Target Account Name","Target Domain","Target Account ID","Caller User Name","Caller Domain","Caller Logon ID","Privileges"
"655","Security Disabled Global Group Member Added"," Member Name","Member ID","Target Account Name","Target Domain","Target Account ID","Caller User Name","Caller Domain","Caller Logon ID","Privileges"
"656","Security Disabled Global Group Member Removed"," Member Name","Member ID","Target Account Name","Target Domain","Target Account ID","Caller User Name","Caller Domain","Caller Logon ID","Privileges"
"657","Security Disabled Global Group Deleted"," Target Account Name","Target Domain","Target Account ID","Caller User Name","Caller Domain","Caller Logon ID","Privileges"
"658","Security Enabled Universal Group Created"," New Account Name","New Domain","New Account ID","Caller User Name","Caller Domain","Caller Logon ID","Privileges","Attributes","Sam Account Name","Sid History"
"659","Security Enabled Universal Group Changed"," Target Account Name","Target Domain","Target Account ID","Caller User Name","Caller Domain","Caller Logon ID","Privileges","Changed Attributes","Sam Account Name","Sid History"
"660","Security Enabled Universal Group Member Added"," Member Name","Member ID","Target Account Name","Target Domain","Target Account ID","Caller User Name","Caller Domain","Caller Logon ID","Privileges"
"661","Security Enabled Universal Group Member Removed"," Member Name","Member ID","Target Account Name","Target Domain","Target Account ID","Caller User Name","Caller Domain","Caller Logon ID","Privileges"
"662","Security Enabled Universal Group Deleted"," Target Account Name","Target Domain","Target Account ID","Caller User Name","Caller Domain","Caller Logon ID","Privileges"
"663","Security Disabled Universal Group Created"," New Account Name","New Domain","New Account ID","Caller User Name","Caller Domain","Caller Logon ID","Privileges"
"664","Security Disabled Universal Group Changed"," Target Account Name","Target Domain","Target Account ID","Caller User Name","Caller Domain","Caller Logon ID","Privileges"
"665","Security Disabled Universal Group Member Added"," Member Name","Member ID","Target Account Name","Target Domain","Target Account ID","Caller User Name","Caller Domain","Caller Logon ID","Privileges"
"666","Security Disabled Universal Group Member Removed"," Member Name","Member ID","Target Account Name","Target Domain","Target Account ID","Caller User Name","Caller Domain","Caller Logon ID","Privileges"
"667","Security Disabled Universal Group Deleted"," Target Account Name","Target Domain","Target Account ID","Caller User Name","Caller Domain","Caller Logon ID","Privileges"
"668","Group Type Changed"," Target Account Name","Target Domain","Target Account ID","Caller User Name","Caller Domain","Caller Logon ID","Privileges"
"669","Add SID History"," Source Account Name","Source Account ID","Target Account Name","Target Domain","Target Account ID","Caller User Name","Caller Domain","Caller Logon ID","Privileges"
"670","Add SID History"," Source Account Name","Target Account Name","Target Domain","Target Account ID","Caller User Name","Caller Domain","Caller Logon ID","Privileges"
"671","User Account Unlocked","Target Account Name","Target Domain","Target Account ID","Caller User Name","Caller Domain","Caller Logon ID"
"672","Authentication Ticket Request"," User Name","Supplied Realm Name","User ID","Service Name","Service ID","Ticket Options","Result Code","Ticket Encryption Type","Pre-Authentication Type","Client Address","Certificate Issuer Name","Certificate Serial Number","Certificate Thumbprint"
"673","Service Ticket Request"," User Name","User Domain","Service Name","Service ID","Ticket Options","Ticket Encryption Type","Client Address","Failure Code","Logon GUID","Transited Services"
"674","Ticket Granted Renewed"," User Name","User Domain","Service Name","Service ID","Ticket Options","Ticket Encryption Type","Client Address"
"675","Pre-authentication failed"," User Name","User ID","Service Name","Pre-Authentication Type","Failure Code","Client Address"
"676","Authentication Ticket Request Failed"," User Name","Supplied Realm Name","Service Name","Ticket Options","Failure Code","Client Address"
"677","Service Ticket Request Failed"," Description"," User Name","Name","Service Name","Ticket Options","Failure Code","Client Address"
"678","Account Mapped for Logon"," Logon by","Client Name","Mapped Name"
"679","The name could not be mapped"," name","logon by"
"680","Account Logon"," Logon attempt by","Logon account","Source Workstation","Error Code"
"681","The logon failed"," Account","Logon by","Workstation","Error Code"
"682","Session reconnected to winstation","  User Name","Domain","Logon ID","Session Name","Client Name","Client Address"
"683","Session disconnected from winstation","  User Name","Domain","Logon ID","Session Name","Client Name","Client Address"
"684","Set ACLs of members in administrators groups","Target Account Name","Target Domain","Target Account ID","Caller User Name","Caller Domain","Caller Logon ID","Privileges"
"685","Account Name Changed","Old Account Name","New Account Name","Target Domain","Target Account ID","Caller User Name","Caller Domain","Caller Logon ID","Privileges"
"697","Password Policy Checking API is called","","Caller Username","Caller Domain","Caller Logon ID","Caller Workstation","Provided User Name (unauthenticated)","Status Code"
"698","An attempt to set the Directory Services Restore Mode administrator password has been made","Caller Username","Caller Domain","Caller Logon ID","Caller Workstation","Status Code"
"792","Certificate Services denied a certificate request","Request ID","Requester","Attributes","Disposition","SKI","Subject"
"806","Per User Audit Policy was Refreshed","Number of elements","Policy ID"
"808","A security event source has attempted to register","Primary User Name","Primary Domain","Primary Logon ID","Client User Name","Client Domain","Client Logon ID","Source Name","Process Id","Event Source Id"
"835","Success Audit","Destination DRA","Source DRA","Dest. Addr","Naming Context","Options","Status Code"
"836","Success Audit","Destination DRA","Source DRA","Naming Context","Options","Session ID","Start USN"
"837","Success Audit","Destination DRA","Source DRA","Dest. Addr","Naming Context","Options","Status Code"
"848","The following policy was active when the Windows Firewall started","Group Policy applied","Profile used","Interface","Operational mode","File and Printer Sharing","Remote Desktop","UPnP Framework","Allow remote administration","Allow unicast responses to multicast/broadcast traffic","Log dropped packets","Log successful connections","Allow incoming echo request","Allow incoming timestamp request","Allow incoming mask request","Allow incoming router request","Allow outgoing destination unreachable","Allow outgoing source quench","Allow outgoing parameter problem","Allow outgoing time exceeded","Allow redirect","Allow outgoing packet too big"
"849","An application was listed as an exception when the Windows Firewall started","Policy origin","Profile used","Name","Path","State","Scope"
"850","A port was listed as an exception when the Windows Firewall started","Policy origin","Profile used","Interface","Name","Port number","Protocol","State","Scope"
"852","A change has been made to the Windows Firewall port exception list"," Policy origin"," Profile changed"," Interface"," Change type"," New Settings"," Name"," Port number"," Protocol"," State"," Scope"," Old Settings"," Name"," Port number"," Protocol"," State"," Scope"
"853","The Windows Firewall operational mode has changed","Policy origin","Profile changed","Interface","Operation mode","Operation mode"
"860","The Windows Firewall has switched the active policy profile","Active profile"
"861","The Windows Firewall has detected an application listening for incoming traffic","Name","Path","Process identifier","User account","User domain","Service","RPC server","IP version","IP protocol","Port number","Allowed","User notified"
