"550","Message de notification susceptible d'indiquer une attaque de refus de service."
"551","Un utilisateur a initialisé le processus de déconnexion."
"548","Échec d'ouverture de session. L'ID de sécurité (SID) d'un domaine approuvé ne correspond pas au SID de domaine de compte du client."
"549","Échec d'ouverture de session. Tous les SID correspondant aux espaces de noms non approuvés ont été filtrés lors de l'authentification sur plusieurs forêts."
"546","L'établissement de l'association de sécurité IKE a échoué car l'homologue a envoyé une proposition non valide. Un paquet contenant des données non valides a été reçu."
"547","Un échec a eu lieu lors d'une négociation IKE."
"544","L'authentification de mode principal a échoué car l'homologue n'a pas fourni un certificat valide ou que la signature n'a pas été validée."
"545","L'authentification de mode principal a échoué en raison d'un échec Kerberos ou d'un mot de passe non valide."
"552","Un utilisateur a réussi à se connecter à un ordinateur en utilisant des informations d'identification explicites alors qu'il était déjà connecté comme un utilisateur différent."
"567","Une autorisation associée à un handle a été utilisée."
"805","Le service d'Enregistrement des événements lit la configuration du journal de sécurité pour une session."
"566","Une opération d'objet générique a eu lieu."
"565","L'accès a été accordé à un type d'objet existant déjà."
"564","Un objet protégé a été supprimé."
"800","Une ou plusieurs lignes ont été supprimées de la base de données du certificat."
"563","Une tentative d'ouverture d'un objet a eu lieu avec intention de le supprimer."
"801","Séparation des rôles activée."
"562","Un handle d'un objet a été fermé."
"560","L'accès a été accordé à un objet existant déjà."
"572","Le gestionnaire d'administrateurs a initialisé l'application."
"571","Le contexte client a été supprimé par l'application Gestionnaire d'autorisations."
"570","Un client a tenté d'accéder à un objet."
"569","Le gestionnaire de ressources du Gestionnaire d'autorisations a tenté de créer un contexte client."
"568","Une tentative de création d'une liaison fixe vers un fichier en cours d'audit a eu lieu."
"516","Les ressources internes allouées pour la mise en file d'attente des messages d'événements de sécurité ont été épuisées, entraînant une perte de certains messages d'événements de sécurité."
"791","Les services de certificats ont approuvé une requête de certificat et émis un certificat."
"517","Le journal d'audit a été effacé."
"790","Les services de certificats ont reçu une demande de certificat."
"518","Un package de notification a été chargé par le Gestionnaire des comptes de sécurité."
"789","Le filtre d'audit des services de certificats a été modifié."
"519","Un processus utilise un port d'appel de procédure locale non valide dans une tentative d'emprunt de l'identité d'un client et de réponse ou de lecture à partir d'un espace d'adresse client ou d'écriture vers un espace d'adresse client."
"788","Les services de certificat ont importé un certificat dans sa base de données."
"512","Windows est en cours de démarrage."
"787","Les services de certificats ont récupéré une clé archivée."
"513","Windows est en cours d'arrêt."
"786","Les autorisations de sécurité des services de certificats ont été modifiées."
"514","Un package d'authentification a été chargé par l'autorité de sécurité locale."
"785","Les services de certificats se sont arrêtés."
"515","Un processus d'ouverture de session approuvé s'est enregistré avec l'autorité de sécurité locale."
"784","Les services de certificats ont démarré."
"799","Les services de certificats ont publié le certificat d'Autorité de certification de Active Directory."
"798","Les services de certificats ont importé et archivé une clé."
"797","Les services de certificats ont archivé une clé."
"796","Une propriété des services de certificats a été modifiée."
"520","L'heure système a été modifiée."
"795","Une entrée de configuration a été modifiée dans les services de certificats."
"794","Les paramètres du gestionnaire de certificats des services de certificats ont été modifiés."
"793","Les services de certificats ont défini l'état d'une demande de certificat comme étant en attente."
"792","Les services de certificats ont refusé une demande de certificat."
"533","Échec d'ouverture de session. Une tentative de connexion a été effectuée par un utilisateur qui n'est pas autorisé à se connecter sur cet ordinateur."
"774","Les services de certificats ont révoqué un certificat."
"532","Échec d'ouverture de session. Une tentative de connexion a été effectuée à l'aide d'un compte expiré."
"775","Les services de certificats ont reçu une demande de publication de la liste de révocation des certificats (CRL)."
"535","Échec d'ouverture de session. Le mot de passe pour le compte spécifié a expiré."
"772","Le gestionnaire de certificats a refusé une demande de certificat en attente."
"534","Échec d'ouverture de session. L'utilisateur a essayé de se connecter avec un type non autorisé."
"773","Les services de certificats ont reçu une demande de certificat soumise à nouveau."
"770","Des informations concernant la forêt approuvée ont été supprimées."
"529","Échec d'ouverture de session. Une tentative de connexion a été effectuée avec un nom d'utilisateur inconnu ou avec un nom d'utilisateur connu avec un mot de passe incorrect."
"771","Des informations concernant la forêt approuvée ont été modifiées."
"528","Un utilisateur a réussi à se connecter à un ordinateur. Pour plus d'informations sur le type de connexion, voir le tableau Types de connexion ci-dessous."
"768","Une collision a été détectée entre un élément de l'espace nom dans une forêt et un élément de l'espace nom dans une autre forêt."
"531","Échec d'ouverture de session. Une tentative de connexion a été effectuée à l'aide d'un compte désactivé."
"769","Des informations concernant la forêt approuvée ont été ajoutées."
"530","Échec d'ouverture de session. Une tentative de connexion a été effectuée mais le compte d'utilisateur a essayé de se connecter en dehors de la période autorisée."
"782","La restauration des services de certificats a démarré."
"541","L'authentification IKE (Internet Key Exchange) de mode principal est terminée entre l'ordinateur local et l'identité de l'homologue répertoriée (établissant une association de sécurité) ou le mode rapide a établi un canal de données."
"783","La restauration des services de certificats est terminée."
"540","Un utilisateur a réussi à se connecter à un réseau."
"780","La sauvegarde des services de certificats a démarré."
"543","Le mode principal a été fermé."
"781","La sauvegarde des services de certificats est terminée."
"542","Un canal de données a été fermé."
"537","Échec d'ouverture de session. La tentative de connexion a échoué pour d'autres raisons."
"778","Un ou plusieurs attributs de demande de certificat ont été modifiés."
"779","Les services de certificats ont reçu une demande d'arrêt."
"536","Échec d'ouverture de session. Le service Accès réseau n'est pas actif."
"539","Échec d'ouverture de session. Le compte a été verrouillé au moment de la tentative de connexion."
"776","Les services de certificats ont publié la liste de révocation des certificats (CRL)."
"538","Le processus de déconnexion est terminé pour un utilisateur."
"777","Une extension de demande de certificat a été faite."
"610","Une relation d'approbation avec un autre domaine a été créée."
"611","Une relation d'approbation avec un autre domaine a été supprimée."
"608","Un droit d'utilisateur a été attribué."
"609","Un droit d'utilisateur a été supprimé."
"614","Un agent de stratégie IPSec a été désactivé."
"615","Un agent de stratégie IPSec a été modifié."
"612","Une stratégie d'audit a été modifiée."
"613","L'agent de stratégie de la sécurité du protocole Internet (IPSec) a démarré."
"618","La stratégie de récupération de données cryptées a été modifiée."
"616","Un agent de stratégie IPSec a subi un échec potentiellement grave."
"617","Une stratégie Kerberos a été modifiée."
"622","L'accès au système a été supprimé d'un compte."
"623","La stratégie d'audit par utilisateur a été définie pour un utilisateur."
"620","Une relation d'approbation avec un autre domaine a été modifiée."
"621","L'accès au système a été accordé à un compte."
"627","Un mot de passe d'utilisateur a été modifié."
"625","La stratégie d'audit par utilisateur a été actualisée."
"624","Un compte d'utilisateur a été créé."
"631","Un groupe global a été créé."
"630","Un compte d'utilisateur a été supprimé."
"628","Un mot de passe d'utilisateur a été défini."
"635","Un nouveau groupe local a été créé."
"634","Un groupe global a été supprimé."
"633","Un membre a été supprimé du groupe global."
"632","Un membre a été ajouté au groupe global."
"639","Un compte de groupe local a été modifié."
"638","Un groupe local a été supprimé."
"637","Un membre a été supprimé du groupe local."
"636","Un membre a été ajouté au groupe local."
"576","Des privilèges spécifiés ont été ajoutés au jeton d'accès d'un utilisateur."
"577","Un utilisateur a essayé d'exécuter une opération de service système privilégié."
"578","Des privilèges ont été utilisés sur un descripteur déjà ouvert d'un objet protégé."
"593","Un processus s'est fermé."
"592","Un nouveau processus a été créé."
"595","L'accès indirect à un objet a été obtenu."
"594","Un descripteur d'un objet a été dupliqué."
"597","Une clé principale de protection de données a été récupérée à partir d'un serveur de récupération."
"596","Une clé principale de protection de données a été sauvegardée."
"599","Les données sous audit ont été non protégées."
"598","Les données sous audit ont été protégées."
"601","Un utilisateur a essayé d'installer un service."
"600","Un processus a été attribué à un jeton principal."
"602","Un travail du planificateur a été créé."
"685","Le nom d'un compte a été modifié."
"684","Définissez le descripteur de sécurité des membres des groupes administratifs."
"683","Un utilisateur s'est déconnecté d'une session du serveur Terminal Server sans fermer la session."
"682","Un utilisateur s'est reconnecté à une session déconnectée du serveur Terminal Server."
"681","Échec d'ouverture de session. Une ouverture de session d'un compte d'un domaine a été tentée. Cet événement n'est généré ni dans Windows XP ni dans un produit de la famille Windows Server 2003."
"678","Un compte a été mappé avec succès sur un compte de domaine."
"677","Un ticket TGS n'a pas été accordé. Cet événement n'est généré ni dans Windows XP ni dans un produit de la famille Windows Server 2003."
"676","La demande de ticket d'authentification a échoué. Cet événement n'est généré ni dans Windows XP ni dans un produit de la famille Windows Server 2003."
"675","La préauthentification a échoué. Cet événement est généré sur un centre de distribution de clés (KDC) lorsqu'un utilisateur tape un mot de passe incorrect."
"674","Un principal de sécurité a renouvelé un ticket AS ou TGS."
"673","Un ticket TGS a été accordé."
"672","Un ticket de service d'authentification (AS) a été délivré et validé avec succès."
"653","Un groupe global avec sécurité désactivée a été créé."
"652","Un groupe local avec sécurité désactivée a été supprimé."
"655","Un membre a été ajouté à un groupe global avec sécurité désactivée."
"654","Un groupe global avec sécurité désactivée a été modifié."
"649","Un groupe de sécurité local avec sécurité désactivée a été modifié."
"648","Un groupe de sécurité local avec sécurité désactivée a été créé."
"651","Un membre a été supprimé d'un groupe de sécurité local avec sécurité désactivée."
"650","Un membre a été ajouté à un groupe de sécurité local avec sécurité désactivée."
"645","Un compte d'ordinateur a été créé."
"644","Un compte d'utilisateur a été auto verrouillé."
"647","Un compte d'ordinateur a été supprimé."
"646","Un compte d'ordinateur a été modifié."
"641","Un compte de groupe global a été modifié."
"643","Une stratégie de domaine a été modifiée."
"642","Un compte d'utilisateur a été modifié."
"668","Un type de groupe a été modifié."
"664","Un groupe universel avec sécurité désactivée a été modifié."
"665","Un membre a été ajouté à un groupe universel avec sécurité désactivée."
"666","Un membre a été supprimé d'un groupe universel avec sécurité désactivée."
"667","Un groupe universel avec sécurité désactivée a été supprimé."
"660","Un membre a été ajouté à un groupe universel avec sécurité activée."
"661","Un membre a été supprimé à un groupe universel avec sécurité activée."
"662","Un groupe universel avec sécurité activée a été supprimé."
"663","Un groupe universel avec sécurité désactivée a été créé."
"656","Un membre a été supprimé d'un groupe global avec sécurité désactivée."
"657","Un groupe global avec sécurité désactivée a été supprimé."
"658","Un groupe universel avec sécurité activée a été créé."
"659","Un groupe universel avec sécurité activée a été modifié."
