#Attention! This file is only loaded by WUC if the Windows Event Forwarding support is enabled
# Otherwise a user is still free to create their own override map file,
#  but these default mappings won't be used.
#
#Event_Log_Type,   Event_Log_Source_Pattern,            Default_Event_Log_Source,  Default_Event_Log_Type
HardwareEvents,    Security.*,                                     ,               Security
HardwareEvents,    Microsoft-Windows-Security.*,                   ,               Security
