0x00000000,The operation completed successfully.
0xC0000001,A device attached to the system is not functioning.
0xC0000002,Incorrect function.
0xC0000003,The parameter is incorrect.
0xC0000004,The program issued a command but the command length is incorrect.
0xC0000005,Invalid access to memory location.
0xC0000006,Error performing inpage operation.
0xC0000007,Insufficient quota to complete the requested service.
0xC0000008,The handle is invalid.
0xC0000009,"Recursion too deep, stack overflowed."
0xC000000a,Not a valid Windows NT application.
0xC000000b,The parameter is incorrect.
0xC000000c,NT_STATUS_TIMER_NOT_CANCELED
0xC000000d,The parameter is incorrect.
0xC000000e,The system cannot find the file specified.
0xC000000f,The system cannot find the file specified.
0xC0000010,Incorrect function.
0xC0000011,Reached end of file.
0xC0000012,The wrong diskette is in the drive. Insert %2 (Volume Serial Number: %3) into drive %1.
0xC0000013,The device is not ready.
0xC0000014,The disk media is not recognized. It may not be formatted.
0xC0000015,The drive cannot find the sector requested.
0xC0000016,More data is available.
0xC0000017,Not enough storage is available to process this command.
0xC0000018,Attempt to access invalid address.
0xC0000019,Attempt to access invalid address.
0xC000001a,The parameter is incorrect.
0xC000001b,The parameter is incorrect.
0xC000001c,Incorrect function.
0xC000001d,NT_STATUS_ILLEGAL_INSTRUCTION
0xC000001e,Access is denied.
0xC000001f,Access is denied.
0xC0000020,Not a valid Windows NT application.
0xC0000021,Access is denied.
0xC0000022,Access is denied.
0xC0000023,The data area passed to a system call is too small.
0xC0000024,The handle is invalid.
0xC0000025,NT_STATUS_NONCONTINUABLE_EXCEPTION
0xC0000026,NT_STATUS_INVALID_DISPOSITION
0xC0000027,NT_STATUS_UNWIND
0xC0000028,NT_STATUS_BAD_STACK
0xC0000029,NT_STATUS_INVALID_UNWIND_TARGET
0xC000002a,The segment is already unlocked.
0xC000002b,NT_STATUS_PARITY_ERROR
0xC000002c,Attempt to access invalid address.
0xC000002d,Attempt to access invalid address.
0xC000002e,NT_STATUS_INVALID_PORT_ATTRIBUTES
0xC000002f,NT_STATUS_PORT_MESSAGE_TOO_LONG
0xC0000030,The parameter is incorrect.
0xC0000031,NT_STATUS_INVALID_QUOTA_LOWER
0xC0000032,The disk structure is corrupt and non-readable.
0xC0000033,"The filename, directory name, or volume label syntax is incorrect."
0xC0000034,The system cannot find the file specified.
0xC0000035,Cannot create a file when that file already exists.
0xC0000036,NT_STATUS_HANDLE_NOT_WAITABLE
0xC0000037,The handle is invalid.
0xC0000038,NT_STATUS_DEVICE_ALREADY_ATTACHED
0xC0000039,The specified path is invalid.
0xC000003a,The system cannot find the path specified.
0xC000003b,The specified path is invalid.
0xC000003c,The request could not be performed because of an I/O device error.
0xC000003d,The request could not be performed because of an I/O device error.
0xC000003e,Data error (cyclic redundancy check)
0xC000003f,Data error (cyclic redundancy check)
0xC0000040,Not enough storage is available to process this command.
0xC0000041,Access is denied.
0xC0000042,The handle is invalid.
0xC0000043,The process cannot access the file because it is being used by another process.
0xC0000044,Not enough quota is available to process this command.
0xC0000045,The parameter is incorrect.
0xC0000046,Attempt to release mutex not owned by caller.
0xC0000047,Too many posts were made to a semaphore.
0xC0000048,The parameter is incorrect.
0xC0000049,The parameter is incorrect.
0xC000004a,The recipient process has refused the signal.
0xC000004b,Access is denied.
0xC000004c,The parameter is incorrect.
0xC000004d,The parameter is incorrect.
0xC000004e,The parameter is incorrect.
0xC000004f,NT_STATUS_EAS_NOT_SUPPORTED
0xC0000050,The extended attributes are inconsistent.
0xC0000051,The file or directory is corrupt and non-readable.
0xC0000052,The file or directory is corrupt and non-readable.
0xC0000053,The file or directory is corrupt and non-readable.
0xC0000054,The process cannot access the file because another process has locked a portion of the file.
0xC0000055,The process cannot access the file because another process has locked a portion of the file.
0xC0000056,Access is denied.
0xC0000057,The network request is not supported.
0xC0000058,The revision level is unknown.
0xC0000059,Indicates two revision levels are incompatible.
0xC000005a,This security ID may not be assigned as the owner of this object.
0xC000005b,This security ID may not be assigned as the primary group of an object.
0xC000005c,An attempt has been made to operate on an impersonation token by a thread that is not currently impersonating a client.
0xC000005d,The group may not be disabled.
0xC000005e,There are currently no logon servers available to service the logon request.
0xC000005f,A specified logon session does not exist. It may already have been terminated.
0xC0000060,A specified privilege does not exist.
0xC0000061,A required privilege is not held by the client.
0xC0000062,The name provided is not a properly formed account name.
0xC0000063,The specified user already exists.
0xC0000064,The specified user does not exist.
0xC0000065,The specified group already exists.
0xC0000066,The specified group does not exist.
0xC0000067,"Either the specified user account is already a member of the specified group, or the specified group cannot be deleted because it contains a member."
0xC0000068,The specified user account is not a member of the specified group account.
0xC0000069,The last remaining administration account cannot be disabled or deleted.
0xC000006a,The specified network password is not correct.
0xC000006b,Unable to update the password. The value provided for the new password contains values that are not allowed in passwords.
0xC000006c,Unable to update the password because a password update rule has been violated.
0xC000006d,Logon failure: unknown user name or bad password.
0xC000006e,Logon failure: user account restriction.
0xC000006f,Logon failure: account logon time restriction violation.
0xC0000070,Logon failure: user not allowed to log on to this computer.
0xC0000071,Logon failure: the specified account password has expired.
0xC0000072,Logon failure: account currently disabled.
0xC0000073,No mapping between account names and security IDs was done.
0xC0000074,Too many local user identifiers (LUIDs) were requested at one time.
0xC0000075,No more local user identifiers (LUIDs) are available.
0xC0000076,The subauthority part of a security ID is invalid for this particular use.
0xC0000077,The access control list (ACL) structure is invalid.
0xC0000078,The security ID structure is invalid.
0xC0000079,The security descriptor structure is invalid.
0xC000007a,The specified procedure could not be found.
0xC000007b,%1 is not a valid Windows NT application.
0xC000007c,An attempt was made to reference a token that does not exist.
0xC000007d,The inherited access control list (ACL) or access control entry (ACE) could not be built.
0xC000007e,The segment is already unlocked.
0xC000007f,There is not enough space on the disk.
0xC0000080,The server is currently disabled.
0xC0000081,The server is currently enabled.
0xC0000082,The name limit for the local computer network adapter card was exceeded.
0xC0000083,No more data is available.
0xC0000084,The value provided was an invalid value for an identifier authority.
0xC0000085,No more data is available.
0xC0000086,The volume label you entered exceeds the label character limit of the target file system.
0xC0000087,Not enough storage is available to complete this operation.
0xC0000088,Attempt to access invalid address.
0xC0000089,The specified image file did not contain a resource section.
0xC000008a,The specified resource type can not be found in the image file.
0xC000008b,The specified resource name can not be found in the image file.
0xC000008c,NT_STATUS_ARRAY_BOUNDS_EXCEEDED
0xC000008d,NT_STATUS_FLOAT_DENORMAL_OPERAND
0xC000008e,NT_STATUS_FLOAT_DIVIDE_BY_ZERO
0xC000008f,NT_STATUS_FLOAT_INEXACT_RESULT
0xC0000090,NT_STATUS_FLOAT_INVALID_OPERATION
0xC0000091,NT_STATUS_FLOAT_OVERFLOW
0xC0000092,NT_STATUS_FLOAT_STACK_CHECK
0xC0000093,NT_STATUS_FLOAT_UNDERFLOW
0xC0000094,NT_STATUS_INTEGER_DIVIDE_BY_ZERO
0xC0000095,Arithmetic result exceeded 32 bits.
0xC0000096,NT_STATUS_PRIVILEGED_INSTRUCTION
0xC0000097,Not enough storage is available to process this command.
0xC0000098,The volume for a file has been externally altered such that the opened file is no longer valid.
0xC0000099,No more memory is available for security information updates.
0xC000009a,Insufficient system resources exist to complete the requested service.
0xC000009b,The system cannot find the path specified.
0xC000009c,Data error (cyclic redundancy check)
0xC000009d,The device is not ready.
0xC000009e,The device is not ready.
0xC000009f,Attempt to access invalid address.
0xC00000a0,Attempt to access invalid address.
0xC00000a1,Insufficient quota to complete the requested service.
0xC00000a2,The media is write protected.
0xC00000a3,The device is not ready.
0xC00000a4,"The specified attributes are invalid, or incompatible with the attributes for the group as a whole."
0xC00000a5,"Either a required impersonation level was not provided, or the provided impersonation level is invalid."
0xC00000a6,Cannot open an anonymous level security token.
0xC00000a7,The validation information class requested was invalid.
0xC00000a8,The type of the token is inappropriate for its attempted use.
0xC00000a9,NT_STATUS_BAD_MASTER_BOOT_RECORD
0xC00000aa,NT_STATUS_INSTRUCTION_MISALIGNMENT
0xC00000ab,All pipe instances are busy.
0xC00000ac,All pipe instances are busy.
0xC00000ad,The pipe state is invalid.
0xC00000ae,All pipe instances are busy.
0xC00000af,Incorrect function.
0xC00000b0,No process is on the other end of the pipe.
0xC00000b1,The pipe is being closed.
0xC00000b2,There is a process on other end of the pipe.
0xC00000b3,Waiting for a process to open the other end of the pipe.
0xC00000b4,The pipe state is invalid.
0xC00000b5,The semaphore timeout period has expired.
0xC00000b6,Reached end of file.
0xC00000b7,NT_STATUS_PROFILING_NOT_STARTED
0xC00000b8,NT_STATUS_PROFILING_NOT_STOPPED
0xC00000b9,NT_STATUS_COULD_NOT_INTERPRET
0xC00000ba,Access is denied.
0xC00000bb,The network request is not supported.
0xC00000bc,The remote computer is not available.
0xC00000bd,A duplicate name exists on the network.
0xC00000be,The network path was not found.
0xC00000bf,The network is busy.
0xC00000c0,The specified network resource or device is no longer available.
0xC00000c1,The network BIOS command limit has been reached.
0xC00000c2,A network adapter hardware error occurred.
0xC00000c3,The specified server cannot perform the requested operation.
0xC00000c4,An unexpected network error occurred.
0xC00000c5,The remote adapter is not compatible.
0xC00000c6,The printer queue is full.
0xC00000c7,Space to store the file waiting to be printed is not available on the server.
0xC00000c8,Your file waiting to be printed was deleted.
0xC00000c9,The specified network name is no longer available.
0xC00000ca,Network access is denied.
0xC00000cb,The network resource type is not correct.
0xC00000cc,The network name cannot be found.
0xC00000cd,The name limit for the local computer network adapter card was exceeded.
0xC00000ce,The network BIOS session limit was exceeded.
0xC00000cf,The remote server has been paused or is in the process of being started.
0xC00000d0,No more connections can be made to this remote computer at this time because there are already as many connections as the computer can accept.
0xC00000d1,The specified printer or disk device has been paused.
0xC00000d2,A write fault occurred on the network.
0xC00000d3,NT_STATUS_PROFILING_AT_LIMIT
0xC00000d4,The system cannot move the file to a different disk drive.
0xC00000d5,NT_STATUS_FILE_RENAMED
0xC00000d6,The session was cancelled.
0xC00000d7,Unable to perform a security operation on an object which has no associated security.
0xC00000d8,NT_STATUS_CANT_WAIT
0xC00000d9,The pipe is being closed.
0xC00000da,Indicates a Windows NT Server could not be contacted or that objects within the domain are protected such that necessary information could not be retrieved.
0xC00000db,NT_STATUS_CANT_TERMINATE_SELF
0xC00000dc,The security account manager (SAM) or local security authority (LSA) server was in the wrong state to perform the security operation.
0xC00000dd,The domain was in the wrong state to perform the security operation.
0xC00000de,This operation is only allowed for the Primary Domain Controller of the domain.
0xC00000df,The specified domain did not exist.
0xC00000e0,The specified domain already exists.
0xC00000e1,An attempt was made to exceed the limit on the number of domains per server.
0xC00000e2,NT_STATUS_OPLOCK_NOT_GRANTED
0xC00000e3,NT_STATUS_INVALID_OPLOCK_PROTOCOL
0xC00000e4,Unable to complete the requested operation because of either a catastrophic media failure or a data structure corruption on the disk.
0xC00000e5,The security account database contains an internal inconsistency.
0xC00000e6,Generic access types were contained in an access mask which should already be mapped to non-generic types.
0xC00000e7,A security descriptor is not in the right format (absolute or self-relative).
0xC00000e8,The supplied user buffer is not valid for the requested operation.
0xC00000e9,NT_STATUS_UNEXPECTED_IO_ERROR
0xC00000ea,NT_STATUS_UNEXPECTED_MM_CREATE_ERR
0xC00000eb,NT_STATUS_UNEXPECTED_MM_MAP_ERROR
0xC00000ec,NT_STATUS_UNEXPECTED_MM_EXTEND_ERR
0xC00000ed,The requested action is restricted for use by logon processes only. The calling process has not registered as a logon process.
0xC00000ee,Cannot start a new logon session with an ID that is already in use.
0xC00000ef,The parameter is incorrect.
0xC00000f0,The parameter is incorrect.
0xC00000f1,The parameter is incorrect.
0xC00000f2,The parameter is incorrect.
0xC00000f3,The parameter is incorrect.
0xC00000f4,The parameter is incorrect.
0xC00000f5,The parameter is incorrect.
0xC00000f6,The parameter is incorrect.
0xC00000f7,The parameter is incorrect.
0xC00000f8,The parameter is incorrect.
0xC00000f9,The parameter is incorrect.
0xC00000fa,The parameter is incorrect.
0xC00000fb,The system cannot find the path specified.
0xC00000fc,NT_STATUS_REDIRECTOR_STARTED
0xC00000fd,"Recursion too deep, stack overflowed."
0xC00000fe,A specified authentication package is unknown.
0xC00000ff,NT_STATUS_BAD_FUNCTION_TABLE
0xC0000101,The directory is not empty.
0xC0000102,The file or directory is corrupt and non-readable.
0xC0000103,The directory name is invalid.
0xC0000104,The logon session is not in a state that is consistent with the requested operation.
0xC0000105,The logon session ID is already in use.
0xC0000106,The filename or extension is too long.
0xC0000107,NT_STATUS_FILES_OPEN
0xC0000108,The device is being accessed by an active process.
0xC0000109,NT_STATUS_MESSAGE_NOT_FOUND
0xC000010a,Access is denied.
0xC000010b,A logon request contained an invalid logon type value.
0xC000010c,NT_STATUS_NO_GUID_TRANSLATION
0xC000010d,Unable to impersonate via a named pipe until data has been read from that pipe.
0xC000010e,An instance of the service is already running.
0xC000010f,NT_STATUS_ABIOS_NOT_PRESENT
0xC0000110,NT_STATUS_ABIOS_LID_NOT_EXIST
0xC0000111,NT_STATUS_ABIOS_LID_ALREADY_OWNED
0xC0000112,NT_STATUS_ABIOS_NOT_LID_OWNER
0xC0000113,NT_STATUS_ABIOS_INVALID_COMMAND
0xC0000114,NT_STATUS_ABIOS_INVALID_LID
0xC0000115,NT_STATUS_ABIOS_SELECTOR_NOT_AVAILABLE
0xC0000116,NT_STATUS_ABIOS_INVALID_SELECTOR
0xC0000117,NT_STATUS_NO_LDT
0xC0000118,NT_STATUS_INVALID_LDT_SIZE
0xC0000119,NT_STATUS_INVALID_LDT_OFFSET
0xC000011a,NT_STATUS_INVALID_LDT_DESCRIPTOR
0xC000011b,%1 is not a valid Windows NT application.
0xC000011c,The transaction state of a Registry subtree is incompatible with the requested operation.
0xC000011d,An internal security database corruption has been encountered.
0xC000011e,The volume for a file has been externally altered such that the opened file is no longer valid.
0xC000011f,The system cannot open the file.
0xC0000120,The I/O operation has been aborted because of either a thread exit or an application request.
0xC0000121,Access is denied.
0xC0000122,The format of the specified computer name is invalid.
0xC0000123,Access is denied.
0xC0000124,Cannot perform this operation on built-in accounts.
0xC0000125,Cannot perform this operation on this built-in special group.
0xC0000126,Cannot perform this operation on this built-in special user.
0xC0000127,The user cannot be removed from a group because the group is currently the user's primary group.
0xC0000128,The handle is invalid.
0xC0000129,NT_STATUS_TOO_MANY_THREADS
0xC000012a,NT_STATUS_THREAD_NOT_IN_PROCESS
0xC000012b,The token is already in use as a primary token.
0xC000012c,NT_STATUS_PAGEFILE_QUOTA_EXCEEDED
0xC000012d,The paging file is too small for this operation to complete.
0xC000012e,%1 is not a valid Windows NT application.
0xC000012f,%1 is not a valid Windows NT application.
0xC0000130,%1 is not a valid Windows NT application.
0xC0000131,%1 is not a valid Windows NT application.
0xC0000132,NT_STATUS_LOGON_SERVER_CONFLICT
0xC0000133,NT_STATUS_TIME_DIFFERENCE_AT_DC
0xC0000134,NT_STATUS_SYNCHRONIZATION_REQUIRED
0xC0000135,The specified module could not be found.
0xC0000136,NT_STATUS_OPEN_FAILED
0xC0000137,NT_STATUS_IO_PRIVILEGE_FAILED
0xC0000138,The operating system cannot run %1.
0xC0000139,The specified procedure could not be found.
0xC000013a,NT_STATUS_CONTROL_C_EXIT
0xC000013b,The specified network name is no longer available.
0xC000013c,The specified network name is no longer available.
0xC000013d,The remote computer is not available.
0xC000013e,An unexpected network error occurred.
0xC000013f,An unexpected network error occurred.
0xC0000140,An unexpected network error occurred.
0xC0000141,An unexpected network error occurred.
0xC0000142,A dynamic link library (DLL) initialization routine failed.
0xC0000143,NT_STATUS_MISSING_SYSTEMFILE
0xC0000144,NT_STATUS_UNHANDLED_EXCEPTION
0xC0000145,NT_STATUS_APP_INIT_FAILURE
0xC0000146,NT_STATUS_PAGEFILE_CREATE_FAILED
0xC0000147,NT_STATUS_NO_PAGEFILE
0xC0000148,The system call level is not correct.
0xC0000149,The specified network password is not correct.
0xC000014a,NT_STATUS_ILLEGAL_FLOAT_CONTEXT
0xC000014b,The pipe has been ended.
0xC000014c,The configuration registry database is corrupt.
0xC000014d,"An I/O operation initiated by the Registry failed unrecoverably. The Registry could not read in, or write out, or flush, one of the files that contain the system's image of the Registry."
0xC000014e,NT_STATUS_NO_EVENT_PAIR
0xC000014f,The volume does not contain a recognized file system. Please make sure that all required file system drivers are loaded and that the volume is not corrupt.
0xC0000150,No serial device was successfully initialized. The serial driver will unload.
0xC0000151,The specified local group does not exist.
0xC0000152,The specified account name is not a member of the local group.
0xC0000153,The specified account name is already a member of the local group.
0xC0000154,The specified local group already exists.
0xC0000155,Logon failure: the user has not been granted the requested logon type at this computer.
0xC0000156,The maximum number of secrets that may be stored in a single system has been exceeded.
0xC0000157,The length of a secret exceeds the maximum length allowed.
0xC0000158,The local security authority database contains an internal inconsistency.
0xC0000159,The requested operation cannot be performed in full-screen mode.
0xC000015a,"During a logon attempt, the user's security context accumulated too many security IDs."
0xC000015b,Logon failure: the user has not been granted the requested logon type at this computer.
0xC000015c,"The system has attempted to load or restore a file into the Registry, but the specified file is not in a Registry file format."
0xC000015d,A cross-encrypted password is necessary to change a user password.
0xC000015e,NT_STATUS_DOMAIN_CTRLR_CONFIG_ERROR
0xC000015f,The request could not be performed because of an I/O device error.
0xC0000160,NT_STATUS_ILL_FORMED_SERVICE_ENTRY
0xC0000161,NT_STATUS_ILLEGAL_CHARACTER
0xC0000162,No mapping for the Unicode character exists in the target multi-byte code page.
0xC0000163,NT_STATUS_UNDEFINED_CHARACTER
0xC0000164,NT_STATUS_FLOPPY_VOLUME
0xC0000165,No ID address mark was found on the floppy disk.
0xC0000166,Mismatch between the floppy disk sector ID field and the floppy disk controller track address.
0xC0000167,The floppy disk controller reported an error that is not recognized by the floppy disk driver.
0xC0000168,The floppy disk controller returned inconsistent results in its registers.
0xC0000169,"While accessing the hard disk, a recalibrate operation failed, even after retries."
0xC000016a,"While accessing the hard disk, a disk operation failed even after retries."
0xC000016b,"While accessing the hard disk, a disk controller reset was needed, but even that failed."
0xC000016c,Unable to open a device that was sharing an interrupt request (IRQ) with other devices. At least one other device that uses that IRQ was already opened.
0xC000016d,The request could not be performed because of an I/O device error.
0xC0000172,Tape could not be partitioned.
0xC0000173,"When accessing a new tape of a multivolume partition, the current blocksize is incorrect."
0xC0000174,Tape partition information could not be found when loading a tape.
0xC0000175,Unable to lock the media eject mechanism.
0xC0000176,Unable to unload the media.
0xC0000177,Physical end of tape encountered.
0xC0000178,No media in drive.
0xC000017a,A new member could not be added to a local group because the member does not exist.
0xC000017b,A new member could not be added to a local group because the member has the wrong account type.
0xC000017c,Illegal operation attempted on a Registry key which has been marked for deletion.
0xC000017d,System could not allocate the required space in a Registry log.
0xC000017e,Too many security IDs have been specified.
0xC000017f,A cross-encrypted password is necessary to change this user password.
0xC0000180,Cannot create a symbolic link in a Registry key that already has subkeys or values.
0xC0000181,Cannot create a stable subkey under a volatile parent key.
0xC0000182,The parameter is incorrect.
0xC0000183,The request could not be performed because of an I/O device error.
0xC0000184,The device does not recognize the command.
0xC0000185,The request could not be performed because of an I/O device error.
0xC0000186,The request could not be performed because of an I/O device error.
0xC0000187,NT_STATUS_BACKUP_CONTROLLER
0xC0000188,The event log file is full.
0xC0000189,The media is write protected.
0xC000018a,The workstation does not have a trust secret.
0xC000018b,The SAM database on the Windows NT Server does not have a computer account for this workstation trust relationship.
0xC000018c,The trust relationship between the primary domain and the trusted domain failed.
0xC000018d,The trust relationship between this workstation and the primary domain failed.
0xC000018e,The event log file is corrupt.
0xC000018f,"No event log file could be opened, so the event logging service did not start."
0xC0000190,The network logon failed.
0xC0000191,NT_STATUS_MUTANT_LIMIT_EXCEEDED
0xC0000192,"An attempt was made to logon, but the network logon service was not started."
0xC0000193,The user's account has expired.
0xC0000194,A potential deadlock condition has been detected.
0xC0000195,The credentials supplied conflict with an existing set of credentials.
0xC0000196,"An attempt was made to establish a session to a network server, but there are already too many sessions established to that server."
0xC0000197,The event log file has changed between reads.
0xC0000198,The account used is an interdomain trust account. Use your global user account or local user account to access this server.
0xC0000199,The account used is a Computer Account. Use your global user account or local user account to access this server.
0xC000019a,The account used is an server trust account. Use your global user account or local user account to access this server.
0xC000019b,The name or security ID (SID) of the domain specified is inconsistent with the trust information for that domain.
0xC000019c,NT_STATUS_FS_DRIVER_REQUIRED
0xC0000202,There is no user session key for the specified logon session.
0xC0000203,An unexpected network error occurred.
0xC0000204,The specified resource language ID cannot be found in the image file.
0xC0000205,Not enough server storage is available to process this command.
0xC0000206,The supplied user buffer is not valid for the requested operation.
0xC0000207,The format of the specified network name is invalid.
0xC0000208,The format of the specified network name is invalid.
0xC0000209,The name limit for the local computer network adapter card was exceeded.
0xC000020a,A duplicate name exists on the network.
0xC000020b,The specified network name is no longer available.
0xC000020c,The specified network name is no longer available.
0xC000020d,The specified network name is no longer available.
0xC000020e,The name limit for the local computer network adapter card was exceeded.
0xC000020f,An unexpected network error occurred.
0xC0000210,An unexpected network error occurred.
0xC0000211,An unexpected network error occurred.
0xC0000212,An unexpected network error occurred.
0xC0000213,An unexpected network error occurred.
0xC0000214,An unexpected network error occurred.
0xC0000215,An unexpected network error occurred.
0xC0000216,The network request is not supported.
0xC0000217,The network request is not supported.
0xC0000218,NT_STATUS_CANNOT_LOAD_REGISTRY_FILE
0xC0000219,NT_STATUS_DEBUG_ATTACH_FAILED
0xC000021a,NT_STATUS_SYSTEM_PROCESS_TERMINATED
0xC000021b,NT_STATUS_DATA_NOT_ACCEPTED
0xC000021c,The list of servers for this workgroup is not currently available
0xC000021d,NT_STATUS_VDM_HARD_ERROR
0xC000021e,NT_STATUS_DRIVER_CANCEL_TIMEOUT
0xC000021f,NT_STATUS_REPLY_MESSAGE_MISMATCH
0xC0000220,The base address or the file offset specified does not have the proper alignment.
0xC0000221,%1 is not a valid Windows NT application.
0xC0000222,NT_STATUS_LOST_WRITEBEHIND_DATA
0xC0000223,NT_STATUS_CLIENT_SERVER_PARAMETERS_INVALID
0xC0000224,The user must change his password before he logs on the first time.
0xC0000225,NT_STATUS_NOT_FOUND
0xC0000226,NT_STATUS_NOT_TINY_STREAM
0xC0000227,NT_STATUS_RECOVERY_FAILURE
0xC0000228,NT_STATUS_STACK_OVERFLOW_READ
0xC0000229,NT_STATUS_FAIL_CHECK
0xC000022a,NT_STATUS_DUPLICATE_OBJECTID
0xC000022b,NT_STATUS_OBJECTID_EXISTS
0xC000022c,NT_STATUS_CONVERT_TO_LARGE
0xC000022d,NT_STATUS_RETRY
0xC000022e,NT_STATUS_FOUND_OUT_OF_SCOPE
0xC000022f,NT_STATUS_ALLOCATE_BUCKET
0xC0000230,NT_STATUS_PROPSET_NOT_FOUND
0xC0000231,NT_STATUS_MARSHALL_OVERFLOW
0xC0000232,NT_STATUS_INVALID_VARIANT
0xC0000233,Could not find the domain controller for this domain.
0xC0000234,The referenced account is currently locked out and may not be logged on to.
0xC0000235,The handle is invalid.
0xC0000236,The remote system refused the network connection.
0xC0000237,The network connection was gracefully closed.
0xC0000238,The network transport endpoint already has an address associated with it.
0xC0000239,An address has not yet been associated with the network endpoint.
0xC000023a,An operation was attempted on a non-existent network connection.
0xC000023b,An invalid operation was attempted on an active network connection.
0xC000023c,The remote network is not reachable by the transport.
0xC000023d,The remote system is not reachable by the transport.
0xC000023e,The remote system does not support the transport protocol.
0xC000023f,No service is operating at the destination network endpoint on the remote system.
0xC0000240,The request was aborted.
0xC0000241,The network connection was aborted by the local system.
0xC0000242,NT_STATUS_BAD_COMPRESSION_BUFFER
0xC0000243,The requested operation cannot be performed on a file with a user mapped section open.
0xC0000244,NT_STATUS_AUDIT_FAILED
0xC0000245,NT_STATUS_TIMER_RESOLUTION_NOT_SET
0xC0000246,A connection to the server could not be made because the limit on the number of concurrent connections for this account has been reached.
0xC0000247,Attempting to login during an unauthorized time of day for this account.
0xC0000248,The account is not authorized to login from this station.
0xC0000249,%1 is not a valid Windows NT application.
0xC0000250,NT_STATUS_INSUFFICIENT_LOGON_INFO
0xC0000251,NT_STATUS_BAD_DLL_ENTRYPOINT
0xC0000252,NT_STATUS_BAD_SERVICE_ENTRYPOINT
0xC0000253,The security account database contains an internal inconsistency.
0xC0000254,NT_STATUS_IP_ADDRESS_CONFLICT1
0xC0000255,NT_STATUS_IP_ADDRESS_CONFLICT2
0xC0000256,NT_STATUS_REGISTRY_QUOTA_LIMIT
0xC0000257,The remote system is not reachable by the transport.
0xC0000258,NT_STATUS_NO_CALLBACK_ACTIVE
0xC0000259,The service being accessed is licensed for a particular number of connections. No more connections can be made to the service at this time because there are already as many connections as the service can accept.
0xC000025a,NT_STATUS_PWD_TOO_SHORT
0xC000025b,NT_STATUS_PWD_TOO_RECENT
0xC000025c,NT_STATUS_PWD_HISTORY_CONFLICT
0xC000025e,The specified service is disabled and cannot be started.
0xC000025f,NT_STATUS_UNSUPPORTED_COMPRESSION
0xC0000260,NT_STATUS_INVALID_HW_PROFILE
0xC0000261,NT_STATUS_INVALID_PLUGPLAY_DEVICE_PATH
0xC0000262,The operating system cannot run %1.
0xC0000263,The specified procedure could not be found.
0xC0000264,Attempt to release mutex not owned by caller.
0xC0000265,An attempt was made to create more links on a file than the file system supports.
0xC0000266,NT_STATUS_QUOTA_LIST_INCONSISTENT
0xC0000267,NT_STATUS_FILE_IS_OFFLINE
0xC0000275,NT_STATUS_NOT_A_REPARSE_POINT
0xC0000EDE,NT_STATUS_NO_SUCH_JOB
