event.deviceEventClassId,set.event.name
TSS0206E,user has no authority on function
TSS0208E,user has LESS AUTHORITY LEVEL on function
TSS0248E,REQUIRED SUBFIELD MISSING FOR KEYWORD
TSS0251E,KEYWORD DOES NOT SUPPORT SUBFIELDS
TSS0252E,KEYWORD NOT DISCERNABLE
TSS0293E,INVALID VALUE FOR KEYWORD
TSS0294E,TOO MANY OPERANDS
TSS0299E,KEYWORD ILLEGAL FOR FUNCTION
TSS0300I,FUNCTION SUCCESSFUL
TSS0301I,FUNCTION FAILED
TSS0390E,UNEXPECTED ERROR
TSS0391I,MERGE DELETED RESOURCE
TSS0423I,FROM A REMOTE NODE
TSS0424I,ACID REPLACED 
TSS0961W,SIGNON FASTPATH UNAVAILABLE
TSS1008E,INSUFFICIENT AUTHORITY
TSS1009E,INVALID SUBFIELD VALUE
TSS1010E,ALREADY SPECIFIED
TSS1011E,CONFLICTING PARAMETER
TSS1012E,ACID IS NOT WITHIN YOUR SCOPE
TSS1013E,ACID IS UNKNOWN/UNDEFINED
TSS1014E,PARAMETER/TYPE MISMATCH
TSS2031E,WORK AREA GETMAIN FAILED
TSS2033E,UNABLE TO ESTABLISH ESTAE
TSS2035E,MODULE TSSFRVT LOAD FAILED
TSS2037E,SAFV GETMAIN FIELD
TSS2041E,SVA CODE GETMAIN FAILED
TSS2042E,SVCUPDATE FAILED
TSS2050E,INK TO TSSMSI00 FAILED
TSS2051E,LOAD OF TSSMSI00 FAILED
TSS0392E,MERGE FAILED
TSS5801E,LINK FAILED
TSS5804E,TIMEOUT OCCURRED
TSS5805E,NODE NOT ACTIVE
TSS5850E,ENTRY NOT FOUND
TSS5851E,DUPLICATE ENTRY
TSS5950I,DATE-TIME-NODE-TRANID
TSS5951E,COULD NOT PROCESS THE PACKET
TSS5952E,COMMAND FAILED
TSS6083I,MODULE REFRESH SUCCESSFUL
TSS6084E,MODULE LOAD FAILURE
TSS6094I,INITIALIZATION PHASE 0 COMPLETE
TSS6096I,SERVER SUBTASK IS IN PROCESS
TSS6102I,SIGNON FAILURE
TSS6102E,SIGNON FAILURE
TSS6130E,PROCESSING ERROR
TSS6131E,PROCESSING ERROR
TSS6132E,PROCESSING ERROR
TSS6133E,PROCESSING ERROR
TSS6134E,PROCESSING ERROR
TSS6135E,PROCESSING ERROR
TSS6140E,SECURITY TAMPERING
TSS7000I,TSS INFORMATION AFTER initiation
TSS7001I,TSS INFORMATION AFTER initiation
TSS7002I,YOUR TIMEZONE ADJUSTMENT FACTOR
TSS7003W,PASSWORD EXPIRES
TSS7004W,ACCESSORID EXPIRES
TSS7050I,MRO ATTRIBUTE IGNORED
TSS7053I,DEFAULT ACID ASSIGNED
TSS7054I,SECURITY BYPASS ACTIVE
TSS7100E,summary violation message
TSS7111E,NEW PASSWORD CHANGE INVALID
TSS7145E,ACCESSOR ID NOT DEFINED
TSS7150A,ASPECIFY PASSWORD
TSS7151A,SPECIFY ACCESSID/PASSWORD
TSS7152A,SPECIFY YOUR ACCESSID/PASSWORD
TSS7160E,FACILITY NOT AUTHORIZED
TSS7161E,FACILITY NOT AUTHORIZED
TSS7162E,FACILITY NOT AVAILABLE
TSS7170E,JOB ORIGINATED FROM PROTECTED READER
TSS7172E,YOUR ACCESSOR ID IS ALREADY IN USE
TSS7173E,AUTOMATIC   TERMINAL  SIGN-ON  NOT  ALLOWED
TSS7190E,VIOLATION THRESHOLD EXCEEDED
TSS7200E,summary volume violation message
TSS7201E,VOLUME NOT AUTHORIZED FOR ACCESS
TSS7202E,VOLUME NOT AVAILABLE THIS TIME PERIOD
TSS7203E,VOLUME NOT AVAILABLE THIS DAY
TSS7204E,VOLUME NOT AVAILABLE THROUGH THIS FACILITY
TSS7205E,VOLUME NOT ACCESSED THROUGH AUTHORIZED PROGRAM
TSS7206E,VOLUME ACCESS DENIED BY SITE EXIT
TSS7207E,VOLUME REQUESTED ACCESS LEVEL NOT AUTHORIZED
TSS7208E,VOLUME NOT AUTHORIZED FOR DATASET CREATION
TSS7209E,VOLUME ACCESSED BUT NO DATASET NAME PROVIDED
TSS7210E,VOLUME VIOLATION
TSS7220E,summary violation message 
TSS7221E,DATASET NOT ACCESSIBLE
TSS7227E,ACCESS NOT GRANTED TO DATASET
TSS7230E,DSNAME
TSS7232E,ACCESS DENIED TO FETCH-PROTECTED DATASET
TSS7235E,DATASET GLOBALLY RESTRICTED
TSS7250E,summary security violation message
TSS7251E,ACCESS DENIED
TSS7252E,ACCESS DENIED THIS DAY
TSS7253E,ACCESS DENIED DURING THIS TIME PERIOD
TSS7254E,ACCESS NOT AVAILABLE THROUGH THIS FACILITY
TSS7256E,ACCESS DENIED BY SITE EXIT
TSS7257E,UNAUTHORIZED ACCESS LEVEL
TSS7258E,PROGRAM IS NOT AUTHORIZED
TSS7267E,NOT AUTHORIZED TO USE TRANSACTION
TSS7271E,AUTHORIZATION  DENIED
TSS7272E,AUTHORIZATION  DENIED
TSS7273E,AUTHORIZATION  DENIED
TSS7279E,RESTRICTED PROGRAM IS NOT AUTHORIZED
TSS7299I,access to resources permitted with an ACTION(NOTIFY)
TSS8010E,INVALID CONTROL STATEMENT
TSS8020E,CROSS MEMORY QUEUE FAILURE
TSS8021E,UNDEFINED RESOURCE CLASS NAME
TSS8025E,UNDEFINED ACCESS LEVEL
TSS8026E,UNDEFINED ACCESS RESCLASS
TSS8027E,FAILURE TO OPEN FILE
TSS8082E,I/O ERROR
TSS8085E,OPEN ERROR
TSS8112E,SYNAD ERROR
TSS8130E,VOLUME IS NOT MOUNTED
TSS8131E,DYNAMIC ALLOCATION FAILED
TSS8133E,ERROR READING DATA RECORDS
TSS8134E,FIND FUNCTION FAILED
TSS8138E,FILE NOT DEFINED
TSS8172E,INVALID NUMERIC VALUE
TSS8173E,SYNTAX ERROR IN OPTION
TSS8174E,UNKNOWN PARAMETER ENCOUNTERED
TSS8178E,UNABLE TO ALLOCATE
TSS8180E,unsuccessful in dynamically allocating a file
TSS8184I,WRAP DETECTED
TSS8187E,CONFLICTING/INCORRECT OPTION SPECIFIED
TSS8197E,DETAIL ERROR REASON CODE NOT FOUND
TSS8199E,TSSTRACK FUNCTION FAILED
TSS8344E,INTERNAL SYSTEM ERROR
TSS8352E,UNABLE TO ALLOCATE DDNAME
TSS8353E,INSUFFICIENT MEMORY
TSS8361E,KEYWORD IS MISSING OR INVALID
TSS8385I,results of a simulated resource request or resource check
TSS8407E,INTERNAL SIMULATOR CONTROL BLOCK ERROR
TSS8408E,UNEXPECTED SECURITY FILE SERVICES ERROR
TSS8429E,UNEXPECTED SECURITY FILE SERVICES COMMUNICATION ERROR
TSS8701E,KEYWORD IS MISSING OR INVALID
TSS8702E,KEYWORD IS AMBIGUOUS OR UNKNOWN
TSS9000I,SECURITY ACTIVE
TSS9015E,ERROR DURING SECURITY FILE INITIALIZATION
TSS9046I,RDT SYNCHRONIZATION FAILED
TSS9048I,RDT SYNCHRONIZATION RENAMED
TSS9073E,EXIT NOT ACTIVATED
TSS9076I,CURRENT OPTION
TSS9203I,SWITCHED TO AUDIT/TRACKING OUTPUT FILE
TSS9206E,CURRENT FILE UNAVAILABLE
TSS9207I,AUDIT/TRACKING OUTPUT FILE
TSS9402E,ERROR OBTAINING SECURITY RECORD
TSS9405E,NO AUTHORITY FOR INTERNAL SECURITY FUNCTION
TSS9406E,PROBABLE SITE INTERFACING ERROR
TSS9407E,INTERNAL SYSTEM ERROR
TSS9409I,terminated request with a system abend code
TSS9410E,UNKNOWN CLASSNAME
TSS9486E,NOT AUTHORIZED TO USE IMS COMMAND
TSS9498A,ALLOW  TRAP  DUMP
TSS9499I,TRAP DUMP
TSS9500I,basic information for each facility defined as in-use
TSS9501I,TSS INFORMATION
TSS9502I,TSS INFORMATION
TSS9503I,TSS INFORMATION
TSS9504I,TSS INFORMATION
TSS9505I,TSS INFORMATION
TSS9506I,TSS INFORMATION
TSS9507I,TSS INFORMATION with TSS MODIFY(STATUS) command
TSS9508I,TSS INFORMATION
TSS9509I,TSS INFORMATION
TSS9510I,TSS INFORMATION
TSS9511I,TSS INFORMATION
TSS9512I,TSS INFORMATION
TSS9513I,TSS INFORMATION
TSS9514I,TSS INFORMATION
TSS9515I,TSS INFORMATION
TSS9516I,TSS INFORMATION
TSS9517I,TSS INFORMATION
TSS9518I,TSS INFORMATION
TSS9519I,TSS INFORMATION with TSS MODIFY(STATUS) command when a value is coded
TSS9520I,DUFPGM
TSS9522I,EXTTSS
TSS9523I,TSS INFORMATION
TSS9524I,TSS INFORMATION
TSS9525I,PCADMIN
TSS9526I,PCIDLE AND PCDSDAYS
TSS9527I,PCMINPWD AND PCLGTYPE
TSS9528I,PCOPTIONS
TSS9530I,BYPASS
TSS9531I,TSS INFORMATION
TSS9532I,TSS INFORMATION
TSS9541I,DRC control option setting
TSS9550I,FACILITY DISPLAY
TSS9551I,INITPGM AND ID
TSS9552I,ATTRIBUTES
TSS9553I,MODE for the facility
TSS9554I,logging options in use for the facility
TSS9560I,options in the facility for FACMATRX EXTSEC and SAFMODE
TSS9561I,SIT parameters for a CICS facility
TSS9564I,whether to honor or override the CICS DFHPCT parameter settings
TSS9566I,all settings on that facility
TSS9570I,BYPASS TABLE DISPLAY FOR FACILITY facility
TSS9590I,STATUS option
TSS9591I,STATUS option
TSS9592I,STATUS option
TSS9593I,STATUS option
TSS9594I,response to the TSS MODIFY(STATUS) option
TSS9598A,ALLOW TRAP DUMP
TSS9599E,TRAP DUMP
TSS9660I,VERSION
TSS9702E,ERROR OBTAINING SECURITY RECORD
TSS9705E,NO AUTHORITY FOR INTERNAL SECURITY FUNCTION
TSS9706E,PROBABLE SITE INTERFACING ERROR
TSS9707E,INTERNAL SYSTEM ERROR
TSS9709I,ABEND IN PROCESSING
TSS9806I,COMMAND QUEUED FOR DESTINATION
TSS9807I,COMMUNICATIONS FAILURE
TSS9810I,COMMUNICATIONS ESTABLISHED WITH NODE
TSS9811I,CPF SUBTASK INITIALIZED FOR NODE
TSS9813I,NODE BUSY
TSS9814E,COMMUNICATIONS LOST
TSS9815I,CAICCI REASON TEXT
TSS9817I,COMMANDS CANNOT BE SENT TO DESTINATION
TSS9993E,STORAGE NOT FREED
IEC150I,TSS INFORMATION
IEF125I,TSS INFORMATION
IEF126I,TSS INFORMATION
ACF01137,ACF INFORMATION
ACF01200,ACF INFORMATION
ACF99913,ACF INFORMATION
ACF04056,ACCESS TO RESOURCE
FTPA381,FTPA INFORMATION
FTPA385,FTPA INFORMATION
FTPA386,FTPA INFORMATION
ICH408I,USER INFORMATION
IKJ605I,USER
TSS7191E,Excessive Violations
TSS6088I,Active TSS/CICS Core Manager Subtask
TSS6095I,Active TSS/CICS Signon Manager Subtask                        
TSS6089I,Active TSS/CICS Program Manager Subtask                       
TSS6007I,TSS/CICS Security Activated                         
