event.name,set.event.name
100, HTTP continue
101, HTTP switching protocols
200, HTTP ok
201, HTTP created
202, HTP accepted
203, HTTP not authoritative
204, HTTP no content
205, HTTP reset
206, HTTP partial
300, HTTP mult choice
301, HTTP moved perm
302, HTTP moved temp
303, HTTP see other
304, HTTP not modified
305, HTTP use proxy
306, HTTP unused
307, HTTP temporary redirect
400, HTTP bad request
401, HTTP unauthorized
402, HTTP payment required
403, HTTP forbidden
404, HTTP not found
405, HTTP bad method
406, HTTP not acceptable
407, HTTP precon failed
408, HTTP client timeout
409, HTTP conflict
410, HTTP gone
411, HTTP length required
412, HTTP precon failed
413, HTTP entity too large
415, HTTP unsupported type
416, HTTP requested range not satisfiable
417, HTTP expectation failed
500, HTTP internal error
501, HTTP not implemented
502, HTTP bad gateway
503, HTTP unavailable
504, HTTP gateway timeout
505, HTTP version not supported 
Bounced, Hard-Bounced Recipient
Delayed, Soft-Bounced Recipient
