event.deviceEventClassId,set.event.categoryObject,set.event.categoryBehavior,set.event.categoryTechnique,set.event.categoryDeviceGroup,set.event.categorySignificance,set.event.categoryOutcome,set.event.originator
AAA EXTRACTED_GROUPS,/Actor/Group,/Authorization/Verify,,/Network Equipment,/Normal,/Success,Source
AAA LOGIN_FAILED,/Actor/User,/Authentication/Verify,,/Network Equipment,/Suspicious,/Failure,Source
AAATM HTTPREQUEST,/Actor/User,/Authentication/Verify,,/Network Equipment,/Normal,/Success,Source
AAATM HTTP_RESOURCEACCESS_DENIED,/Actor/User,/Authorization/Verify,,/Network Equipment,/Suspicious,/Failure,Source
AAATM LOGIN,/Actor/User,/Authentication/Verify,,/Network Equipment,/Normal,/Success,Source
AAATM LOGOUT,/Actor/User,/Access/Stop,,/Network Equipment,/Normal,/Success,Source
ACL ACL_PKT_LOG,/Host/Resource,/Communicate/Response,,/Network Equipment,/Normal,/Success,Source
APPFW AF_400_RESP,/Host/Application,/Communicate/Response,,/Network Equipment,/Suspicious,/Failure,Source
APPFW AF_ADD_CFFIELD,/Host/Application,/Modify/Configuration,,/Network Equipment,/Normal,/Success,Source
APPFW AF_ADD_FIELDTYPE,/Host/Application,/Modify/Configuration,,/Network Equipment,/Normal,/Success,Source
APPFW AF_ADD_PROFILE,/Host/Application,/Modify/Configuration,,/Network Equipment,/Normal,/Success,Source
APPFW AF_BIND_TO_PROFILE,/Host/Application,/Modify/Configuration,,/Network Equipment,/Normal,/Success,Source
APPFW AF_BIND_XML_TO_PROFILE,/Host/Application,/Modify/Configuration,,/Network Equipment,/Normal,/Success,Source
APPFW AF_MEMORY_ERR,/Host/Application,/Modify/Configuration,,/Network Equipment,/Normal,/Success,Source
APPFW AF_RM_CFFIELD,/Host/Application,/Modify/Configuration,,/Network Equipment,/Normal,/Success,Source
APPFW AF_RM_FIELDTYPE,/Host/Application,/Modify/Configuration,,/Network Equipment,/Normal,/Success,Source
APPFW AF_RM_PROFILE,/Host/Application,/Modify/Configuration,,/Network Equipment,/Normal,/Success,Source
APPFW AF_UTHREAD_STACK_ERR,/Host/Application,/Execute,,/Network Equipment,/Informational/Error,/Failure,Source
APPFW APPFW_BUFFEROVERFLOW_COOKIE,/Host/Application,/Communicate/Query,/Traffic Anomaly/Application Layer,/Network Equipment,/Informational,/Attempt,Source
APPFW APPFW_BUFFEROVERFLOW_HDR,/Host/Application,/Communicate/Query,/Traffic Anomaly/Application Layer,/Network Equipment,/Informational,/Attempt,Source
APPFW APPFW_BUFFEROVERFLOW_URL,/Host/Application,/Communicate/Query,/Traffic Anomaly/Application Layer,/Network Equipment,/Informational,/Attempt,Source
APPFW APPFW_COOKIE,/Host/Application,/Communicate/Query,/Traffic Anomaly/Application Layer,/Network Equipment,/Informational,/Attempt,Source
APPFW APPFW_CSRF_TAG,/Host/Application,/Communicate/Query,/Traffic Anomaly/Application Layer,/Network Equipment,/Informational,/Attempt,Source
APPFW APPFW_DENYURL,/Host/Application,/Communicate/Query,/Policy,/Network Equipment,/Informational,/Failure,Source
APPFW APPFW_FIELDCONSISTENCY,/Host/Application,/Communicate/Query,/Traffic Anomaly/Application Layer,/Network Equipment,/Informational,/Attempt,Source
APPFW APPFW_FIELDFORMAT,/Host/Application,/Communicate/Query,/Traffic Anomaly/Application Layer,/Network Equipment,/Informational,/Attempt,Source
APPFW APPFW_POLICY_HIT,/Host/Application,/Communicate/Query,/Policy,/Network Equipment,/Informational,/Failure,Source
APPFW APPFW_POLICY_HIT_BUILTIN,/Host/Application,/Communicate/Query,/Policy,/Network Equipment,/Informational,/Failure,Source
APPFW APPFW_REFERER_HEADER,/Host/Application,/Communicate/Query,/Traffic Anomaly/Application Layer,/Network Equipment,/Informational,/Attempt,Source
APPFW APPFW_SAFECOMMERCE,/Host/Application,/Communicate/Query,/Traffic Anomaly/Application Layer,/Network Equipment,/Informational,/Attempt,Source
APPFW APPFW_SAFECOMMERCE_XFORM,/Host/Application,/Communicate/Query,/Traffic Anomaly/Application Layer,/Network Equipment,/Informational,/Attempt,Source
APPFW APPFW_SAFEOBJECT,/Host/Application,/Communicate/Query,/Traffic Anomaly/Application Layer,/Network Equipment,/Informational,/Attempt,Source
APPFW APPFW_SQL,/Host/Application,/Communicate/Query,/Traffic Anomaly/Application Layer,/Network Equipment,/Informational,/Attempt,Source
APPFW APPFW_STARTURL,/Host/Application,/Communicate/Query,/Traffic Anomaly/Application Layer,/Network Equipment,/Informational,/Attempt,Source
APPFW APPFW_XML_ATTACHMENT_ERR_BOUNDARY_MISMATCH,/Host/Application,/Communicate/Query,/Traffic Anomaly/Application Layer,/Network Equipment,/Informational/Warning,/Attempt,Source
APPFW APPFW_XML_ATTACHMENT_ERR_CALLBACK_NULL,/Host/Application,/Communicate/Query,/Traffic Anomaly/Application Layer,/Network Equipment,/Informational/Warning,/Attempt,Source
APPFW APPFW_XML_ATTACHMENT_ERR_CONTENT_TYPE,/Host/Application,/Communicate/Query,/Traffic Anomaly/Application Layer,/Network Equipment,/Informational/Warning,/Attempt,Source
APPFW APPFW_XML_ATTACHMENT_ERR_INVALIDHEADER,/Host/Application,/Communicate/Query,/Traffic Anomaly/Application Layer,/Network Equipment,/Informational/Warning,/Attempt,Source
APPFW APPFW_XML_ATTACHMENT_ERR_INVALID_HEADER,/Host/Application,/Communicate/Query,/Traffic Anomaly/Application Layer,/Network Equipment,/Informational/Warning,/Attempt,Source
APPFW APPFW_XML_ATTACHMENT_ERR_MAX_SIZE,/Host/Application,/Communicate/Query,/Traffic Anomaly/Application Layer,/Network Equipment,/Informational/Warning,/Attempt,Source
APPFW APPFW_XML_ATTACHMENT_FOUND,/Host/Application,/Communicate/Query,/Traffic Anomaly/Application Layer,/Network Equipment,/Informational/Warning,/Attempt,Source
APPFW APPFW_XML_DDOS_ERR_MSG_SEND_FAIL,/Host/Application,/Communicate/Query,/Traffic Anomaly/Application Layer,/Network Equipment,/Informational/Warning,/Attempt,Source
APPFW APPFW_XML_DOS_ERR_CHAR_DATA_LENGTH,/Host/Application,/Communicate/Query,/Traffic Anomaly/Application Layer,/Network Equipment,/Informational/Warning,/Attempt,Source
APPFW APPFW_XML_DOS_ERR_DTD,/Host/Application,/Communicate/Query,/Traffic Anomaly/Application Layer,/Network Equipment,/Informational/Warning,/Attempt,Source
APPFW APPFW_XML_DOS_ERR_EXT_ENTITY,/Host/Application,/Communicate/Query,/Traffic Anomaly/Application Layer,/Network Equipment,/Informational/Warning,/Attempt,Source
APPFW APPFW_XML_DOS_ERR_MAX,/Host/Application,/Communicate/Query,/Traffic Anomaly/Application Layer,/Network Equipment,/Informational/Warning,/Attempt,Source
APPFW APPFW_XML_DOS_ERR_MAX_ATTRIBUTES,/Host/Application,/Communicate/Query,/Traffic Anomaly/Application Layer,/Network Equipment,/Informational/Warning,/Attempt,Source
APPFW APPFW_XML_DOS_ERR_MAX_ATTRIBUTE_NAME_LENGTH,/Host/Application,/Communicate/Query,/Traffic Anomaly/Application Layer,/Network Equipment,/Informational/Warning,/Attempt,Source
APPFW APPFW_XML_DOS_ERR_MAX_ATTRIBUTE_VALUE_LENGTH,/Host/Application,/Communicate/Query,/Traffic Anomaly/Application Layer,/Network Equipment,/Informational/Warning,/Attempt,Source
APPFW APPFW_XML_DOS_ERR_MAX_ELEMENTS,/Host/Application,/Communicate/Query,/Traffic Anomaly/Application Layer,/Network Equipment,/Informational/Warning,/Attempt,Source
APPFW APPFW_XML_DOS_ERR_MAX_ELEMENT_CHILDREN,/Host/Application,/Communicate/Query,/Traffic Anomaly/Application Layer,/Network Equipment,/Informational/Warning,/Attempt,Source
APPFW APPFW_XML_DOS_ERR_MAX_ELEMENT_DEPTH,/Host/Application,/Communicate/Query,/Traffic Anomaly/Application Layer,/Network Equipment,/Informational/Warning,/Attempt,Source
APPFW APPFW_XML_DOS_ERR_MAX_ELEMENT_NAME_LENGTH,/Host/Application,/Communicate/Query,/Traffic Anomaly/Application Layer,/Network Equipment,/Informational/Warning,/Attempt,Source
APPFW APPFW_XML_DOS_ERR_MAX_ENTITY_EXPANSIONS,/Host/Application,/Communicate/Query,/Traffic Anomaly/Application Layer,/Network Equipment,/Informational/Warning,/Attempt,Source
APPFW APPFW_XML_DOS_ERR_MAX_ENTITY_EXPANSION_DEPTH,/Host/Application,/Communicate/Query,/Traffic Anomaly/Application Layer,/Network Equipment,/Informational/Warning,/Attempt,Source
APPFW APPFW_XML_DOS_ERR_MAX_FILE_SIZE,/Host/Application,/Communicate/Query,/Traffic Anomaly/Application Layer,/Network Equipment,/Informational/Warning,/Attempt,Source
APPFW APPFW_XML_DOS_ERR_MAX_NAMESPACES,/Host/Application,/Communicate/Query,/Traffic Anomaly/Application Layer,/Network Equipment,/Informational/Warning,/Attempt,Source
APPFW APPFW_XML_DOS_ERR_MAX_NAMESPACEURI_LENGTH,/Host/Application,/Communicate/Query,/Traffic Anomaly/Application Layer,/Network Equipment,/Informational/Warning,/Attempt,Source
APPFW APPFW_XML_DOS_ERR_MAX_NODES,/Host/Application,/Communicate/Query,/Traffic Anomaly/Application Layer,/Network Equipment,/Informational/Warning,/Attempt,Source
APPFW APPFW_XML_DOS_ERR_MIN_FILE_SIZE,/Host/Application,/Communicate/Query,/Traffic Anomaly/Application Layer,/Network Equipment,/Informational/Warning,/Attempt,Source
APPFW APPFW_XML_DOS_ERR_PI,/Host/Application,/Communicate/Query,/Traffic Anomaly/Application Layer,/Network Equipment,/Informational/Warning,/Attempt,Source
APPFW APPFW_XML_ERR_CUSTOM,/Host/Application,/Communicate/Query,/Traffic Anomaly/Application Layer,/Network Equipment,/Informational/Warning,/Attempt,Source
APPFW APPFW_XML_ERR_DDOS_CONNECT_TO_SERVER_FAILED,/Host/Application,/Communicate/Query,/Traffic Anomaly/Application Layer,/Network Equipment,/Informational/Warning,/Attempt,Source
APPFW APPFW_XML_ERR_DDOS_INTERATION_SOCKET_OPEN_FAIL,/Host/Application,/Communicate/Query,/Traffic Anomaly/Application Layer,/Network Equipment,/Informational/Warning,/Attempt,Source
APPFW APPFW_XML_ERR_DDOS_INVALID_CONFIG_FILE,/Host/Application,/Communicate/Query,/Traffic Anomaly/Application Layer,/Network Equipment,/Informational/Warning,/Attempt,Source
APPFW APPFW_XML_ERR_DDOS_NO_FOLDER_INSTALLATION_PATH,/Host/Application,/Communicate/Query,/Traffic Anomaly/Application Layer,/Network Equipment,/Informational/Warning,/Attempt,Source
APPFW APPFW_XML_ERR_DDOS_OPEN_CONFIG_FILE_FAIL,/Host/Application,/Communicate/Query,/Traffic Anomaly/Application Layer,/Network Equipment,/Informational/Warning,/Attempt,Source
APPFW APPFW_XML_ERR_DOS_TRIGGERED,/Host/Application,/Communicate/Query,/Traffic Anomaly/Application Layer,/Network Equipment,/Informational/Warning,/Attempt,Source
APPFW APPFW_XML_ERR_ENV_NOT_SET,/Host/Application,/Communicate/Query,/Traffic Anomaly/Application Layer,/Network Equipment,/Informational/Warning,/Attempt,Source
APPFW APPFW_XML_ERR_HASH_INSERT,/Host/Application,/Communicate/Query,/Traffic Anomaly/Application Layer,/Network Equipment,/Informational/Warning,/Attempt,Source
APPFW APPFW_XML_ERR_HASH_LOOKUP,/Host/Application,/Communicate/Query,/Traffic Anomaly/Application Layer,/Network Equipment,/Informational/Warning,/Attempt,Source
APPFW APPFW_XML_ERR_INITIALIZING_TOKENIZER,/Host/Application,/Communicate/Query,/Traffic Anomaly/Application Layer,/Network Equipment,/Informational/Warning,/Attempt,Source
APPFW APPFW_XML_ERR_INVALID_FILE,/Host/Application,/Communicate/Query,/Traffic Anomaly/Application Layer,/Network Equipment,/Informational/Warning,/Attempt,Source
APPFW APPFW_XML_ERR_INVALID_STATE,/Host/Application,/Communicate/Query,/Traffic Anomaly/Application Layer,/Network Equipment,/Informational/Warning,/Attempt,Source
APPFW APPFW_XML_ERR_INVALID_XPATH,/Host/Application,/Communicate/Query,/Traffic Anomaly/Application Layer,/Network Equipment,/Informational/Warning,/Attempt,Source
APPFW APPFW_XML_ERR_LOW_MEMORY,/Host/Application,/Communicate/Query,/Traffic Anomaly/Application Layer,/Network Equipment,/Informational/Warning,/Attempt,Source
APPFW APPFW_XML_ERR_MALFORMED_ADDRESS,/Host/Application,/Communicate/Query,/Traffic Anomaly/Application Layer,/Network Equipment,/Informational/Warning,/Attempt,Source
APPFW APPFW_XML_ERR_NOT_WELLFORMED,/Host/Application,/Communicate/Query,/Traffic Anomaly/Application Layer,/Network Equipment,/Informational/Warning,/Attempt,Source
APPFW APPFW_XML_ERR_NO_ATTACHMENT_BOUNDARY,/Host/Application,/Communicate/Query,/Traffic Anomaly/Application Layer,/Network Equipment,/Informational/Warning,/Attempt,Source
APPFW APPFW_XML_ERR_NO_DIME,/Host/Application,/Communicate/Query,/Traffic Anomaly/Application Layer,/Network Equipment,/Informational/Warning,/Attempt,Source
APPFW APPFW_XML_ERR_OPERATION_CALLBACK,/Host/Application,/Communicate/Query,/Traffic Anomaly/Application Layer,/Network Equipment,/Informational/Warning,/Attempt,Source
APPFW APPFW_XML_ERR_PREFIX_LENGTH_EXCEEDED,/Host/Application,/Communicate/Query,/Traffic Anomaly/Application Layer,/Network Equipment,/Informational/Warning,/Attempt,Source
APPFW APPFW_XML_ERR_READ_FAILED,/Host/Application,/Communicate/Query,/Traffic Anomaly/Application Layer,/Network Equipment,/Informational/Warning,/Attempt,Source
APPFW APPFW_XML_ERR_SOAP_FAULT,/Host/Application,/Communicate/Query,/Traffic Anomaly/Application Layer,/Network Equipment,/Informational/Warning,/Attempt,Source
APPFW APPFW_XML_ERR_STREAM_POP,/Host/Application,/Communicate/Query,/Traffic Anomaly/Application Layer,/Network Equipment,/Informational/Warning,/Attempt,Source
APPFW APPFW_XML_ERR_STREAM_PUSH,/Host/Application,/Communicate/Query,/Traffic Anomaly/Application Layer,/Network Equipment,/Informational/Warning,/Attempt,Source
APPFW APPFW_XML_ERR_UNSUPPORTED_PORT,/Host/Application,/Communicate/Query,/Traffic Anomaly/Application Layer,/Network Equipment,/Informational/Warning,/Attempt,Source
APPFW APPFW_XML_ERR_UNSUPPORTED_PROTOCOL,/Host/Application,/Communicate/Query,/Traffic Anomaly/Application Layer,/Network Equipment,/Informational/Warning,/Attempt,Source
APPFW APPFW_XML_ERR_VALIDATION_FAILED,/Host/Application,/Communicate/Query,/Traffic Anomaly/Application Layer,/Network Equipment,/Informational/Warning,/Attempt,Source
APPFW APPFW_XML_PACKET_PROCESSING_ERR_CONTEXT_NULL,/Host/Application,/Communicate/Query,/Traffic Anomaly/Application Layer,/Network Equipment,/Informational/Warning,/Attempt,Source
APPFW APPFW_XML_PACKET_PROCESSING_ERR_CONTEXT_STATE_NULL,/Host/Application,/Communicate/Query,/Traffic Anomaly/Application Layer,/Network Equipment,/Informational/Warning,/Attempt,Source
APPFW APPFW_XML_PACKET_PROCESSING_ERR_MESSAGE_CONFIG_NULL,/Host/Application,/Communicate/Query,/Traffic Anomaly/Application Layer,/Network Equipment,/Informational/Warning,/Attempt,Source
APPFW APPFW_XML_SOAP_FAULT_CONTENTS,/Host/Application,/Communicate/Query,/Traffic Anomaly/Application Layer,/Network Equipment,/Informational/Warning,/Attempt,Source
APPFW APPFW_XML_SQL,/Host/Application,/Communicate/Query,/Traffic Anomaly/Application Layer,/Network Equipment,/Informational/Warning,/Attempt,Source
APPFW APPFW_XML_VALIDATION_ERR_ABSTRACT_ELEMENT,/Host/Application,/Communicate/Query,/Traffic Anomaly/Application Layer,/Network Equipment,/Informational/Warning,/Attempt,Source
APPFW APPFW_XML_VALIDATION_ERR_ABSTRACT_TYPE,/Host/Application,/Communicate/Query,/Traffic Anomaly/Application Layer,/Network Equipment,/Informational/Warning,/Attempt,Source
APPFW APPFW_XML_VALIDATION_ERR_ADDHEADERS,/Host/Application,/Communicate/Query,/Traffic Anomaly/Application Layer,/Network Equipment,/Informational/Warning,/Attempt,Source
APPFW APPFW_XML_VALIDATION_ERR_ATTRIBUTE_MAX_OCCURS,/Host/Application,/Communicate/Query,/Traffic Anomaly/Application Layer,/Network Equipment,/Informational/Warning,/Attempt,Source
APPFW APPFW_XML_VALIDATION_ERR_ATTRIBUTE_MIN_OCCURS,/Host/Application,/Communicate/Query,/Traffic Anomaly/Application Layer,/Network Equipment,/Informational/Warning,/Attempt,Source
APPFW APPFW_XML_VALIDATION_ERR_COMPILED_WSDL,/Host/Application,/Communicate/Query,/Traffic Anomaly/Application Layer,/Network Equipment,/Informational/Warning,/Attempt,Source
APPFW APPFW_XML_VALIDATION_ERR_CONTENT_MODEL_VIOLATED,/Host/Application,/Communicate/Query,/Traffic Anomaly/Application Layer,/Network Equipment,/Informational/Warning,/Attempt,Source
APPFW APPFW_XML_VALIDATION_ERR_CORRUPT_COMPILED_WSDL,/Host/Application,/Communicate/Query,/Traffic Anomaly/Application Layer,/Network Equipment,/Informational/Warning,/Attempt,Source
APPFW APPFW_XML_VALIDATION_ERR_CORRUPT_SCHEMA,/Host/Application,/Communicate/Query,/Traffic Anomaly/Application Layer,/Network Equipment,/Informational/Warning,/Attempt,Source
APPFW APPFW_XML_VALIDATION_ERR_DATATYPE_ENGINE_INIT,/Host/Application,/Communicate/Query,/Traffic Anomaly/Application Layer,/Network Equipment,/Informational/Warning,/Attempt,Source
APPFW APPFW_XML_VALIDATION_ERR_INTERNAL,/Host/Application,/Communicate/Query,/Traffic Anomaly/Application Layer,/Network Equipment,/Informational/Warning,/Attempt,Source
APPFW APPFW_XML_VALIDATION_ERR_INVALID_ATTRIBUTE,/Host/Application,/Communicate/Query,/Traffic Anomaly/Application Layer,/Network Equipment,/Informational/Warning,/Attempt,Source
APPFW APPFW_XML_VALIDATION_ERR_INVALID_COMBINATION,/Host/Application,/Communicate/Query,/Traffic Anomaly/Application Layer,/Network Equipment,/Informational/Warning,/Attempt,Source
APPFW APPFW_XML_VALIDATION_ERR_INVALID_COMPILED_WSDL,/Host/Application,/Communicate/Query,/Traffic Anomaly/Application Layer,/Network Equipment,/Informational/Warning,/Attempt,Source
APPFW APPFW_XML_VALIDATION_ERR_INVALID_CONTENT_MODEL,/Host/Application,/Communicate/Query,/Traffic Anomaly/Application Layer,/Network Equipment,/Informational/Warning,/Attempt,Source
APPFW APPFW_XML_VALIDATION_ERR_INVALID_DATATYPE,/Host/Application,/Communicate/Query,/Traffic Anomaly/Application Layer,/Network Equipment,/Informational/Warning,/Attempt,Source
APPFW APPFW_XML_VALIDATION_ERR_INVALID_ELEMENT,/Host/Application,/Communicate/Query,/Traffic Anomaly/Application Layer,/Network Equipment,/Informational/Warning,/Attempt,Source
APPFW APPFW_XML_VALIDATION_ERR_INVALID_FILE,/Host/Application,/Communicate/Query,/Traffic Anomaly/Application Layer,/Network Equipment,/Informational/Warning,/Attempt,Source
APPFW APPFW_XML_VALIDATION_ERR_INVALID_TYPE_SUBSTITUTION,/Host/Application,/Communicate/Query,/Traffic Anomaly/Application Layer,/Network Equipment,/Informational/Warning,/Attempt,Source
APPFW APPFW_XML_VALIDATION_ERR_LOADING,/Host/Application,/Communicate/Query,/Traffic Anomaly/Application Layer,/Network Equipment,/Informational/Warning,/Attempt,Source
APPFW APPFW_XML_VALIDATION_ERR_MAX,/Host/Application,/Communicate/Query,/Traffic Anomaly/Application Layer,/Network Equipment,/Informational/Warning,/Attempt,Source
APPFW APPFW_XML_VALIDATION_ERR_NOSERVICEURL,/Host/Application,/Communicate/Query,/Traffic Anomaly/Application Layer,/Network Equipment,/Informational/Warning,/Attempt,Source
APPFW APPFW_XML_VALIDATION_ERR_NOT_SUPPORTED,/Host/Application,/Communicate/Query,/Traffic Anomaly/Application Layer,/Network Equipment,/Informational/Warning,/Attempt,Source
APPFW APPFW_XML_VALIDATION_ERR_REX_STACK_EMPTY,/Host/Application,/Communicate/Query,/Traffic Anomaly/Application Layer,/Network Equipment,/Informational/Warning,/Attempt,Source
APPFW APPFW_XML_VALIDATION_ERR_REX_STACK_OVERFLOW,/Host/Application,/Communicate/Query,/Traffic Anomaly/Application Layer,/Network Equipment,/Informational/Warning,/Attempt,Source
APPFW APPFW_XML_VALIDATION_ERR_SOAPBODY_EMPTY,/Host/Application,/Communicate/Query,/Traffic Anomaly/Application Layer,/Network Equipment,/Informational/Warning,/Attempt,Source
APPFW APPFW_XML_VALIDATION_ERR_SOAP_BODY,/Host/Application,/Communicate/Query,/Traffic Anomaly/Application Layer,/Network Equipment,/Informational/Warning,/Attempt,Source
APPFW APPFW_XML_VALIDATION_ERR_SOAP_ENVELOPE,/Host/Application,/Communicate/Query,/Traffic Anomaly/Application Layer,/Network Equipment,/Informational/Warning,/Attempt,Source
APPFW APPFW_XML_VALIDATION_ERR_SOAP_HEADER,/Host/Application,/Communicate/Query,/Traffic Anomaly/Application Layer,/Network Equipment,/Informational/Warning,/Attempt,Source
APPFW APPFW_XML_VALIDATION_ERR_UNBOUNDED_PREFIX,/Host/Application,/Communicate/Query,/Traffic Anomaly/Application Layer,/Network Equipment,/Informational/Warning,/Attempt,Source
APPFW APPFW_XML_VALIDATION_LOAD_ERR_CONTENTS_CANNOT_BE_NIL,/Host/Application,/Communicate/Query,/Traffic Anomaly/Application Layer,/Network Equipment,/Informational/Warning,/Attempt,Source
APPFW APPFW_XML_VALIDATION_LOAD_ERR_NIL_WITH_CONTENTS,/Host/Application,/Communicate/Query,/Traffic Anomaly/Application Layer,/Network Equipment,/Informational/Warning,/Attempt,Source
APPFW APPFW_XML_VALIDATOR_LOAD_ERR_ELEMENT_INVALID_DATATYPE_VALUE,/Host/Application,/Communicate/Query,/Traffic Anomaly/Application Layer,/Network Equipment,/Informational/Warning,/Attempt,Source
APPFW APPFW_XML_VALIDATOR_LOAD_ERR_ELEMENT_INVALID_LOCATION,/Host/Application,/Communicate/Query,/Traffic Anomaly/Application Layer,/Network Equipment,/Informational/Warning,/Attempt,Source
APPFW APPFW_XML_VALIDATOR_LOAD_ERR_FACET_MISMATCH,/Host/Application,/Communicate/Query,/Traffic Anomaly/Application Layer,/Network Equipment,/Informational/Warning,/Attempt,Source
APPFW APPFW_XML_VALIDATOR_LOAD_ERR_FAILED,/Host/Application,/Communicate/Query,/Traffic Anomaly/Application Layer,/Network Equipment,/Informational/Warning,/Attempt,Source
APPFW APPFW_XML_VALIDATOR_LOAD_ERR_INVALID_ATTRIBUTE_VALUE,/Host/Application,/Communicate/Query,/Traffic Anomaly/Application Layer,/Network Equipment,/Informational/Warning,/Attempt,Source
APPFW APPFW_XML_VALIDATOR_LOAD_ERR_INVALID_DATATYPE,/Host/Application,/Communicate/Query,/Traffic Anomaly/Application Layer,/Network Equipment,/Informational/Warning,/Attempt,Source
APPFW APPFW_XML_VALIDATOR_LOAD_ERR_INVALID_SCHEMA_NODE_TYPE,/Host/Application,/Communicate/Query,/Traffic Anomaly/Application Layer,/Network Equipment,/Informational/Warning,/Attempt,Source
APPFW APPFW_XML_VALIDATOR_LOAD_ERR_INVALID_VALUE_FOR_FIXED,/Host/Application,/Communicate/Query,/Traffic Anomaly/Application Layer,/Network Equipment,/Informational/Warning,/Attempt,Source
APPFW APPFW_XML_VALIDATOR_LOAD_ERR_LIST_LENGTH_GT_MAX,/Host/Application,/Communicate/Query,/Traffic Anomaly/Application Layer,/Network Equipment,/Informational/Warning,/Attempt,Source
APPFW APPFW_XML_VALIDATOR_LOAD_ERR_LIST_LENGTH_INVALID,/Host/Application,/Communicate/Query,/Traffic Anomaly/Application Layer,/Network Equipment,/Informational/Warning,/Attempt,Source
APPFW APPFW_XML_VALIDATOR_LOAD_ERR_LIST_LENGTH_LT_MIN,/Host/Application,/Communicate/Query,/Traffic Anomaly/Application Layer,/Network Equipment,/Informational/Warning,/Attempt,Source
APPFW APPFW_XML_VALIDATOR_LOAD_ERR_MAX,/Host/Application,/Communicate/Query,/Traffic Anomaly/Application Layer,/Network Equipment,/Informational/Warning,/Attempt,Source
APPFW APPFW_XML_VALIDATOR_LOAD_ERR_REQUIRED_ATTRIBUTE,/Host/Application,/Communicate/Query,/Traffic Anomaly/Application Layer,/Network Equipment,/Informational/Warning,/Attempt,Source
APPFW APPFW_XML_VALIDATOR_LOAD_ERR_SCHEMA_COMPILATION,/Host/Application,/Communicate/Query,/Traffic Anomaly/Application Layer,/Network Equipment,/Informational/Warning,/Attempt,Source
APPFW APPFW_XML_VALIDATOR_LOAD_ERR_WSDL_COMPILATION,/Host/Application,/Communicate/Query,/Traffic Anomaly/Application Layer,/Network Equipment,/Informational/Warning,/Attempt,Source
APPFW APPFW_XML_WSI_ERR_ACCELEMENTNAMESPACED,/Host/Application,/Communicate/Query,/Traffic Anomaly/Application Layer,/Network Equipment,/Informational/Warning,/Attempt,Source
APPFW APPFW_XML_WSI_ERR_ARRAYTYPE,/Host/Application,/Communicate/Query,/Traffic Anomaly/Application Layer,/Network Equipment,/Informational/Warning,/Attempt,Source
APPFW APPFW_XML_WSI_ERR_BAD_ENV_NAMESPACE,/Host/Application,/Communicate/Query,/Traffic Anomaly/Application Layer,/Network Equipment,/Informational/Warning,/Attempt,Source
APPFW APPFW_XML_WSI_ERR_BINDINGFAULTRESP,/Host/Application,/Communicate/Query,/Traffic Anomaly/Application Layer,/Network Equipment,/Informational/Warning,/Attempt,Source
APPFW APPFW_XML_WSI_ERR_BODY_CHILD_NAMESPACE,/Host/Application,/Communicate/Query,/Traffic Anomaly/Application Layer,/Network Equipment,/Informational/Warning,/Attempt,Source
APPFW APPFW_XML_WSI_ERR_BODY_ENV_NAMESPACE,/Host/Application,/Communicate/Query,/Traffic Anomaly/Application Layer,/Network Equipment,/Informational/Warning,/Attempt,Source
APPFW APPFW_XML_WSI_ERR_CHILDAFTERBODY,/Host/Application,/Communicate/Query,/Traffic Anomaly/Application Layer,/Network Equipment,/Informational/Warning,/Attempt,Source
APPFW APPFW_XML_WSI_ERR_CLAIM_MUSTUNDERSTAND,/Host/Application,/Communicate/Query,/Traffic Anomaly/Application Layer,/Network Equipment,/Informational/Warning,/Attempt,Source
APPFW APPFW_XML_WSI_ERR_CTXT_NULL,/Host/Application,/Communicate/Query,/Traffic Anomaly/Application Layer,/Network Equipment,/Informational/Warning,/Attempt,Source
APPFW APPFW_XML_WSI_ERR_DOCTYPEALLOWED,/Host/Application,/Communicate/Query,/Traffic Anomaly/Application Layer,/Network Equipment,/Informational/Warning,/Attempt,Source
APPFW APPFW_XML_WSI_ERR_DOT_NOTATION,/Host/Application,/Communicate/Query,/Traffic Anomaly/Application Layer,/Network Equipment,/Informational/Warning,/Attempt,Source
APPFW APPFW_XML_WSI_ERR_ENCODINGSTYLE,/Host/Application,/Communicate/Query,/Traffic Anomaly/Application Layer,/Network Equipment,/Informational/Warning,/Attempt,Source
APPFW APPFW_XML_WSI_ERR_ENCODINGSTYLECHILD,/Host/Application,/Communicate/Query,/Traffic Anomaly/Application Layer,/Network Equipment,/Informational/Warning,/Attempt,Source
APPFW APPFW_XML_WSI_ERR_ENCODINGSTYLEGRANDCHILD,/Host/Application,/Communicate/Query,/Traffic Anomaly/Application Layer,/Network Equipment,/Informational/Warning,/Attempt,Source
APPFW APPFW_XML_WSI_ERR_ENVELEMENTSNOATTRIBUTES,/Host/Application,/Communicate/Query,/Traffic Anomaly/Application Layer,/Network Equipment,/Informational/Warning,/Attempt,Source
APPFW APPFW_XML_WSI_ERR_ENVNONAMESPACE,/Host/Application,/Communicate/Query,/Traffic Anomaly/Application Layer,/Network Equipment,/Informational/Warning,/Attempt,Source
APPFW APPFW_XML_WSI_ERR_GOODRESPONSE200,/Host/Application,/Communicate/Query,/Traffic Anomaly/Application Layer,/Network Equipment,/Informational/Warning,/Attempt,Source
APPFW APPFW_XML_WSI_ERR_HEADER_HAS_WSICLAIM,/Host/Application,/Communicate/Query,/Traffic Anomaly/Application Layer,/Network Equipment,/Informational/Warning,/Attempt,Source
APPFW APPFW_XML_WSI_ERR_HTTP,/Host/Application,/Communicate/Query,/Traffic Anomaly/Application Layer,/Network Equipment,/Informational/Warning,/Attempt,Source
APPFW APPFW_XML_WSI_ERR_ISHTTPPOST,/Host/Application,/Communicate/Query,/Traffic Anomaly/Application Layer,/Network Equipment,/Informational/Warning,/Attempt,Source
APPFW APPFW_XML_WSI_ERR_ISUTF8OR16,/Host/Application,/Communicate/Query,/Traffic Anomaly/Application Layer,/Network Equipment,/Informational/Warning,/Attempt,Source
APPFW APPFW_XML_WSI_ERR_MSGHASALLHEADERS,/Host/Application,/Communicate/Query,/Traffic Anomaly/Application Layer,/Network Equipment,/Informational/Warning,/Attempt,Source
APPFW APPFW_XML_WSI_ERR_MUSTUNDERSTAND,/Host/Application,/Communicate/Query,/Traffic Anomaly/Application Layer,/Network Equipment,/Informational/Warning,/Attempt,Source
APPFW APPFW_XML_WSI_ERR_NODEPLOYED,/Host/Application,/Communicate/Query,/Traffic Anomaly/Application Layer,/Network Equipment,/Informational/Warning,/Attempt,Source
APPFW APPFW_XML_WSI_ERR_NOENVELOPEWSDLMATCH,/Host/Application,/Communicate/Query,/Traffic Anomaly/Application Layer,/Network Equipment,/Informational/Warning,/Attempt,Source
APPFW APPFW_XML_WSI_ERR_NONPOSTREQUEST,/Host/Application,/Communicate/Query,/Traffic Anomaly/Application Layer,/Network Equipment,/Informational/Warning,/Attempt,Source
APPFW APPFW_XML_WSI_ERR_NONXMLREQUEST,/Host/Application,/Communicate/Query,/Traffic Anomaly/Application Layer,/Network Equipment,/Informational/Warning,/Attempt,Source
APPFW APPFW_XML_WSI_ERR_NOPORTURL,/Host/Application,/Communicate/Query,/Traffic Anomaly/Application Layer,/Network Equipment,/Informational/Warning,/Attempt,Source
APPFW APPFW_XML_WSI_ERR_NOREQWSDLMATCH,/Host/Application,/Communicate/Query,/Traffic Anomaly/Application Layer,/Network Equipment,/Informational/Warning,/Attempt,Source
APPFW APPFW_XML_WSI_ERR_NORESPWSDLMATCH,/Host/Application,/Communicate/Query,/Traffic Anomaly/Application Layer,/Network Equipment,/Informational/Warning,/Attempt,Source
APPFW APPFW_XML_WSI_ERR_NOWSDLDEPLOYED,/Host/Application,/Communicate/Query,/Traffic Anomaly/Application Layer,/Network Equipment,/Informational/Warning,/Attempt,Source
APPFW APPFW_XML_WSI_ERR_ONEWAYRESPONSE,/Host/Application,/Communicate/Query,/Traffic Anomaly/Application Layer,/Network Equipment,/Informational/Warning,/Attempt,Source
APPFW APPFW_XML_WSI_ERR_RESPONSESTATUS200OR202,/Host/Application,/Communicate/Query,/Traffic Anomaly/Application Layer,/Network Equipment,/Informational/Warning,/Attempt,Source
APPFW APPFW_XML_WSI_ERR_RESPONSEWRAPPED,/Host/Application,/Communicate/Query,/Traffic Anomaly/Application Layer,/Network Equipment,/Informational/Warning,/Attempt,Source
APPFW APPFW_XML_WSI_ERR_SOAPACTIONHEADERMATCH,/Host/Application,/Communicate/Query,/Traffic Anomaly/Application Layer,/Network Equipment,/Informational/Warning,/Attempt,Source
APPFW APPFW_XML_WSI_ERR_SOAPACTIONQUOTED,/Host/Application,/Communicate/Query,/Traffic Anomaly/Application Layer,/Network Equipment,/Informational/Warning,/Attempt,Source
APPFW APPFW_XML_WSI_ERR_SOAPFAULTALLOWEDCHILD,/Host/Application,/Communicate/Query,/Traffic Anomaly/Application Layer,/Network Equipment,/Informational/Warning,/Attempt,Source
APPFW APPFW_XML_WSI_ERR_SOAPFAULTCHILDQ,/Host/Application,/Communicate/Query,/Traffic Anomaly/Application Layer,/Network Equipment,/Informational/Warning,/Attempt,Source
APPFW APPFW_XML_WSI_ERR_SOAPFAULTINHTTP,/Host/Application,/Communicate/Query,/Traffic Anomaly/Application Layer,/Network Equipment,/Informational/Warning,/Attempt,Source
APPFW APPFW_XML_WSI_ERR_SOAPFAULTNONENV,/Host/Application,/Communicate/Query,/Traffic Anomaly/Application Layer,/Network Equipment,/Informational/Warning,/Attempt,Source
APPFW APPFW_XML_WSI_ERR_SOAPGOODXML10,/Host/Application,/Communicate/Query,/Traffic Anomaly/Application Layer,/Network Equipment,/Informational/Warning,/Attempt,Source
APPFW APPFW_XML_WSI_ERR_STDFAULTCODE,/Host/Application,/Communicate/Query,/Traffic Anomaly/Application Layer,/Network Equipment,/Informational/Warning,/Attempt,Source
APPFW APPFW_XML_WSI_ERR_USEHTTP10OR11,/Host/Application,/Communicate/Query,/Traffic Anomaly/Application Layer,/Network Equipment,/Informational/Warning,/Attempt,Source
APPFW APPFW_XML_WSI_ERR_USEHTTP11,/Host/Application,/Communicate/Query,/Traffic Anomaly/Application Layer,/Network Equipment,/Informational/Warning,/Attempt,Source
APPFW APPFW_XML_WSI_ERR_WSICLAIMSWELLFORMED,/Host/Application,/Communicate/Query,/Traffic Anomaly/Application Layer,/Network Equipment,/Informational/Warning,/Attempt,Source
APPFW APPFW_XML_WSI_ERR_WSI_LIST_NULL,/Host/Application,/Communicate/Query,/Traffic Anomaly/Application Layer,/Network Equipment,/Informational/Warning,/Attempt,Source
APPFW APPFW_XML_WSI_ERR_XMLPI,/Host/Application,/Communicate/Query,/Traffic Anomaly/Application Layer,/Network Equipment,/Informational/Warning,/Attempt,Source
APPFW APPFW_XML_WSI_ERR_XSINIL,/Host/Application,/Communicate/Query,/Traffic Anomaly/Application Layer,/Network Equipment,/Informational/Warning,/Attempt,Source
APPFW APPFW_XML_XSD_COMPILE_INIT_ERR,/Host/Application,/Communicate/Query,/Traffic Anomaly/Application Layer,/Network Equipment,/Informational/Warning,/Attempt,Source
APPFW APPFW_XML_XSD_COMPILE_LOADXSD_ERR,/Host/Application,/Communicate/Query,/Traffic Anomaly/Application Layer,/Network Equipment,/Informational/Warning,/Attempt,Source
APPFW APPFW_XML_XSD_COMPILE_NOMODEL_ERR,/Host/Application,/Communicate/Query,/Traffic Anomaly/Application Layer,/Network Equipment,/Informational/Warning,/Attempt,Source
APPFW APPFW_XML_XSD_COMPILE_PARSE_ERR,/Host/Application,/Communicate/Query,/Traffic Anomaly/Application Layer,/Network Equipment,/Informational/Warning,/Attempt,Source
APPFW APPFW_XML_XSD_COMPILE_UNEXPECTED_ERR,/Host/Application,/Communicate/Query,/Traffic Anomaly/Application Layer,/Network Equipment,/Informational/Warning,/Attempt,Source
APPFW APPFW_XML_XSS,/Host/Application,/Communicate/Query,/Traffic Anomaly/Application Layer,/Network Equipment,/Informational/Warning,/Attempt,Source
APPFW APPFW_XSS,/Host/Application,/Communicate/Query,/Traffic Anomaly/Application Layer,/Network Equipment,/Informational/Warning,/Attempt,Source
APPFW_RESP APPFW_XML_ATTACHMENT_ERR_BOUNDARY_MISMATCH,/Host/Application,/Communicate/Query,/Traffic Anomaly/Application Layer,/Network Equipment,/Informational/Warning,/Attempt,Source
APPFW_RESP APPFW_XML_ATTACHMENT_ERR_CALLBACK_NULL,/Host/Application,/Communicate/Query,/Traffic Anomaly/Application Layer,/Network Equipment,/Informational/Warning,/Attempt,Source
APPFW_RESP APPFW_XML_ATTACHMENT_ERR_CONTENT_TYPE,/Host/Application,/Communicate/Query,/Traffic Anomaly/Application Layer,/Network Equipment,/Informational/Warning,/Attempt,Source
APPFW_RESP APPFW_XML_ATTACHMENT_ERR_INVALIDHEADER,/Host/Application,/Communicate/Query,/Traffic Anomaly/Application Layer,/Network Equipment,/Informational/Warning,/Attempt,Source
APPFW_RESP APPFW_XML_ATTACHMENT_ERR_INVALID_HEADER,/Host/Application,/Communicate/Query,/Traffic Anomaly/Application Layer,/Network Equipment,/Informational/Warning,/Attempt,Source
APPFW_RESP APPFW_XML_ATTACHMENT_ERR_MAX_SIZE,/Host/Application,/Communicate/Query,/Traffic Anomaly/Application Layer,/Network Equipment,/Informational/Warning,/Attempt,Source
APPFW_RESP APPFW_XML_ATTACHMENT_FOUND,/Host/Application,/Communicate/Query,/Traffic Anomaly/Application Layer,/Network Equipment,/Informational/Warning,/Attempt,Source
APPFW_RESP APPFW_XML_DDOS_ERR_MSG_SEND_FAIL,/Host/Application,/Communicate/Query,/Traffic Anomaly/Application Layer,/Network Equipment,/Informational/Warning,/Attempt,Source
APPFW_RESP APPFW_XML_DOS_ERR_CHAR_DATA_LENGTH,/Host/Application,/Communicate/Query,/Traffic Anomaly/Application Layer,/Network Equipment,/Informational/Warning,/Attempt,Source
APPFW_RESP APPFW_XML_DOS_ERR_DTD,/Host/Application,/Communicate/Query,/Traffic Anomaly/Application Layer,/Network Equipment,/Informational/Warning,/Attempt,Source
APPFW_RESP APPFW_XML_DOS_ERR_EXT_ENTITY,/Host/Application,/Communicate/Query,/Traffic Anomaly/Application Layer,/Network Equipment,/Informational/Warning,/Attempt,Source
APPFW_RESP APPFW_XML_DOS_ERR_MAX,/Host/Application,/Communicate/Query,/Traffic Anomaly/Application Layer,/Network Equipment,/Informational/Warning,/Attempt,Source
APPFW_RESP APPFW_XML_DOS_ERR_MAX_ATTRIBUTES,/Host/Application,/Communicate/Query,/Traffic Anomaly/Application Layer,/Network Equipment,/Informational/Warning,/Attempt,Source
APPFW_RESP APPFW_XML_DOS_ERR_MAX_ATTRIBUTE_NAME_LENGTH,/Host/Application,/Communicate/Query,/Traffic Anomaly/Application Layer,/Network Equipment,/Informational/Warning,/Attempt,Source
APPFW_RESP APPFW_XML_DOS_ERR_MAX_ATTRIBUTE_VALUE_LENGTH,/Host/Application,/Communicate/Query,/Traffic Anomaly/Application Layer,/Network Equipment,/Informational/Warning,/Attempt,Source
APPFW_RESP APPFW_XML_DOS_ERR_MAX_ELEMENTS,/Host/Application,/Communicate/Query,/Traffic Anomaly/Application Layer,/Network Equipment,/Informational/Warning,/Attempt,Source
APPFW_RESP APPFW_XML_DOS_ERR_MAX_ELEMENT_CHILDREN,/Host/Application,/Communicate/Query,/Traffic Anomaly/Application Layer,/Network Equipment,/Informational/Warning,/Attempt,Source
APPFW_RESP APPFW_XML_DOS_ERR_MAX_ELEMENT_DEPTH,/Host/Application,/Communicate/Query,/Traffic Anomaly/Application Layer,/Network Equipment,/Informational/Warning,/Attempt,Source
APPFW_RESP APPFW_XML_DOS_ERR_MAX_ELEMENT_NAME_LENGTH,/Host/Application,/Communicate/Query,/Traffic Anomaly/Application Layer,/Network Equipment,/Informational/Warning,/Attempt,Source
APPFW_RESP APPFW_XML_DOS_ERR_MAX_ENTITY_EXPANSIONS,/Host/Application,/Communicate/Query,/Traffic Anomaly/Application Layer,/Network Equipment,/Informational/Warning,/Attempt,Source
APPFW_RESP APPFW_XML_DOS_ERR_MAX_ENTITY_EXPANSION_DEPTH,/Host/Application,/Communicate/Query,/Traffic Anomaly/Application Layer,/Network Equipment,/Informational/Warning,/Attempt,Source
APPFW_RESP APPFW_XML_DOS_ERR_MAX_FILE_SIZE,/Host/Application,/Communicate/Query,/Traffic Anomaly/Application Layer,/Network Equipment,/Informational/Warning,/Attempt,Source
APPFW_RESP APPFW_XML_DOS_ERR_MAX_NAMESPACES,/Host/Application,/Communicate/Query,/Traffic Anomaly/Application Layer,/Network Equipment,/Informational/Warning,/Attempt,Source
APPFW_RESP APPFW_XML_DOS_ERR_MAX_NAMESPACEURI_LENGTH,/Host/Application,/Communicate/Query,/Traffic Anomaly/Application Layer,/Network Equipment,/Informational/Warning,/Attempt,Source
APPFW_RESP APPFW_XML_DOS_ERR_MAX_NODES,/Host/Application,/Communicate/Query,/Traffic Anomaly/Application Layer,/Network Equipment,/Informational/Warning,/Attempt,Source
APPFW_RESP APPFW_XML_DOS_ERR_MIN_FILE_SIZE,/Host/Application,/Communicate/Query,/Traffic Anomaly/Application Layer,/Network Equipment,/Informational/Warning,/Attempt,Source
APPFW_RESP APPFW_XML_DOS_ERR_PI,/Host/Application,/Communicate/Query,/Traffic Anomaly/Application Layer,/Network Equipment,/Informational/Warning,/Attempt,Source
APPFW_RESP APPFW_XML_ERR_CUSTOM,/Host/Application,/Communicate/Query,/Traffic Anomaly/Application Layer,/Network Equipment,/Informational/Warning,/Attempt,Source
APPFW_RESP APPFW_XML_ERR_DDOS_CONNECT_TO_SERVER_FAILED,/Host/Application,/Communicate/Query,/Traffic Anomaly/Application Layer,/Network Equipment,/Informational/Warning,/Attempt,Source
APPFW_RESP APPFW_XML_ERR_DDOS_INTERATION_SOCKET_OPEN_FAIL,/Host/Application,/Communicate/Query,/Traffic Anomaly/Application Layer,/Network Equipment,/Informational/Warning,/Attempt,Source
APPFW_RESP APPFW_XML_ERR_DDOS_INVALID_CONFIG_FILE,/Host/Application,/Communicate/Query,/Traffic Anomaly/Application Layer,/Network Equipment,/Informational/Warning,/Attempt,Source
APPFW_RESP APPFW_XML_ERR_DDOS_NO_FOLDER_INSTALLATION_PATH,/Host/Application,/Communicate/Query,/Traffic Anomaly/Application Layer,/Network Equipment,/Informational/Warning,/Attempt,Source
APPFW_RESP APPFW_XML_ERR_DDOS_OPEN_CONFIG_FILE_FAIL,/Host/Application,/Communicate/Query,/Traffic Anomaly/Application Layer,/Network Equipment,/Informational/Warning,/Attempt,Source
APPFW_RESP APPFW_XML_ERR_DOS_TRIGGERED,/Host/Application,/Communicate/Query,/Traffic Anomaly/Application Layer,/Network Equipment,/Informational/Warning,/Attempt,Source
APPFW_RESP APPFW_XML_ERR_ENV_NOT_SET,/Host/Application,/Communicate/Query,/Traffic Anomaly/Application Layer,/Network Equipment,/Informational/Warning,/Attempt,Source
APPFW_RESP APPFW_XML_ERR_HASH_INSERT,/Host/Application,/Communicate/Query,/Traffic Anomaly/Application Layer,/Network Equipment,/Informational/Warning,/Attempt,Source
APPFW_RESP APPFW_XML_ERR_HASH_LOOKUP,/Host/Application,/Communicate/Query,/Traffic Anomaly/Application Layer,/Network Equipment,/Informational/Warning,/Attempt,Source
APPFW_RESP APPFW_XML_ERR_INITIALIZING_TOKENIZER,/Host/Application,/Communicate/Query,/Traffic Anomaly/Application Layer,/Network Equipment,/Informational/Warning,/Attempt,Source
APPFW_RESP APPFW_XML_ERR_INVALID_FILE,/Host/Application,/Communicate/Query,/Traffic Anomaly/Application Layer,/Network Equipment,/Informational/Warning,/Attempt,Source
APPFW_RESP APPFW_XML_ERR_INVALID_STATE,/Host/Application,/Communicate/Query,/Traffic Anomaly/Application Layer,/Network Equipment,/Informational/Warning,/Attempt,Source
APPFW_RESP APPFW_XML_ERR_INVALID_XPATH,/Host/Application,/Communicate/Query,/Traffic Anomaly/Application Layer,/Network Equipment,/Informational/Warning,/Attempt,Source
APPFW_RESP APPFW_XML_ERR_LOW_MEMORY,/Host/Application,/Communicate/Query,/Traffic Anomaly/Application Layer,/Network Equipment,/Informational/Warning,/Attempt,Source
APPFW_RESP APPFW_XML_ERR_MALFORMED_ADDRESS,/Host/Application,/Communicate/Query,/Traffic Anomaly/Application Layer,/Network Equipment,/Informational/Warning,/Attempt,Source
APPFW_RESP APPFW_XML_ERR_NOT_WELLFORMED,/Host/Application,/Communicate/Query,/Traffic Anomaly/Application Layer,/Network Equipment,/Informational/Warning,/Attempt,Source
APPFW_RESP APPFW_XML_ERR_NO_ATTACHMENT_BOUNDARY,/Host/Application,/Communicate/Query,/Traffic Anomaly/Application Layer,/Network Equipment,/Informational/Warning,/Attempt,Source
APPFW_RESP APPFW_XML_ERR_NO_DIME,/Host/Application,/Communicate/Query,/Traffic Anomaly/Application Layer,/Network Equipment,/Informational/Warning,/Attempt,Source
APPFW_RESP APPFW_XML_ERR_OPERATION_CALLBACK,/Host/Application,/Communicate/Query,/Traffic Anomaly/Application Layer,/Network Equipment,/Informational/Warning,/Attempt,Source
APPFW_RESP APPFW_XML_ERR_PREFIX_LENGTH_EXCEEDED,/Host/Application,/Communicate/Query,/Traffic Anomaly/Application Layer,/Network Equipment,/Informational/Warning,/Attempt,Source
APPFW_RESP APPFW_XML_ERR_READ_FAILED,/Host/Application,/Communicate/Query,/Traffic Anomaly/Application Layer,/Network Equipment,/Informational/Warning,/Attempt,Source
APPFW_RESP APPFW_XML_ERR_SOAP_FAULT,/Host/Application,/Communicate/Query,/Traffic Anomaly/Application Layer,/Network Equipment,/Informational/Warning,/Attempt,Source
APPFW_RESP APPFW_XML_ERR_STREAM_POP,/Host/Application,/Communicate/Query,/Traffic Anomaly/Application Layer,/Network Equipment,/Informational/Warning,/Attempt,Source
APPFW_RESP APPFW_XML_ERR_STREAM_PUSH,/Host/Application,/Communicate/Query,/Traffic Anomaly/Application Layer,/Network Equipment,/Informational/Warning,/Attempt,Source
APPFW_RESP APPFW_XML_ERR_UNSUPPORTED_PORT,/Host/Application,/Communicate/Query,/Traffic Anomaly/Application Layer,/Network Equipment,/Informational/Warning,/Attempt,Source
APPFW_RESP APPFW_XML_ERR_UNSUPPORTED_PROTOCOL,/Host/Application,/Communicate/Query,/Traffic Anomaly/Application Layer,/Network Equipment,/Informational/Warning,/Attempt,Source
APPFW_RESP APPFW_XML_ERR_VALIDATION_FAILED,/Host/Application,/Communicate/Query,/Traffic Anomaly/Application Layer,/Network Equipment,/Informational/Warning,/Attempt,Source
APPFW_RESP APPFW_XML_PACKET_PROCESSING_ERR_CONTEXT_NULL,/Host/Application,/Communicate/Query,/Traffic Anomaly/Application Layer,/Network Equipment,/Informational/Warning,/Attempt,Source
APPFW_RESP APPFW_XML_PACKET_PROCESSING_ERR_CONTEXT_STATE_NULL,/Host/Application,/Communicate/Query,/Traffic Anomaly/Application Layer,/Network Equipment,/Informational/Warning,/Attempt,Source
APPFW_RESP APPFW_XML_PACKET_PROCESSING_ERR_MESSAGE_CONFIG_NULL,/Host/Application,/Communicate/Query,/Traffic Anomaly/Application Layer,/Network Equipment,/Informational/Warning,/Attempt,Source
APPFW_RESP APPFW_XML_SOAP_FAULT_CONTENTS,/Host/Application,/Communicate/Query,/Traffic Anomaly/Application Layer,/Network Equipment,/Informational/Warning,/Attempt,Source
APPFW_RESP APPFW_XML_SQL,/Host/Application,/Communicate/Query,/Traffic Anomaly/Application Layer,/Network Equipment,/Informational/Warning,/Attempt,Source
APPFW_RESP APPFW_XML_VALIDATION_ERR_ABSTRACT_ELEMENT,/Host/Application,/Communicate/Query,/Traffic Anomaly/Application Layer,/Network Equipment,/Informational/Warning,/Attempt,Source
APPFW_RESP APPFW_XML_VALIDATION_ERR_ABSTRACT_TYPE,/Host/Application,/Communicate/Query,/Traffic Anomaly/Application Layer,/Network Equipment,/Informational/Warning,/Attempt,Source
APPFW_RESP APPFW_XML_VALIDATION_ERR_ADDHEADERS,/Host/Application,/Communicate/Query,/Traffic Anomaly/Application Layer,/Network Equipment,/Informational/Warning,/Attempt,Source
APPFW_RESP APPFW_XML_VALIDATION_ERR_ATTRIBUTE_MAX_OCCURS,/Host/Application,/Communicate/Query,/Traffic Anomaly/Application Layer,/Network Equipment,/Informational/Warning,/Attempt,Source
APPFW_RESP APPFW_XML_VALIDATION_ERR_ATTRIBUTE_MIN_OCCURS,/Host/Application,/Communicate/Query,/Traffic Anomaly/Application Layer,/Network Equipment,/Informational/Warning,/Attempt,Source
APPFW_RESP APPFW_XML_VALIDATION_ERR_COMPILED_WSDL,/Host/Application,/Communicate/Query,/Traffic Anomaly/Application Layer,/Network Equipment,/Informational/Warning,/Attempt,Source
APPFW_RESP APPFW_XML_VALIDATION_ERR_CONTENT_MODEL_VIOLATED,/Host/Application,/Communicate/Query,/Traffic Anomaly/Application Layer,/Network Equipment,/Informational/Warning,/Attempt,Source
APPFW_RESP APPFW_XML_VALIDATION_ERR_CORRUPT_COMPILED_WSDL,/Host/Application,/Communicate/Query,/Traffic Anomaly/Application Layer,/Network Equipment,/Informational/Warning,/Attempt,Source
APPFW_RESP APPFW_XML_VALIDATION_ERR_CORRUPT_SCHEMA,/Host/Application,/Communicate/Query,/Traffic Anomaly/Application Layer,/Network Equipment,/Informational/Warning,/Attempt,Source
APPFW_RESP APPFW_XML_VALIDATION_ERR_DATATYPE_ENGINE_INIT,/Host/Application,/Communicate/Query,/Traffic Anomaly/Application Layer,/Network Equipment,/Informational/Warning,/Attempt,Source
APPFW_RESP APPFW_XML_VALIDATION_ERR_INTERNAL,/Host/Application,/Communicate/Query,/Traffic Anomaly/Application Layer,/Network Equipment,/Informational/Warning,/Attempt,Source
APPFW_RESP APPFW_XML_VALIDATION_ERR_INVALID_ATTRIBUTE,/Host/Application,/Communicate/Query,/Traffic Anomaly/Application Layer,/Network Equipment,/Informational/Warning,/Attempt,Source
APPFW_RESP APPFW_XML_VALIDATION_ERR_INVALID_COMBINATION,/Host/Application,/Communicate/Query,/Traffic Anomaly/Application Layer,/Network Equipment,/Informational/Warning,/Attempt,Source
APPFW_RESP APPFW_XML_VALIDATION_ERR_INVALID_COMPILED_WSDL,/Host/Application,/Communicate/Query,/Traffic Anomaly/Application Layer,/Network Equipment,/Informational/Warning,/Attempt,Source
APPFW_RESP APPFW_XML_VALIDATION_ERR_INVALID_CONTENT_MODEL,/Host/Application,/Communicate/Query,/Traffic Anomaly/Application Layer,/Network Equipment,/Informational/Warning,/Attempt,Source
APPFW_RESP APPFW_XML_VALIDATION_ERR_INVALID_DATATYPE,/Host/Application,/Communicate/Query,/Traffic Anomaly/Application Layer,/Network Equipment,/Informational/Warning,/Attempt,Source
APPFW_RESP APPFW_XML_VALIDATION_ERR_INVALID_ELEMENT,/Host/Application,/Communicate/Query,/Traffic Anomaly/Application Layer,/Network Equipment,/Informational/Warning,/Attempt,Source
APPFW_RESP APPFW_XML_VALIDATION_ERR_INVALID_FILE,/Host/Application,/Communicate/Query,/Traffic Anomaly/Application Layer,/Network Equipment,/Informational/Warning,/Attempt,Source
APPFW_RESP APPFW_XML_VALIDATION_ERR_INVALID_TYPE_SUBSTITUTION,/Host/Application,/Communicate/Query,/Traffic Anomaly/Application Layer,/Network Equipment,/Informational/Warning,/Attempt,Source
APPFW_RESP APPFW_XML_VALIDATION_ERR_LOADING,/Host/Application,/Communicate/Query,/Traffic Anomaly/Application Layer,/Network Equipment,/Informational/Warning,/Attempt,Source
APPFW_RESP APPFW_XML_VALIDATION_ERR_MAX,/Host/Application,/Communicate/Query,/Traffic Anomaly/Application Layer,/Network Equipment,/Informational/Warning,/Attempt,Source
APPFW_RESP APPFW_XML_VALIDATION_ERR_NOSERVICEURL,/Host/Application,/Communicate/Query,/Traffic Anomaly/Application Layer,/Network Equipment,/Informational/Warning,/Attempt,Source
APPFW_RESP APPFW_XML_VALIDATION_ERR_NOT_SUPPORTED,/Host/Application,/Communicate/Query,/Traffic Anomaly/Application Layer,/Network Equipment,/Informational/Warning,/Attempt,Source
APPFW_RESP APPFW_XML_VALIDATION_ERR_REX_STACK_EMPTY,/Host/Application,/Communicate/Query,/Traffic Anomaly/Application Layer,/Network Equipment,/Informational/Warning,/Attempt,Source
APPFW_RESP APPFW_XML_VALIDATION_ERR_REX_STACK_OVERFLOW,/Host/Application,/Communicate/Query,/Traffic Anomaly/Application Layer,/Network Equipment,/Informational/Warning,/Attempt,Source
APPFW_RESP APPFW_XML_VALIDATION_ERR_SOAPBODY_EMPTY,/Host/Application,/Communicate/Query,/Traffic Anomaly/Application Layer,/Network Equipment,/Informational/Warning,/Attempt,Source
APPFW_RESP APPFW_XML_VALIDATION_ERR_SOAP_BODY,/Host/Application,/Communicate/Query,/Traffic Anomaly/Application Layer,/Network Equipment,/Informational/Warning,/Attempt,Source
APPFW_RESP APPFW_XML_VALIDATION_ERR_SOAP_ENVELOPE,/Host/Application,/Communicate/Query,/Traffic Anomaly/Application Layer,/Network Equipment,/Informational/Warning,/Attempt,Source
APPFW_RESP APPFW_XML_VALIDATION_ERR_SOAP_HEADER,/Host/Application,/Communicate/Query,/Traffic Anomaly/Application Layer,/Network Equipment,/Informational/Warning,/Attempt,Source
APPFW_RESP APPFW_XML_VALIDATION_ERR_UNBOUNDED_PREFIX,/Host/Application,/Communicate/Query,/Traffic Anomaly/Application Layer,/Network Equipment,/Informational/Warning,/Attempt,Source
APPFW_RESP APPFW_XML_VALIDATION_LOAD_ERR_CONTENTS_CANNOT_BE_NIL,/Host/Application,/Communicate/Query,/Traffic Anomaly/Application Layer,/Network Equipment,/Informational/Warning,/Attempt,Source
APPFW_RESP APPFW_XML_VALIDATION_LOAD_ERR_NIL_WITH_CONTENTS,/Host/Application,/Communicate/Query,/Traffic Anomaly/Application Layer,/Network Equipment,/Informational/Warning,/Attempt,Source
APPFW_RESP APPFW_XML_VALIDATOR_LOAD_ERR_ELEMENT_INVALID_DATATYPE_VALUE,/Host/Application,/Communicate/Query,/Traffic Anomaly/Application Layer,/Network Equipment,/Informational/Warning,/Attempt,Source
APPFW_RESP APPFW_XML_VALIDATOR_LOAD_ERR_ELEMENT_INVALID_LOCATION,/Host/Application,/Communicate/Query,/Traffic Anomaly/Application Layer,/Network Equipment,/Informational/Warning,/Attempt,Source
APPFW_RESP APPFW_XML_VALIDATOR_LOAD_ERR_FACET_MISMATCH,/Host/Application,/Communicate/Query,/Traffic Anomaly/Application Layer,/Network Equipment,/Informational/Warning,/Attempt,Source
APPFW_RESP APPFW_XML_VALIDATOR_LOAD_ERR_FAILED,/Host/Application,/Communicate/Query,/Traffic Anomaly/Application Layer,/Network Equipment,/Informational/Warning,/Attempt,Source
APPFW_RESP APPFW_XML_VALIDATOR_LOAD_ERR_INVALID_ATTRIBUTE_VALUE,/Host/Application,/Communicate/Query,/Traffic Anomaly/Application Layer,/Network Equipment,/Informational/Warning,/Attempt,Source
APPFW_RESP APPFW_XML_VALIDATOR_LOAD_ERR_INVALID_DATATYPE,/Host/Application,/Communicate/Query,/Traffic Anomaly/Application Layer,/Network Equipment,/Informational/Warning,/Attempt,Source
APPFW_RESP APPFW_XML_VALIDATOR_LOAD_ERR_INVALID_SCHEMA_NODE_TYPE,/Host/Application,/Communicate/Query,/Traffic Anomaly/Application Layer,/Network Equipment,/Informational/Warning,/Attempt,Source
APPFW_RESP APPFW_XML_VALIDATOR_LOAD_ERR_INVALID_VALUE_FOR_FIXED,/Host/Application,/Communicate/Query,/Traffic Anomaly/Application Layer,/Network Equipment,/Informational/Warning,/Attempt,Source
APPFW_RESP APPFW_XML_VALIDATOR_LOAD_ERR_LIST_LENGTH_GT_MAX,/Host/Application,/Communicate/Query,/Traffic Anomaly/Application Layer,/Network Equipment,/Informational/Warning,/Attempt,Source
APPFW_RESP APPFW_XML_VALIDATOR_LOAD_ERR_LIST_LENGTH_INVALID,/Host/Application,/Communicate/Query,/Traffic Anomaly/Application Layer,/Network Equipment,/Informational/Warning,/Attempt,Source
APPFW_RESP APPFW_XML_VALIDATOR_LOAD_ERR_LIST_LENGTH_LT_MIN,/Host/Application,/Communicate/Query,/Traffic Anomaly/Application Layer,/Network Equipment,/Informational/Warning,/Attempt,Source
APPFW_RESP APPFW_XML_VALIDATOR_LOAD_ERR_MAX,/Host/Application,/Communicate/Query,/Traffic Anomaly/Application Layer,/Network Equipment,/Informational/Warning,/Attempt,Source
APPFW_RESP APPFW_XML_VALIDATOR_LOAD_ERR_REQUIRED_ATTRIBUTE,/Host/Application,/Communicate/Query,/Traffic Anomaly/Application Layer,/Network Equipment,/Informational/Warning,/Attempt,Source
APPFW_RESP APPFW_XML_VALIDATOR_LOAD_ERR_SCHEMA_COMPILATION,/Host/Application,/Communicate/Query,/Traffic Anomaly/Application Layer,/Network Equipment,/Informational/Warning,/Attempt,Source
APPFW_RESP APPFW_XML_VALIDATOR_LOAD_ERR_WSDL_COMPILATION,/Host/Application,/Communicate/Query,/Traffic Anomaly/Application Layer,/Network Equipment,/Informational/Warning,/Attempt,Source
APPFW_RESP APPFW_XML_WSI_ERR_ACCELEMENTNAMESPACED,/Host/Application,/Communicate/Query,/Traffic Anomaly/Application Layer,/Network Equipment,/Informational/Warning,/Attempt,Source
APPFW_RESP APPFW_XML_WSI_ERR_ARRAYTYPE,/Host/Application,/Communicate/Query,/Traffic Anomaly/Application Layer,/Network Equipment,/Informational/Warning,/Attempt,Source
APPFW_RESP APPFW_XML_WSI_ERR_BAD_ENV_NAMESPACE,/Host/Application,/Communicate/Query,/Traffic Anomaly/Application Layer,/Network Equipment,/Informational/Warning,/Attempt,Source
APPFW_RESP APPFW_XML_WSI_ERR_BINDINGFAULTRESP,/Host/Application,/Communicate/Query,/Traffic Anomaly/Application Layer,/Network Equipment,/Informational/Warning,/Attempt,Source
APPFW_RESP APPFW_XML_WSI_ERR_BODY_CHILD_NAMESPACE,/Host/Application,/Communicate/Query,/Traffic Anomaly/Application Layer,/Network Equipment,/Informational/Warning,/Attempt,Source
APPFW_RESP APPFW_XML_WSI_ERR_BODY_ENV_NAMESPACE,/Host/Application,/Communicate/Query,/Traffic Anomaly/Application Layer,/Network Equipment,/Informational/Warning,/Attempt,Source
APPFW_RESP APPFW_XML_WSI_ERR_CHILDAFTERBODY,/Host/Application,/Communicate/Query,/Traffic Anomaly/Application Layer,/Network Equipment,/Informational/Warning,/Attempt,Source
APPFW_RESP APPFW_XML_WSI_ERR_CLAIM_MUSTUNDERSTAND,/Host/Application,/Communicate/Query,/Traffic Anomaly/Application Layer,/Network Equipment,/Informational/Warning,/Attempt,Source
APPFW_RESP APPFW_XML_WSI_ERR_CTXT_NULL,/Host/Application,/Communicate/Query,/Traffic Anomaly/Application Layer,/Network Equipment,/Informational/Warning,/Attempt,Source
APPFW_RESP APPFW_XML_WSI_ERR_DOCTYPEALLOWED,/Host/Application,/Communicate/Query,/Traffic Anomaly/Application Layer,/Network Equipment,/Informational/Warning,/Attempt,Source
APPFW_RESP APPFW_XML_WSI_ERR_DOT_NOTATION,/Host/Application,/Communicate/Query,/Traffic Anomaly/Application Layer,/Network Equipment,/Informational/Warning,/Attempt,Source
APPFW_RESP APPFW_XML_WSI_ERR_ENCODINGSTYLE,/Host/Application,/Communicate/Query,/Traffic Anomaly/Application Layer,/Network Equipment,/Informational/Warning,/Attempt,Source
APPFW_RESP APPFW_XML_WSI_ERR_ENCODINGSTYLECHILD,/Host/Application,/Communicate/Query,/Traffic Anomaly/Application Layer,/Network Equipment,/Informational/Warning,/Attempt,Source
APPFW_RESP APPFW_XML_WSI_ERR_ENCODINGSTYLEGRANDCHILD,/Host/Application,/Communicate/Query,/Traffic Anomaly/Application Layer,/Network Equipment,/Informational/Warning,/Attempt,Source
APPFW_RESP APPFW_XML_WSI_ERR_ENVELEMENTSNOATTRIBUTES,/Host/Application,/Communicate/Query,/Traffic Anomaly/Application Layer,/Network Equipment,/Informational/Warning,/Attempt,Source
APPFW_RESP APPFW_XML_WSI_ERR_ENVNONAMESPACE,/Host/Application,/Communicate/Query,/Traffic Anomaly/Application Layer,/Network Equipment,/Informational/Warning,/Attempt,Source
APPFW_RESP APPFW_XML_WSI_ERR_GOODRESPONSE200,/Host/Application,/Communicate/Query,/Traffic Anomaly/Application Layer,/Network Equipment,/Informational/Warning,/Attempt,Source
APPFW_RESP APPFW_XML_WSI_ERR_HEADER_HAS_WSICLAIM,/Host/Application,/Communicate/Query,/Traffic Anomaly/Application Layer,/Network Equipment,/Informational/Warning,/Attempt,Source
APPFW_RESP APPFW_XML_WSI_ERR_HTTP,/Host/Application,/Communicate/Query,/Traffic Anomaly/Application Layer,/Network Equipment,/Informational/Warning,/Attempt,Source
APPFW_RESP APPFW_XML_WSI_ERR_ISHTTPPOST,/Host/Application,/Communicate/Query,/Traffic Anomaly/Application Layer,/Network Equipment,/Informational/Warning,/Attempt,Source
APPFW_RESP APPFW_XML_WSI_ERR_ISUTF8OR16,/Host/Application,/Communicate/Query,/Traffic Anomaly/Application Layer,/Network Equipment,/Informational/Warning,/Attempt,Source
APPFW_RESP APPFW_XML_WSI_ERR_MSGHASALLHEADERS,/Host/Application,/Communicate/Query,/Traffic Anomaly/Application Layer,/Network Equipment,/Informational/Warning,/Attempt,Source
APPFW_RESP APPFW_XML_WSI_ERR_MUSTUNDERSTAND,/Host/Application,/Communicate/Query,/Traffic Anomaly/Application Layer,/Network Equipment,/Informational/Warning,/Attempt,Source
APPFW_RESP APPFW_XML_WSI_ERR_NODEPLOYED,/Host/Application,/Communicate/Query,/Traffic Anomaly/Application Layer,/Network Equipment,/Informational/Warning,/Attempt,Source
APPFW_RESP APPFW_XML_WSI_ERR_NOENVELOPEWSDLMATCH,/Host/Application,/Communicate/Query,/Traffic Anomaly/Application Layer,/Network Equipment,/Informational/Warning,/Attempt,Source
APPFW_RESP APPFW_XML_WSI_ERR_NONPOSTREQUEST,/Host/Application,/Communicate/Query,/Traffic Anomaly/Application Layer,/Network Equipment,/Informational/Warning,/Attempt,Source
APPFW_RESP APPFW_XML_WSI_ERR_NONXMLREQUEST,/Host/Application,/Communicate/Query,/Traffic Anomaly/Application Layer,/Network Equipment,/Informational/Warning,/Attempt,Source
APPFW_RESP APPFW_XML_WSI_ERR_NOPORTURL,/Host/Application,/Communicate/Query,/Traffic Anomaly/Application Layer,/Network Equipment,/Informational/Warning,/Attempt,Source
APPFW_RESP APPFW_XML_WSI_ERR_NOREQWSDLMATCH,/Host/Application,/Communicate/Query,/Traffic Anomaly/Application Layer,/Network Equipment,/Informational/Warning,/Attempt,Source
APPFW_RESP APPFW_XML_WSI_ERR_NORESPWSDLMATCH,/Host/Application,/Communicate/Query,/Traffic Anomaly/Application Layer,/Network Equipment,/Informational/Warning,/Attempt,Source
APPFW_RESP APPFW_XML_WSI_ERR_NOWSDLDEPLOYED,/Host/Application,/Communicate/Query,/Traffic Anomaly/Application Layer,/Network Equipment,/Informational/Warning,/Attempt,Source
APPFW_RESP APPFW_XML_WSI_ERR_ONEWAYRESPONSE,/Host/Application,/Communicate/Query,/Traffic Anomaly/Application Layer,/Network Equipment,/Informational/Warning,/Attempt,Source
APPFW_RESP APPFW_XML_WSI_ERR_RESPONSESTATUS200OR202,/Host/Application,/Communicate/Query,/Traffic Anomaly/Application Layer,/Network Equipment,/Informational/Warning,/Attempt,Source
APPFW_RESP APPFW_XML_WSI_ERR_RESPONSEWRAPPED,/Host/Application,/Communicate/Query,/Traffic Anomaly/Application Layer,/Network Equipment,/Informational/Warning,/Attempt,Source
APPFW_RESP APPFW_XML_WSI_ERR_SOAPACTIONHEADERMATCH,/Host/Application,/Communicate/Query,/Traffic Anomaly/Application Layer,/Network Equipment,/Informational/Warning,/Attempt,Source
APPFW_RESP APPFW_XML_WSI_ERR_SOAPACTIONQUOTED,/Host/Application,/Communicate/Query,/Traffic Anomaly/Application Layer,/Network Equipment,/Informational/Warning,/Attempt,Source
APPFW_RESP APPFW_XML_WSI_ERR_SOAPFAULTALLOWEDCHILD,/Host/Application,/Communicate/Query,/Traffic Anomaly/Application Layer,/Network Equipment,/Informational/Warning,/Attempt,Source
APPFW_RESP APPFW_XML_WSI_ERR_SOAPFAULTCHILDQ,/Host/Application,/Communicate/Query,/Traffic Anomaly/Application Layer,/Network Equipment,/Informational/Warning,/Attempt,Source
APPFW_RESP APPFW_XML_WSI_ERR_SOAPFAULTINHTTP,/Host/Application,/Communicate/Query,/Traffic Anomaly/Application Layer,/Network Equipment,/Informational/Warning,/Attempt,Source
APPFW_RESP APPFW_XML_WSI_ERR_SOAPFAULTNONENV,/Host/Application,/Communicate/Query,/Traffic Anomaly/Application Layer,/Network Equipment,/Informational/Warning,/Attempt,Source
APPFW_RESP APPFW_XML_WSI_ERR_SOAPGOODXML10,/Host/Application,/Communicate/Query,/Traffic Anomaly/Application Layer,/Network Equipment,/Informational/Warning,/Attempt,Source
APPFW_RESP APPFW_XML_WSI_ERR_STDFAULTCODE,/Host/Application,/Communicate/Query,/Traffic Anomaly/Application Layer,/Network Equipment,/Informational/Warning,/Attempt,Source
APPFW_RESP APPFW_XML_WSI_ERR_USEHTTP10OR11,/Host/Application,/Communicate/Query,/Traffic Anomaly/Application Layer,/Network Equipment,/Informational/Warning,/Attempt,Source
APPFW_RESP APPFW_XML_WSI_ERR_USEHTTP11,/Host/Application,/Communicate/Query,/Traffic Anomaly/Application Layer,/Network Equipment,/Informational/Warning,/Attempt,Source
APPFW_RESP APPFW_XML_WSI_ERR_WSICLAIMSWELLFORMED,/Host/Application,/Communicate/Query,/Traffic Anomaly/Application Layer,/Network Equipment,/Informational/Warning,/Attempt,Source
APPFW_RESP APPFW_XML_WSI_ERR_WSI_LIST_NULL,/Host/Application,/Communicate/Query,/Traffic Anomaly/Application Layer,/Network Equipment,/Informational/Warning,/Attempt,Source
APPFW_RESP APPFW_XML_WSI_ERR_XMLPI,/Host/Application,/Communicate/Query,/Traffic Anomaly/Application Layer,/Network Equipment,/Informational/Warning,/Attempt,Source
APPFW_RESP APPFW_XML_WSI_ERR_XSINIL,/Host/Application,/Communicate/Query,/Traffic Anomaly/Application Layer,/Network Equipment,/Informational/Warning,/Attempt,Source
APPFW_RESP APPFW_XML_XSD_COMPILE_INIT_ERR,/Host/Application,/Communicate/Query,/Traffic Anomaly/Application Layer,/Network Equipment,/Informational/Warning,/Attempt,Source
APPFW_RESP APPFW_XML_XSD_COMPILE_LOADXSD_ERR,/Host/Application,/Communicate/Query,/Traffic Anomaly/Application Layer,/Network Equipment,/Informational/Warning,/Attempt,Source
APPFW_RESP APPFW_XML_XSD_COMPILE_NOMODEL_ERR,/Host/Application,/Communicate/Query,/Traffic Anomaly/Application Layer,/Network Equipment,/Informational/Warning,/Attempt,Source
APPFW_RESP APPFW_XML_XSD_COMPILE_PARSE_ERR,/Host/Application,/Communicate/Query,/Traffic Anomaly/Application Layer,/Network Equipment,/Informational/Warning,/Attempt,Source
APPFW_RESP APPFW_XML_XSD_COMPILE_UNEXPECTED_ERR,/Host/Application,/Communicate/Query,/Traffic Anomaly/Application Layer,/Network Equipment,/Informational/Warning,/Attempt,Source
APPFW_RESP APPFW_XML_XSS,/Host/Application,/Communicate/Query,/Traffic Anomaly/Application Layer,/Network Equipment,/Informational/Warning,/Attempt,Source
CVPN CVPN_INPUT_URL,/Host/Application,/Execute/Response,,/Network Equipment,/Informational,/Success,Source
CVPN CVPN_MATCHED_URL,/Host/Application,/Execute/Response,,/Network Equipment,/Informational,/Success,Source
CVPN CVPN_PCRE_ERROR,/Host/Application,/Execute/Response,,/Network Equipment,/Informational/Error,/Success,Source
CVPN CVPN_REWRITTEN_URL,/Host/Application,/Execute/Response,,/Network Equipment,/Informational,/Success,Source
DR_HA Message,,,,/Network Equipment,,,Source
EVENT ALERTENDED,/Host/Application,/Modify/Attribute,,/Network Equipment,/Informational/Alert,/Success,Source
EVENT ALERTSTARTED,/Host/Application,/Modify/Attribute,,/Network Equipment,/Informational/Alert,/Success,Source
EVENT CACHESTARTFLUSH,/Host/Application/Service,/Modify/Content,,/Network Equipment,/Informational,/Success,Source
EVENT CACHESTOPFLUSH,/Host/Application/Service,/Modify/Content,,/Network Equipment,/Informational,/Success,Source
EVENT CONFIGEND,/Host/Application,/Modify/Configuration,,/Network Equipment,/Informational,/Success,Source
EVENT CONFIGSTART,/Host/Application,/Modify/Configuration,,/Network Equipment,/Informational,/Success,Source
EVENT DEVICEDOWN,/Host,/Execute/Stop,,/Network Equipment,/Informational/Alert,/Success,Source
EVENT DEVICEOFS,/Host,/Execute/Stop,,/Network Equipment,/Informational/Alert,/Success,Source
EVENT DEVICEUP,/Host,/Execute/Start,,/Network Equipment,/Informational/Alert,/Success,Source
EVENT FREEBADMEM,/Host/Resource/Memory,/Execute,,/Network Equipment,/Informational/Alert,/Success,Source
EVENT FREEDUPMEM,/Host/Resource/Memory,/Execute,,/Network Equipment,/Informational/Alert,/Success,Source
EVENT FREEEXTMEM,/Host/Resource/Memory,/Execute,,/Network Equipment,/Informational/Alert,/Success,Source
EVENT MONITORDOWN,/Host/Application/Service,/Execute/Stop,,/Network Equipment,/Informational,/Success,Source
EVENT MONITORTH,/Host/Application/Service,,,/Network Equipment,,,Source
EVENT MONITORUP,/Host/Application/Service,/Execute/Start,,/Network Equipment,,/Success,Source
EVENT NICHANG,/Host/Resource/Interface,/Found/Defective,,/Network Equipment,/Informational/Warning,/Success,Source
EVENT NICLACPSC,/Host/Resource/Interface,,,/Network Equipment,/Informational,,Source
EVENT NICLOW_THROUGHPUT,/Host/Resource/Interface,/Communicate,/Traffic Anomaly/Network Layer,/Network Equipment,/Informational/Warning,/Failure,Source
EVENT NICMIGRATE,/Host/Resource/Interface,/Modify/Attribute,,/Network Equipment,/Informational/Warning,/Success,Source
EVENT NICNORMAL_THROUGHPUT,/Host/Resource/Interface,/Found,/Traffic Anomaly/Network Layer,/Network Equipment,/Normal,/Success,Source
EVENT NICRESET,/Host/Resource/Interface,,,/Network Equipment,,,Source
EVENT NICSTART,/Host/Resource/Interface,/Access/Start,,/Network Equipment,/Informational,/Success,Source
EVENT NICSTOP,/Host/Resource/Interface,/Access/Stop,,/Network Equipment,/Informational,/Success,Source
EVENT PROPFAIL,/Host/Application/Service,/Execute/Start,,/Network Equipment,/Informational/Error,/Failure,Source
EVENT PROPSUCCESS,/Host/Application/Service,/Execute/Start,,/Network Equipment,/Informational/Error,/Success,Source
EVENT ROUTEDOWN,/Host/Application,/Communicate,,/Network Equipment,/Informational/Error,/Failure,Source
EVENT ROUTEUP,/Host/Application,/Communicate,,/Network Equipment,/Informational/Error,/Success,Source
EVENT STARTCPU,/Host/Resource/CPU,/Execute/Start,,/Network Equipment,/Informational,/Success,Source
EVENT STARTSAVECONFIG,/Host/Application,/Modify/Configuration,,/Network Equipment,/Informational,/Attempt,Source
EVENT STARTSYS,/Host/Application,/Execute/Start,,/Network Equipment,/Informational,/Success,Source
EVENT STATECHANGE,/Host/Resource,/Modify,,/Network Equipment,/Informational,/Success,Source
EVENT STOPSAVECONFIG,/Host/Application,/Modify/Configuration,,/Network Equipment,/Informational,/Success,Source
EVENT STOPSYS,/Host/Application,/Execute/Stop,,/Network Equipment,/Informational,/Success,Source
EVENT UNKNOWN,,,,/Network Equipment,,,Source
EVENT VIPRHIDOWN,/Host/Application/Service,/Access/Stop,,/Network Equipment,/Informational,/Success,Source
EVENT VIPRHIUP,/Host/Application/Service,/Access/Start,,/Network Equipment,/Informational,/Success,Source
EVENT VRID6DOWN,/Host/Application/Service,/Access/Stop,,/Network Equipment,/Informational,/Success,Source
EVENT VRIDDOWN,/Host/Application/Service,/Access/Stop,,/Network Equipment,/Informational,/Success,Source
EVENT VRIDINIT,/Host/Application/Service,/Access/Start,,/Network Equipment,/Informational,/Success,Source
EVENT VRIDUP,/Host/Application/Service,/Access/Start,,/Network Equipment,/Informational,/Success,Source
PITBOSS Message,/Host/Application,/Execute/Response,,/Network Equipment,/Informational,/Success,Source
PITBOSS PB_PROCESS_RESTART,/Host/Application/Service,/Access/Start,,/Network Equipment,/Informational,/Success,Source
PITBOSS PB_SYSTEM_RESTART,/Host/Application/Service,/Access/Start,,/Network Equipment,/Informational,/Success,Source
PITBOSS PITBOSS,/Host/Application/Service,/Access/Start,,/Network Equipment,/Informational,/Success,Source
PITBOSS PITBOSS xxx,/Host/Application/Service,/Access/Start,,/Network Equipment,/Informational,/Success,Source
ROUTING Message,/Host/Application,/Execute/Response,,/Network Equipment,/Informational,/Success,Source
ROUTING PAL,/Host/Application,/Execute/Response,,/Network Equipment,/Informational,/Success,Source
ROUTING ROUTE_ADVERTISED,/Host/Application,/Communicate/Response,,/Network Equipment,/Informational,/Success,Source
ROUTING ROUTE_HASTATE,/Host/Application,/Communicate/Response,,/Network Equipment,/Informational,/Success,Source
ROUTING ROUTE_RELEARN,/Host/Application,/Communicate/Response,,/Network Equipment,/Informational,/Success,Source
ROUTING ROUTE_WITHDRAWN,/Host/Application,/Communicate/Response,,/Network Equipment,/Informational,/Success,Source
ROUTING ZEBOS_CMD_EXECUTED,/Host/Application,/Execute,,/Network Equipment,/Informational,/Success,Source
SNMP TRAP_SENT,/Host/Application,/Communicate,,/Network Equipment,/Informational,/Success,Source
SSLLOG SSL_CERT_EXPIRY_IMMINENT,/Host/Application,/Communicate/Response,,/Network Equipment,/Informational/Warning,/Success,Source
SSLLOG SSL_CRL_UPDATE_FAILURE,/Host/Application,/Modify/Configuration,,/Network Equipment,/Informational/Warning,/Failure,Source
SSLLOG SSL_CRL_UPDATE_SUCCESS,/Host/Application,/Modify/Configuration,,/Network Equipment,/Informational/Warning,/Success,Source
SSLLOG SSL_HANDSHAKE_FAILURE,/Host/Application,/Communicate,,/Network Equipment,/Informational,/Failure,Source
SSLLOG SSL_HANDSHAKE_ISSUERNAME,/Host/Application,/Communicate,,/Network Equipment,/Informational,/Success,Source
SSLLOG SSL_HANDSHAKE_SUBJECTNAME,/Host/Application,/Communicate,,/Network Equipment,/Informational,/Success,Source
SSLLOG SSL_HANDSHAKE_SUCCESS,/Host/Application,/Communicate,,/Network Equipment,/Informational,/Success,Source
SSLVPN CLISEC_CHECK,/Host/Application/Service,/Execute,,/Network Equipment,/Informational,/Success,Source
SSLVPN CLISEC_EXP_EVAL,/Host/Application/Service,/Execute,,/Network Equipment,/Informational,/Success,Source
SSLVPN HTTPREQUEST,/Host/Application,/Communicate/Query,,/Network Equipment,/Informational,/Attempt,Source
SSLVPN HTTP_RESOURCEACCESS_DENIED,/Host/Application,/Communicate/Query,,/Network Equipment,/Informational,/Failure,Source
SSLVPN ICAEND_CONNSTAT,/Host/Application/Service,/Communicate/Query,,/Network Equipment,/Informational,/Success,Source
SSLVPN ICASTART,/Host/Application/Service,/Execute/Start,,/Network Equipment,/Informational,/Success,Source
SSLVPN LICLMT_REACHED,/Host/Application/Service,/Found/Exhausted,,/Network Equipment,/Informational/Warning,/Failure,Source
SSLVPN LOGIN,/Actor/User,/Authentication/Verify,,/Network Equipment,/Normal,/Success,Source
SSLVPN LOGOUT,/Actor/User,/Access/Stop,,/Network Equipment,/Informational,/Success,Source
SSLVPN NONHTTP_RESOURCEACCESS_DENIED,/Actor/User,/Access,,/Network Equipment,/Informational/Warning,/Failure,Source
SSLVPN STA_VALIDATE_RESP,/Host/Application,/Communicate/Query,,/Network Equipment,/Informational,/Success,Source
SSLVPN TCPCONNSTAT,/Host/Application,/Communicate/Query,,/Network Equipment,/Informational,/Attempt,Source
SSLVPN TCPCONN_TIMEDOUT,/Host/Application,/Communicate,,/Network Equipment,/Informational,/Failure,Source
SSLVPN UDPFLOWSTAT,/Host/Application,/Communicate/Response,,/Network Equipment,/Informational,/Success,Source
TCP CONN_DELINK,/Host/Resource/Interface,/Access/Stop,,/Network Equipment,/Informational/Warning,/Success,Source
TCP CONN_TERMINATE,/Host/Resource/Interface,/Access/Stop,,/Network Equipment,/Informational/Warning,/Success,Source
TCP OTHERCONN_DELINK,/Host/Resource/Interface,/Access/Stop,,/Network Equipment,/Informational/Warning,/Success,Source
TRANSFORM ACTION_MATCH,/Host/Application,/Modify,,/Network Equipment,/Informational,/Success,Source
TRANSFORM ACTION_MISMATCH,/Host/Application,/Modify,,/Network Equipment,/Informational,/Success,Source
TRANSFORM BODY_FRAG,/Host/Application,/Modify,,/Network Equipment,/Informational,/Success,Source
TRANSFORM FILE_REQUEST,/Host/Application,/Modify,,/Network Equipment,/Informational,/Success,Source
TRANSFORM PCRE_ERROR,/Host/Application,/Modify,,/Network Equipment,/Informational,/Success,Source
TRANSFORM REQ_HEADER,/Host/Application,/Modify,,/Network Equipment,/Informational,/Success,Source
TRANSFORM REQ_PARSE_ERROR,/Host/Application,/Modify,,/Network Equipment,/Informational,/Success,Source
TRANSFORM REQ_WRITE_ERROR,/Host/Application,/Modify,,/Network Equipment,/Informational,/Success,Source
TRANSFORM RESP_HEADER,/Host/Application,/Modify,,/Network Equipment,/Informational,/Success,Source
UI CMD_EXECUTED,/Actor/User,/Execute/Start,,/Network Equipment,/Normal,/Success,Source