event.deviceAction,set.event.name,set.event.deviceEventClassId
REQ,requested,requested
INT,initial,initial
ACC,accepted,accepted
EST,established,established
CON,connected,connected
CLO,closed,closed
TIM,timeout,timeout
ECO,echo request,echo request
ECR,echo reply,echo reply
URF,unreachable need,unreachable need
URH,unreachable host,unreachable host
URN,unreachable network,unreachable network
URO,unreachable protocol,unreachable protocol
URP,unreachable port,unreachable port
URS,unreachable source failed,unreachable source
SRC,source quench,source quench
RED,redirect,redirect
PAR,parameter problem,parameter problem
TST,timestamp request,timestamp request
TSR,timestamp reply,timestamp reply
IRQ,information request,information request
IRR,information reply,information reply
MAS,mask request,mask request
MSR,mask reply,mask reply
RST,connection reset,connection reset
FIN,connection closed,connection closed